Id,Name,Address,District,City,Latitude,Longitude,AvgRating,TotalReviews,TotalPictures,TotalViews,PriceMin,PriceMax,PriceRangeDisplay,Phone,IsOpening,HasDelivery,HasBooking,HasPromotion,PromotionTitle,Categories,Cuisines,PhotoUrl,FoodyUrl,DeliveryUrl
934233,Bông Food & Drink - Núi Thành,"500 Núi Thành, P. Hòa Cường Nam, Quận Hải Châu, Đà Nẵng",Quận Hải Châu,Đà Nẵng,16.035682,108.222473,6.096,27,38,0,,,,0937974223,True,False,False,False,,Café/Dessert,Món Việt,https://down-vn.img.susercontent.com/vn-11134513-7r98o-lsu7wqzqq4rdd2@resize_ss640x400,https://www.foody.vn/da-nang/bong-food-drink-nui-thanh,/da-nang/bong-food-drink-nui-thanh/goi-mon
647980,Bếp Bố Nhiên - Bún Chả Hà Nội & Bún Đậu Mắm Tôm,"135 Hà Huy Tập, Quận Thanh Khê, Đà Nẵng",Quận Thanh Khê,Đà Nẵng,16.0645878,108.1921014,7.42,10,39,0,,,,Đang cập nhật,True,False,False,False,,Ăn vặt/vỉa hè,Món Bắc,https://down-vn.img.susercontent.com/vn-11134513-7ra0g-m8tvz2x2dq4idc@resize_ss640x400,https://www.foody.vn/da-nang/bep-bo-nhien-bun-cha-ha-noi-bun-dau-mam-tom,/da-nang/bep-bo-nhien-bun-cha-ha-noi-bun-dau-mam-tom/goi-mon
656227,Bún Bò Dì Hồng,"135 Nguyễn Công Trứ, P. An Hải Bắc, Quận Sơn Trà, Đà Nẵng",Quận Sơn Trà,Đà Nẵng,16.0671,108.2351951,6.802,3,10,0,,,,0944 612 288,True,False,False,False,,Quán ăn,Món Miền Trung,https://down-vn.img.susercontent.com/vn-11134513-7r98o-lstzxx6bb4xw7e@resize_ss640x400,https://www.foody.vn/da-nang/bun-bo-di-hong,/da-nang/bun-bo-di-hong/goi-mon
277962,Cơm Gà Như Ngọc,"47 Dương Thị Xuân Quý, P. Mỹ An, Quận Ngũ Hành Sơn, Đà Nẵng",Quận Ngũ Hành Sơn,Đà Nẵng,16.0417761,108.243975,4.458,7,21,0,,,,0913 045 607,True,False,False,False,,Quán ăn,Món Việt,https://down-vn.img.susercontent.com/vn-11134513-7r98o-lstxzoc9ya3d0d@resize_ss640x400,https://www.foody.vn/da-nang/hong-ngoc-com-ga,/da-nang/hong-ngoc-com-ga/goi-mon
7915,Bún Chả Cá Hờn - Nguyễn Chí Thanh,"113/3 Nguyễn Chí Thanh, P. Hải Châu 1, Quận Hải Châu, Đà Nẵng",Quận Hải Châu,Đà Nẵng,16.0741662,108.2210364,7.644,120,296,0,,,,0906 135 252 - (0236) 3 810 337,True,False,False,False,,Quán ăn,Món Miền Trung,https://down-vn.img.susercontent.com/vn-11134513-7r98o-lstq4gxtor7o63@resize_ss640x400,https://www.foody.vn/da-nang/hon-bun-cha-ca,/da-nang/hon-bun-cha-ca/goi-mon
944440,Vo Nhu Ngoc - Chân Gà Sốt Thái - Dương Đình Nghệ,"282/4 Dương Đình Nghệ, P. An Hải Bắc, Quận Sơn Trà, Đà Nẵng",Quận Sơn Trà,Đà Nẵng,16.0711554,108.2321563,9.4,1,2,0,,,,Đang cập nhật,True,False,False,False,,Shop Online,Món Việt,https://down-vn.img.susercontent.com/vn-11134513-7r98o-lsu8565j34jof9@resize_ss640x400,https://www.foody.vn/da-nang/vo-nhu-ngoc-chan-ga-sot-thai-duong-dinh-nghe,/da-nang/vo-nhu-ngoc-chan-ga-sot-thai-duong-dinh-nghe/goi-mon
41442,Bà Tình - Bánh Xèo Miền Trung - Hoàng Diệu,"280/14 Hoàng Diệu, P. Bình Hiên, Quận Hải Châu, Đà Nẵng",Quận Hải Châu,Đà Nẵng,16.0588819,108.217014,7.316,24,117,0,,,,Đang cập nhật,True,False,False,False,,Quán ăn,Món Quảng,https://down-vn.img.susercontent.com/vn-11134513-7r98o-lstri6tog3a18c@resize_ss640x400,https://www.foody.vn/da-nang/banh-xeo-mien-trung-hoang-dieu,/da-nang/banh-xeo-mien-trung-hoang-dieu/goi-mon
1000000329,Tré Trộn Tam Giác - Ông Ích Khiêm,"164 Ông Ích Khiêm, P. Xuân Hà, Quận Thanh Khê, Đà Nẵng",Quận Thanh Khê,Đà Nẵng,16.073664,108.213429,5.0,2,21,0,,,,Đang cập nhật,True,False,False,False,,Shop Online,Món Việt,https://down-vn.img.susercontent.com/vn-11134513-7r98o-lsvdr965knfd16@resize_ss640x400,https://www.foody.vn/da-nang/tre-tron-tam-giac-ong-ich-khiem,/da-nang/tre-tron-tam-giac-ong-ich-khiem/goi-mon
84779,Bánh Xèo Lipton,"280/21 Hoàng Diệu, P. Nam Dương, Quận Hải Châu, Đà Nẵng",Quận Hải Châu,Đà Nẵng,16.058944,108.217134,7.6,30,65,0,,,,Đang cập nhật,True,False,False,False,,Quán ăn,Món Việt,https://down-vn.img.susercontent.com/vn-11134513-7r98o-lsts8jmxxnyx68@resize_ss640x400,https://www.foody.vn/da-nang/banh-xeo-lipton,/da-nang/banh-xeo-lipton/goi-mon
897425,Lò Bánh Bèo Thảo,"K64/2 Pasteur, P. Hải Châu 1 (Nhà Trong Hẽm Caphe Tâm), Quận Hải Châu, Đà Nẵng",Quận Hải Châu,Đà Nẵng,16.069885,108.217856,9.0,1,13,0,,,,0774907449,True,False,False,False,,Shop Online,,https://down-vn.img.susercontent.com/vn-11134513-7r98o-lsu774b2yowp68@resize_ss640x400,https://www.foody.vn/da-nang/lo-banh-beo-thao,/da-nang/lo-banh-beo-thao/goi-mon
150789,Phố Cổ Hà Nội - Nem Chua Rán Số 1 - Ngô Thì Nhậm,"43 Ngô Thì Nhậm, P. Hòa Khánh Bắc, Quận Liên Chiểu, Đà Nẵng",Quận Liên Chiểu,Đà Nẵng,16.07097,108.154934,7.182,62,247,0,,,,Đang cập nhật,False,False,False,False,,Ăn vặt/vỉa hè,Hà Nội,https://down-vn.img.susercontent.com/vn-11134513-7r98o-lstufbdc6l5l4f@resize_ss640x400,https://www.foody.vn/da-nang/pho-co-ha-noi-nem-chua-ran-so-1-ngo-thi-nham,/da-nang/pho-co-ha-noi-nem-chua-ran-so-1-ngo-thi-nham/goi-mon
1027161,Bonchon Chicken - Lê Hồng Phong,"12 Lê Hồng Phong, P. Phước Ninh, Quận Hải Châu, Đà Nẵng",Quận Hải Châu,Đà Nẵng,16.0641704,108.22296,8.278,8,48,0,,,,Đang cập nhật,True,False,False,False,,Nhà hàng,Món Việt,https://down-vn.img.susercontent.com/vn-11134513-7r98o-lsua95ewd4n84a@resize_ss640x400,https://www.foody.vn/da-nang/bonchon-chicken-le-hong-phong,/da-nang/bonchon-chicken-le-hong-phong/goi-mon
1002322,CM Chicken - Gà Rán Hàn Quốc - Hồ Nghinh,"170 Hồ Nghinh, P. Phước Mỹ, Quận Sơn Trà, Đà Nẵng",Quận Sơn Trà,Đà Nẵng,16.0719984,108.2428646,9.58,10,87,0,,,,0349894989,False,False,False,False,,Nhà hàng,Món Hàn,https://down-vn.img.susercontent.com/vn-11134513-7r98o-lsu9gxdl7lax2b@resize_ss640x400,https://www.foody.vn/da-nang/cm-chicken-ga-ran-han-quoc-ho-nghinh,/da-nang/cm-chicken-ga-ran-han-quoc-ho-nghinh/goi-mon
109547,Bún Chả Cá Hà,"75 Huỳnh Thúc Kháng, P. Nam Dương, Quận Hải Châu, Đà Nẵng",Quận Hải Châu,Đà Nẵng,16.05978,108.218331,7.946,11,84,0,,,,0935 557 801,True,False,False,False,,Quán ăn,Món Quảng,https://down-vn.img.susercontent.com/vn-11134513-7r98o-lstsz7xmnnic51@resize_ss640x400,https://www.foody.vn/da-nang/bun-cha-ca-ha-huynh-thuc-khang,/da-nang/bun-cha-ca-ha-huynh-thuc-khang/goi-mon
125877,Chè Liên Đà Nẵng - Chè Sầu Liên - Lê Thanh Nghị,"37 Lê Thanh Nghị, P. Hoà Cường Bắc, Quận Hải Châu, Đà Nẵng",Quận Hải Châu,Đà Nẵng,16.0426941,108.2178158,5.806,60,152,0,,,,Đang cập nhật,True,False,False,False,,Ăn vặt/vỉa hè,Món Việt,https://down-vn.img.susercontent.com/vn-11134513-7r98o-lsttk8ctq3escc@resize_ss640x400,https://www.foody.vn/da-nang/che-thai-lien-le-thanh-nghi,/da-nang/che-thai-lien-le-thanh-nghi/goi-mon
976037,"Bi Mỹ Chợ Cồn - Bánh Tráng Thịt Heo, Bún Mắm & Nước Ép","Lô 51 - 52 Đ15A Chợ Cồn, Ông Ích Khiêm, P. Hải Châu 1, Quận Hải Châu, Đà Nẵng",Quận Hải Châu,Đà Nẵng,16.0686444,108.214031,6.56,10,41,0,,,,Đang cập nhật,True,False,False,False,,Quán ăn,Món Miền Trung,https://down-vn.img.susercontent.com/vn-11134513-7r98o-lsu8t019oiis67@resize_ss640x400,https://www.foody.vn/da-nang/bi-my-cho-con-banh-trang-thit-heo-bun-mam-nuoc-ep,/da-nang/bi-my-cho-con-banh-trang-thit-heo-bun-mam-nuoc-ep/goi-mon
1129774,Cơm Gà Bà Ba Đà Nẵng - Trần Bạch Đằng,"250-252 Đường Trần Bạch Đằng, P. Mỹ An, Quận Ngũ Hành Sơn, Đà Nẵng",Quận Ngũ Hành Sơn,Đà Nẵng,16.048988,108.247871,7.9,4,2,0,,,,Đang cập nhật,True,False,False,False,,Quán ăn,,https://down-vn.img.susercontent.com/vn-11134513-7r98o-lsv86o2csc78cc@resize_ss640x400,https://www.foody.vn/da-nang/com-ga-ba-ba-da-nang-tran-bach-dang,/da-nang/com-ga-ba-ba-da-nang-tran-bach-dang/goi-mon
1147472,Gà Rán KFC - Ngô Văn Sở,"28-30 Ngô Văn Sở, P. Hòa Khánh Bắc, Quận Liên Chiểu, Đà Nẵng",Quận Liên Chiểu,Đà Nẵng,16.068899,108.150329,1.0,1,0,0,,,,Đang cập nhật,True,False,False,False,,Quán ăn,,https://down-vn.img.susercontent.com/vn-11134513-7r98o-lsv9evopn4qse6@resize_ss640x400,https://www.foody.vn/da-nang/ga-ran-kfc-ngo-van-so,/da-nang/ga-ran-kfc-ngo-van-so/goi-mon
225485,Tàu Hủ Xe Lam - Trần Phú,"176 Trần Phú, P. Phước Ninh, Quận Hải Châu, Đà Nẵng",Quận Hải Châu,Đà Nẵng,16.0657018,108.2235845,7.42,360,2008,0,,,,Đang cập nhật,True,False,False,False,,Ăn vặt/vỉa hè,Món Việt,https://down-vn.img.susercontent.com/vn-11134513-7r98o-lstwx1lr4knt44@resize_ss640x400,https://www.foody.vn/da-nang/tau-hu-xe-lam,/da-nang/tau-hu-xe-lam/goi-mon
209552,Cơm Gà Gia Vĩnh - Hoàng Diệu,"Số 37, Đường Hoàng Diệu, P. Phước Ninh, Quận Hải Châu, Đà Nẵng",Quận Hải Châu,Đà Nẵng,16.065105,108.219329,7.6,56,204,0,,,,0905 090 353,True,False,False,False,,Quán ăn,Món Việt,https://down-vn.img.susercontent.com/vn-11134513-7r98o-lstwdkjb3dzt0a@resize_ss640x400,https://www.foody.vn/da-nang/com-ga-gia-vinh-hoang-dieu,/da-nang/com-ga-gia-vinh-hoang-dieu/goi-mon
32752,Chè Liên Đà Nẵng - Chè Sầu Liên - Hải Phòng,"175 Hải Phòng, P. Tân Chính, Quận Thanh Khê, Đà Nẵng",Quận Thanh Khê,Đà Nẵng,16.071535,108.212476,6.752,141,414,0,,,,Đang cập nhật,True,False,False,False,,Ăn vặt/vỉa hè,Món Việt,https://down-vn.img.susercontent.com/vn-11134513-7r98o-lxrpwt1p3zdl69@resize_ss640x400,https://www.foody.vn/da-nang/che-lien-da-nang-hai-phong,/da-nang/che-lien-da-nang-hai-phong/goi-mon
1059105,"Gà Rán, Pizza & Mỳ Ý TUS Street Food - Âu Cơ","108B Âu Cơ, P. Hòa Khánh Bắc, Quận Liên Chiểu, Đà Nẵng",Quận Liên Chiểu,Đà Nẵng,16.070602,108.147667,10.0,1,0,0,,,,Đang cập nhật,True,False,False,False,,Ăn vặt/vỉa hè,Món Việt,https://down-vn.img.susercontent.com/vn-11134513-7ras8-md9w9vy85mel1a@resize_ss640x400,https://www.foody.vn/da-nang/ga-ran-pizza-my-y-tus-street-food-au-co,/da-nang/ga-ran-pizza-my-y-tus-street-food-au-co/goi-mon
1005328,Tiệm Ăn Chợ Lớn - Nguyễn Văn Thoại,"83 Nguyễn Văn Thoại, Quận Sơn Trà, Đà Nẵng",Quận Sơn Trà,Đà Nẵng,16.054235,108.239052,8.9,2,12,0,,,,Đang cập nhật,True,False,False,False,,Nhà hàng,Món Việt,https://down-vn.img.susercontent.com/vn-11134513-7r98o-lsu9l2z6afusf8@resize_ss640x400,https://www.foody.vn/da-nang/tiem-an-cho-lon-nguyen-van-thoai,/da-nang/tiem-an-cho-lon-nguyen-van-thoai/goi-mon
12459,Tiệm Ăn Chợ Lớn - Ông Ích Khiêm,"267 Ông Ích Khiêm, Quận Hải Châu, Đà Nẵng",Quận Hải Châu,Đà Nẵng,16.069053,108.21368,7.132,155,598,0,,,,Đang cập nhật,True,False,False,False,,Quán ăn,Món Trung Hoa,https://down-vn.img.susercontent.com/vn-11134513-7r98o-lstqbpslyh7d47@resize_ss640x400,https://www.foody.vn/da-nang/tiem-an-cho-lon-ong-ich-khiem,/da-nang/tiem-an-cho-lon-ong-ich-khiem/goi-mon
45122,Bún Đậu Mắm Tôm Cô Thường - Hải Phòng,"K136/25 Hải Phòng, P. Thạch Thang, Quận Hải Châu, Đà Nẵng",Quận Hải Châu,Đà Nẵng,16.072305,108.214684,6.622,329,1253,0,,,,Đang cập nhật,True,False,False,False,,Quán ăn,Món Bắc,https://down-vn.img.susercontent.com/vn-11134513-7r98o-lstrn1f2wrdlce@resize_ss640x400,https://www.foody.vn/da-nang/bun-dau-mam-tom-co-thuong-hai-phong,/da-nang/bun-dau-mam-tom-co-thuong-hai-phong/goi-mon
108266,Bánh Mì & Bánh Bao Ba Hưng Bakery - 40 Lê Văn Hiến,"40 Lê Văn Hiến, P. Khuê Mỹ, Quận Ngũ Hành Sơn, Đà Nẵng",Quận Ngũ Hành Sơn,Đà Nẵng,16.036874,108.24371,6.59,20,83,0,,,,(0236) 3 847 265 ,True,False,False,False,,Tiệm bánh,Món Việt,https://down-vn.img.susercontent.com/vn-11134513-7r98o-lstsxwnduojo0d@resize_ss640x400,https://www.foody.vn/da-nang/banh-mi-banh-bao-ba-hung-bakery-40-le-van-hien,/da-nang/banh-mi-banh-bao-ba-hung-bakery-40-le-van-hien/goi-mon
968742,Trình Cà Phê - Phạm Hồng Thái,"25 Phạm Hồng Thái, P. Hải Châu 1, Quận Hải Châu, Đà Nẵng",Quận Hải Châu,Đà Nẵng,16.067348,108.2217426,7.5,10,29,0,,,,093 245 38 11,True,False,False,False,,Café/Dessert,Món Việt,https://down-vn.img.susercontent.com/vn-11134513-7r98o-lsu8mo4d7e6x6a@resize_ss640x400,https://www.foody.vn/da-nang/trinh-ca-phe-pham-hong-thai,/da-nang/trinh-ca-phe-pham-hong-thai/goi-mon
687907,Bồ Câu - Gà Ác,"91 Nguyễn Hữu Thọ, P. Hòa Thuận Tây, Quận Hải Châu, Đà Nẵng",Quận Hải Châu,Đà Nẵng,16.0529152,108.209175,10.0,1,0,0,,,,Đang cập nhật,True,False,False,False,,Quán ăn,Món Miền Trung,https://down-vn.img.susercontent.com/vn-11134513-7r98o-lsu18bgr2xfo8d@resize_ss640x400,https://www.foody.vn/da-nang/bo-cau-ga-ac,/da-nang/bo-cau-ga-ac/goi-mon
1088025,Cơm Gà Gia Vĩnh - Lê Thanh Nghị,"153 Lê Thanh Nghị, P. Hòa Cường Bắc, Quận Hải Châu, Đà Nẵng",Quận Hải Châu,Đà Nẵng,16.0387702,108.2183003,10.0,1,1,0,,,,Đang cập nhật,True,False,False,False,,Quán ăn,,https://down-vn.img.susercontent.com/vn-11134513-7r98o-lsv4wkrq1jtl56@resize_ss640x400,https://www.foody.vn/da-nang/com-ga-gia-vinh-le-thanh-nghi,/da-nang/com-ga-gia-vinh-le-thanh-nghi/goi-mon
649406,Chè Xuân Trang - Kinh Dương Vương,"358 Kinh Dương Vương, P. Hòa Minh, Quận Liên Chiểu, Đà Nẵng",Quận Liên Chiểu,Đà Nẵng,16.0800425,108.1615276,8.5,2,1,0,,,,Đang cập nhật,True,False,False,False,,Ăn vặt/vỉa hè,Món Miền Trung,https://down-vn.img.susercontent.com/vn-11134513-7r98o-lstzsf8gyxzt81@resize_ss640x400,https://www.foody.vn/da-nang/che-xuan-trang-kinh-duong-vuong,/da-nang/che-xuan-trang-kinh-duong-vuong/goi-mon
452,Mì Quảng 1A,"1A Hải Phòng, Quận Hải Châu, Đà Nẵng",Quận Hải Châu,Đà Nẵng,16.072465,108.219076,6.938,108,350,0,,,,(0236) 3 827 936,True,False,False,False,,Quán ăn,Món Quảng,https://down-vn.img.susercontent.com/vn-11134513-7r98o-lstpmfnxtlsp9b@resize_ss640x400,https://www.foody.vn/da-nang/mi-quang-1a,/da-nang/mi-quang-1a/goi-mon
128477,Mì Quảng Thi - Hoàng Diệu,"251 Hoàng Diệu, P. Nam Dương, Quận Hải Châu, Đà Nẵng",Quận Hải Châu,Đà Nẵng,16.058542,108.217113,7.528,100,406,0,,,,Đang cập nhật,True,False,False,False,,Quán ăn,Món Quảng,https://down-vn.img.susercontent.com/vn-11134513-7r98o-lsttnnfnm404c0@resize_ss640x400,https://www.foody.vn/da-nang/mi-quang-thi-hoang-dieu,/da-nang/mi-quang-thi-hoang-dieu/goi-mon
1000000209,Bún Đậu Mắm Tôm - Bếp Tiên,"278 Tô Hiến Thành, Quận Sơn Trà, Đà Nẵng",Quận Sơn Trà,Đà Nẵng,16.0561552,108.2442971,9.184,13,60,0,,,,Đang cập nhật,True,False,False,False,,"Quán ăn,, Giao cơm văn phòng",Món Việt,https://down-vn.img.susercontent.com/vn-11134513-7r98o-lsvds6keparo9c@resize_ss640x400,https://www.foody.vn/da-nang/bun-dau-mam-tom-bep-tien,/da-nang/bun-dau-mam-tom-bep-tien/goi-mon
128823,Mì Quảng Ếch Bếp Trang - 441 Ông Ích Khiêm - Đà Nẵng,"441 Ông Ích Khiêm, P. Hải Châu 2, Quận Hải Châu, Đà Nẵng",Quận Hải Châu,Đà Nẵng,16.062735,108.215918,6.074,235,811,0,,,,Đang cập nhật,True,False,False,False,,Quán ăn,Món Quảng,https://down-vn.img.susercontent.com/vn-11134513-7r98o-lsttntto9i8p77@resize_ss640x400,https://www.foody.vn/da-nang/mi-quang-ech-bep-trang-441-ong-ich-khiem-da-nang,/da-nang/mi-quang-ech-bep-trang-441-ong-ich-khiem-da-nang/goi-mon
130686,Cơm Gà Quay A Hoàng - Hà Huy Tập,"341 Hà Huy Tập, P. An Khê, Quận Thanh Khê, Đà Nẵng",Quận Thanh Khê,Đà Nẵng,16.0589154,108.1853335,7.0,5,14,0,,,,Đang cập nhật,True,False,False,False,,Quán ăn,Món Miền Trung,https://down-vn.img.susercontent.com/vn-11134513-7r98o-lsttpzecqrb831@resize_ss640x400,https://www.foody.vn/da-nang/com-ga-quay-a-hoang-ha-huy-tap,/da-nang/com-ga-quay-a-hoang-ha-huy-tap/goi-mon
906935,Cháo Dinh Dưỡng Con Yêu,"5 Châu Thị Vĩnh Tế, P. Bắc Mỹ Phú, Quận Ngũ Hành Sơn, Đà Nẵng",Quận Ngũ Hành Sơn,Đà Nẵng,16.0537572,108.2394,9.28,5,31,0,,,,0935922489,True,False,False,False,,Quán ăn,Tây Nguyên,https://down-vn.img.susercontent.com/vn-11134513-7r98o-lsu7evlk96e139@resize_ss640x400,https://www.foody.vn/da-nang/chao-dinh-duong-con-yeu,/da-nang/chao-dinh-duong-con-yeu/goi-mon
1015654,Mỳ Ý Tasty By Len,"12 An Thượng 5, P. Bắc Mỹ Phú, Quận Ngũ Hành Sơn, Đà Nẵng",Quận Ngũ Hành Sơn,Đà Nẵng,16.0490751,108.2455144,9.65,4,7,0,,,,0905849051,True,False,False,False,,Quán ăn,Món Việt,https://down-vn.img.susercontent.com/vn-11134513-7r98o-lsu9rkjqhj2c73@resize_ss640x400,https://www.foody.vn/da-nang/tasty-by-len,/da-nang/tasty-by-len/goi-mon
963481,Cô Tâm - Bún Mắm & Bánh Bèo - Bánh Tráng Đập,"421 Hoàng Diệu, Quận Hải Châu, Đà Nẵng",Quận Hải Châu,Đà Nẵng,16.0583115,108.2169265,6.4,4,29,0,,,,0799488355,False,False,False,False,,Quán ăn,Món Miền Trung,https://down-vn.img.susercontent.com/vn-11134513-7r98o-lsu8kxxs7aftbc@resize_ss640x400,https://www.foody.vn/da-nang/co-tam-bun-mam-banh-beo-banh-trang-dap,/da-nang/co-tam-bun-mam-banh-beo-banh-trang-dap/goi-mon
625640,Cháo Dinh Dưỡng Tâm Vang,"26 Châu Thị Vĩnh Tế, Quận Ngũ Hành Sơn, Đà Nẵng",Quận Ngũ Hành Sơn,Đà Nẵng,16.053138,108.239653,8.33,3,8,0,,,,Đang cập nhật,True,False,False,False,,Quán ăn,Món Việt,https://down-vn.img.susercontent.com/vn-11134513-7r98o-lstyxw6vaeu1b1@resize_ss640x400,https://www.foody.vn/da-nang/chao-dinh-duong-tam-vang,/da-nang/chao-dinh-duong-tam-vang/goi-mon
6109,Quán Mậu - Bánh Tráng Thịt Heo,"35 Đỗ Thúc Tịnh, Quận Cẩm Lệ, Đà Nẵng",Quận Cẩm Lệ,Đà Nẵng,16.0258117,108.2098243,7.23,83,264,0,,,,Đang cập nhật,True,False,False,False,,Quán ăn,Món Quảng,https://down-vn.img.susercontent.com/vn-11134513-7r98o-lstq1kjagwxw96@resize_ss640x400,https://www.foody.vn/da-nang/quan-mau-banh-trang-thit-heo,/da-nang/quan-mau-banh-trang-thit-heo/goi-mon
1117037,Kem Dừa Mã Lai - Hàm Nghi,"72 Hàm Nghi, Khu A Chung Cư Hagl, P. Thác Gián, Quận Thanh Khê, Đà Nẵng",Quận Thanh Khê,Đà Nẵng,16.062332,108.21051,9.8,1,1,0,,,,Đang cập nhật,False,False,False,False,,Ăn vặt/vỉa hè,,https://down-vn.img.susercontent.com/vn-11134513-7r98o-lsv76xivhfpg19@resize_ss640x400,https://www.foody.vn/da-nang/kem-dua-ma-lai-ham-nghi,/da-nang/kem-dua-ma-lai-ham-nghi/goi-mon
1063341,Ẩm Thực Chay Tỉnh Quán - Bún Mẹt & Cơm Chiên Nấm Rong Biển,"11 Trần Nhật Duật, P. Thọ Quang, Quận Sơn Trà, Đà Nẵng",Quận Sơn Trà,Đà Nẵng,16.1007436,108.2541125,9.2,1,3,0,,,,Đang cập nhật,True,False,False,False,,Ăn chay,Món Việt,https://down-vn.img.susercontent.com/vn-11134513-7r98o-lsv2vrfa2case1@resize_ss640x400,https://www.foody.vn/da-nang/am-thuc-chay-tinh-quan-bun-met-com-chien-nam-rong-bien,/da-nang/am-thuc-chay-tinh-quan-bun-met-com-chien-nam-rong-bien/goi-mon
1000046140,Shin - Sushi - Thái Phiên,"69 Thái Phiên, P. Phước Ninh, Quận Hải Châu, Đà Nẵng",Quận Hải Châu,Đà Nẵng,16.0649996,108.2214063,10.0,1,17,0,,,,Đang cập nhật,True,False,False,False,,Quán ăn,Món Nhật,https://down-vn.img.susercontent.com/vn-11134513-7r98o-lsvfmq670vx5f1@resize_ss640x400,https://www.foody.vn/da-nang/shin-sushi-thai-phien,/da-nang/shin-sushi-thai-phien/goi-mon
1049871,Pizza Time - 61 Trần Quốc Toản,"61 Trần Quốc Toản, P. Phước Ninh, Quận Hải Châu, Đà Nẵng",Quận Hải Châu,Đà Nẵng,16.0660807,108.2215504,8.8,2,3,0,,,,Đang cập nhật,True,False,False,False,,Quán ăn,Món Việt,https://down-vn.img.susercontent.com/vn-11134513-7r98o-lsv1ttwcfau1e5@resize_ss640x400,https://www.foody.vn/da-nang/pizza-time-61-tran-quoc-toan,/da-nang/pizza-time-61-tran-quoc-toan/goi-mon
950923,Cơm Tấm Thanh Nhàn - Yên Bái,"14 Yên Bái, P. Hải Châu 1, Quận Hải Châu, Đà Nẵng",Quận Hải Châu,Đà Nẵng,16.070269,108.222685,8.1,2,3,0,,,,0901998452 - 0905387874,True,False,False,False,,Quán ăn,Món Việt,https://down-vn.img.susercontent.com/vn-11134513-7r98o-lsu8bpaozdtwb6@resize_ss640x400,https://www.foody.vn/da-nang/com-tam-thanh-nhan-yen-bai,/da-nang/com-tam-thanh-nhan-yen-bai/goi-mon
698124,Ốc Thái Lan - Nguyễn Tri Phương,"424 Nguyễn Tri Phương, P. Hòa Thuận Đông, Quận Hải Châu, Đà Nẵng",Quận Hải Châu,Đà Nẵng,16.052424,108.210645,7.284,31,125,0,,,,0935 922 113 ,False,False,False,False,,Quán ăn,Món Việt,https://down-vn.img.susercontent.com/vn-11134513-7r98o-lsu1jcc89j1531@resize_ss640x400,https://www.foody.vn/da-nang/oc-thai-lan,/da-nang/oc-thai-lan/goi-mon
6081,Bánh Xèo Bà Dưỡng,"K280/23 Hoàng Diệu, Quận Hải Châu, Đà Nẵng",Quận Hải Châu,Đà Nẵng,16.0591152,108.2161031,6.61,482,1314,0,,,,(0236) 3 873 168,True,False,False,False,,Quán ăn,Món Quảng,https://down-vn.img.susercontent.com/vn-11134513-7r98o-lstq1bohfg7831@resize_ss640x400,https://www.foody.vn/da-nang/banh-xeo-ba-duong,/da-nang/banh-xeo-ba-duong/goi-mon
879787,Quán Thủy - Bún Bò Huế - Đống Đa,"54 Đống Đa, P. Thuận Phước, Quận Hải Châu, Đà Nẵng",Quận Hải Châu,Đà Nẵng,16.081951,108.219565,1.6,1,0,0,,,,0905052757,True,False,False,False,,Quán ăn,Món Việt,https://down-vn.img.susercontent.com/vn-11134513-7r98o-lsu6t8le8f4p7c@resize_ss640x400,https://www.foody.vn/da-nang/quan-thuy-bun-bo-hue-dong-da,/da-nang/quan-thuy-bun-bo-hue-dong-da/goi-mon
933952,Cơm Gà Phương - Nguyễn Phước Tần,"154 Nguyễn Phước Tần, P. Hòa Thọ Đông, Quận Cẩm Lệ, Đà Nẵng",Quận Cẩm Lệ,Đà Nẵng,16.0166336,108.1986718,9.3,2,3,0,,,,Đang cập nhật,True,False,False,False,,Quán ăn,Món Miền Trung,https://down-vn.img.susercontent.com/vn-11134513-7r98o-lsu7wzgybhs48f@resize_ss640x400,https://www.foody.vn/da-nang/com-ga-phuong-nguyen-phuoc-tan,/da-nang/com-ga-phuong-nguyen-phuoc-tan/goi-mon
784337,Gà rán và Mì Ý - Jollibee - Tiểu La,"32 Tiểu La, P. Hoà Cường Bắc, Quận Hải Châu, Đà Nẵng",Quận Hải Châu,Đà Nẵng,16.04651,108.221246,6.37,47,87,0,,,,Đang cập nhật,True,False,False,False,,Quán ăn,Philippines,https://down-vn.img.susercontent.com/vn-11134513-81ztc-moi1i6wfebd7ab@resize_ss640x400,https://www.foody.vn/da-nang/ga-ran-va-mi-y-jollibee-tieu-la,/da-nang/ga-ran-va-mi-y-jollibee-tieu-la/goi-mon
120614,Đại Nhân - Nhậu Bình Dân,"142/17 Hàm Nghi, P. Thạc Gián, Quận Thanh Khê, Đà Nẵng",Quận Thanh Khê,Đà Nẵng,16.061064,108.210961,7.972,14,79,0,,,,Đang cập nhật,False,False,False,False,,"Quán ăn,, Quán nhậu",Món Việt,https://down-vn.img.susercontent.com/vn-11134513-7r98o-lsttdgo8bq2scc@resize_ss640x400,https://www.foody.vn/da-nang/dai-nhan-nhau-binh-dan,/da-nang/dai-nhan-nhau-binh-dan/goi-mon
1000063416,Bếp Quê 3 - Bún Đậu Mắm Tôm ,"90 Trần Nhân Tông, P. Mân Thái, Quận Sơn Trà, Đà Nẵng",Quận Sơn Trà,Đà Nẵng,16.0894486,108.2390339,7.0,2,3,0,,,,Đang cập nhật,True,False,False,False,,"Ăn vặt/vỉa hè,, Quán ăn",Món Bắc,https://down-vn.img.susercontent.com/vn-11134513-7r98o-lsvh06d9x7dl4f@resize_ss640x400,https://www.foody.vn/da-nang/bep-que-3-bun-dau-mam-tom,/da-nang/bep-que-3-bun-dau-mam-tom/goi-mon
737783,The 1.9.9.3 - Sữa Tươi Trân Châu Đường Đen,"142/2 Hàm Nghi, Quận Thanh Khê, Đà Nẵng",Quận Thanh Khê,Đà Nẵng,16.060907,108.210826,7.736,155,271,0,,,,Đang cập nhật,True,False,False,False,,Café/Dessert,,https://down-vn.img.susercontent.com/vn-11134513-7r98o-lsu373vjr1qx07@resize_ss640x400,https://www.foody.vn/da-nang/the-1-9-9-3-sua-tuoi-tran-chau-duong-den,/da-nang/the-1-9-9-3-sua-tuoi-tran-chau-duong-den/goi-mon
8005,Bún Mắm Bà Liên,"Trước Cổng Nhà 52 Trần Bình Trọng, P. Hải Châu 2, Quận Hải Châu, Đà Nẵng",Quận Hải Châu,Đà Nẵng,16.0654211,108.21844,6.776,42,125,0,,,,Đang cập nhật,False,False,False,False,,Quán ăn,Món Miền Nam,https://down-vn.img.susercontent.com/vn-11134513-7r98o-lstq4qspovx53b@resize_ss640x400,https://www.foody.vn/da-nang/bun-mam-ba-lien,/da-nang/bun-mam-ba-lien/goi-mon
14850,Bún Mắm Ngọc,"20 Đoàn Thị Điểm, Quận Hải Châu, Đà Nẵng",Quận Hải Châu,Đà Nẵng,16.06648,108.217043,7.784,115,382,0,,,,0905 969 714,True,False,False,False,,Quán ăn,Món Miền Trung,https://down-vn.img.susercontent.com/vn-11134513-7r98o-lstqf8zlto787a@resize_ss640x400,https://www.foody.vn/da-nang/bun-mam-ngoc,/da-nang/bun-mam-ngoc/goi-mon
144179,Phở Bắc Hải - Lê Văn Hiến,"105 Lê Văn Hiến, P. Khuê Mỹ, Quận Ngũ Hành Sơn, Đà Nẵng",Quận Ngũ Hành Sơn,Đà Nẵng,16.0234879,108.2509039,7.5,2,13,0,,,,Đang cập nhật,True,False,False,False,,Quán ăn,Hà Nội,https://down-vn.img.susercontent.com/vn-11134513-7r98o-lstu7cl5urpg49@resize_ss640x400,https://www.foody.vn/da-nang/pho-bac-hai-le-van-hien,/da-nang/pho-bac-hai-le-van-hien/goi-mon
5721,Cơm Niêu Hồng Phúc,"164 - 166 Nguyễn Tri Phương, P. Chính Gián, Quận Thanh Khê, Đà Nẵng",Quận Thanh Khê,Đà Nẵng,16.0598974,108.2051579,6.216,35,167,0,,,,(0236) 3 530 568,True,False,False,False,,Nhà hàng,"Món Việt,, Món Á,, Món Âu",https://down-vn.img.susercontent.com/vn-11134513-7r98o-lstq0p06m0902e@resize_ss640x400,https://www.foody.vn/da-nang/com-nieu-hong-phuc,/da-nang/com-nieu-hong-phuc/goi-mon
108076,Cơm Rang Trung Ngọc - Ngô Gia Tự,"21 Ngô Gia Tự, P. Hải Châu 2, Quận Hải Châu, Đà Nẵng",Quận Hải Châu,Đà Nẵng,16.0707128,108.2168768,6.752,24,82,0,,,,Đang cập nhật,False,False,False,False,,Quán ăn,Món Quảng,https://down-vn.img.susercontent.com/vn-11134513-7ra0g-m9yex6rvlwka1c@resize_ss640x400,https://www.foody.vn/da-nang/com-rang-trung-ngoc-ngo-gia-tu,/da-nang/com-rang-trung-ngoc-ngo-gia-tu/goi-mon
940520,Pizza Hut - Núi Thành,"239 Núi Thành, Quận Hải Châu, Đà Nẵng",Quận Hải Châu,Đà Nẵng,16.044302,108.22143,5.804,8,12,0,,,,Đang cập nhật,True,False,False,False,,Nhà hàng,Mỹ,https://down-vn.img.susercontent.com/vn-11134513-81ztc-mmsnloy3q3nn34@resize_ss640x400,https://www.foody.vn/da-nang/pizza-hut-nui-thanh,/da-nang/pizza-hut-nui-thanh/goi-mon
947982,Bún Đậu Phố Cổ - Đặng Dung,"53 Đặng Dung, P. Hòa Khánh Bắc, Quận Liên Chiểu, Đà Nẵng",Quận Liên Chiểu,Đà Nẵng,16.070192,108.150548,8.354,8,16,0,,,,Đang cập nhật,True,False,False,False,,Quán ăn,Món Việt,https://down-vn.img.susercontent.com/vn-11134513-7r98o-lsu89q90y7yc83@resize_ss640x400,https://www.foody.vn/da-nang/bun-dau-pho-co-dang-dung,/da-nang/bun-dau-pho-co-dang-dung/goi-mon
739782,Cơm Gà Lan - Trưng Nữ Vương,"520 Trưng Nữ Vương, P. Hòa Thuận Đông, Quận Hải Châu, Đà Nẵng",Quận Hải Châu,Đà Nẵng,16.048619,108.213235,5.8,6,14,0,,,,0935 434 636,True,False,False,False,,Quán ăn,Món Việt,https://down-vn.img.susercontent.com/vn-11134513-7r98o-lsu3ael21ac9d4@resize_ss640x400,https://www.foody.vn/da-nang/com-ga-lan-trung-nu-vuong,/da-nang/com-ga-lan-trung-nu-vuong/goi-mon
12567,Hương Chè Thái - Pasteur,"45 Pasteur, P. Hải Châu 1, Quận Hải Châu, Đà Nẵng",Quận Hải Châu,Đà Nẵng,16.0697079,108.2176537,6.896,62,184,0,,,,Đang cập nhật,True,False,False,False,,Ăn vặt/vỉa hè,Món Thái,https://down-vn.img.susercontent.com/vn-11134513-7r98o-lstqbuxofnh55a@resize_ss640x400,https://www.foody.vn/da-nang/huong-che-thai-pasteur,/da-nang/huong-che-thai-pasteur/goi-mon
706160,The Pizza Company - Co.opMart Đà Nẵng,"Tầng Trệt, Co.opMart, 478 Điện Biên Phủ, P. Thanh Khê Đông, Quận Thanh Khê, Đà Nẵng",Quận Thanh Khê,Đà Nẵng,16.066615,108.186702,7.432,81,456,0,,,,Đang cập nhật,True,False,False,False,,Quán ăn,Ý,https://down-vn.img.susercontent.com/vn-11134513-81ztc-mp611nhd35la0f@resize_ss640x400,https://www.foody.vn/da-nang/the-pizza-company-co-opmart,/da-nang/the-pizza-company-co-opmart/goi-mon
49454,Mít Trộn Dì Anh,"39 Phạm Văn Nghị, P. Thạch Gián, Quận Thanh Khê, Đà Nẵng",Quận Thanh Khê,Đà Nẵng,16.0579706,108.2098658,7.43,32,118,0,,,,Đang cập nhật,False,False,False,False,,Ăn vặt/vỉa hè,Món Việt,https://down-vn.img.susercontent.com/vn-11134513-7r98o-lstrs5k9fr9g7b@resize_ss640x400,https://www.foody.vn/da-nang/mit-tron-di-anh,/da-nang/mit-tron-di-anh/goi-mon
742513,Gỏi Cá Thanh Vân,"1635 Nguyễn Tất Thành, P. Thanh Khê Tây, Quận Thanh Khê, Đà Nẵng",Quận Thanh Khê,Đà Nẵng,16.077594,108.173713,8.4,1,6,0,,,,0915 614 241,True,False,False,False,,Quán ăn,Món Việt,https://down-vn.img.susercontent.com/vn-11134513-7r98o-lsu3eoy457dlba@resize_ss640x400,https://www.foody.vn/da-nang/goi-ca-thanh-van,/da-nang/goi-ca-thanh-van/goi-mon
11960,Quán 100 - Cháo Trắng & Hột Vịt Muối,"100 Phan Châu Trinh, Quận Hải Châu, Đà Nẵng",Quận Hải Châu,Đà Nẵng,16.065171,108.219947,6.66,50,193,0,,,,(0236) 3 825 356,True,False,False,False,,Quán ăn,Món Việt,https://down-vn.img.susercontent.com/vn-11134513-7r98o-lstqauo7i1twfa@resize_ss640x400,https://www.foody.vn/da-nang/quan-100-chao-trang-hot-vit-muoi,/da-nang/quan-100-chao-trang-hot-vit-muoi/goi-mon
1124331,Tiệm Bánh Huyền Kòi - Các Món Miền Tây,"K368/H11/22 Hoàng Diệu, P. Bình Thuận, Quận Hải Châu, Đà Nẵng",Quận Hải Châu,Đà Nẵng,16.055651,108.216461,1.0,2,0,0,,,,Đang cập nhật,True,False,False,False,,Quán ăn,,https://down-vn.img.susercontent.com/vn-11134513-7ra0g-m7neyq4jbt0x05@resize_ss640x400,https://www.foody.vn/da-nang/tiem-banh-huyen-koi-cac-mon-mien-tay,/da-nang/tiem-banh-huyen-koi-cac-mon-mien-tay/goi-mon
854560,Bánh Căn - Tôn Đản,"33 Tôn Đản, P. Hòa An, Quận Cẩm Lệ, Đà Nẵng",Quận Cẩm Lệ,Đà Nẵng,16.059078,108.177215,8.0,1,4,0,,,,Đang cập nhật,False,False,False,False,,Ăn vặt/vỉa hè,Món Việt,https://down-vn.img.susercontent.com/vn-11134513-7r98o-lsu62xduczic84@resize_ss640x400,https://www.foody.vn/da-nang/banh-can-ton-dan,/da-nang/banh-can-ton-dan/goi-mon
892174,Bún Đậu Mắm Tôm Phất Lộc 1 - Trần Phước Thành,"21 Trần Phước Thành, P. Khuê Trung, Quận Cẩm Lệ, Đà Nẵng",Quận Cẩm Lệ,Đà Nẵng,16.0246406,108.2120165,6.696,29,60,0,,,,0942808484,True,False,False,False,,Quán ăn,Món Bắc,https://down-vn.img.susercontent.com/vn-11134259-7r98o-lwfwtwzn415n68@resize_ss640x400,https://www.foody.vn/da-nang/bun-dau-mam-tom-phat-loc-1-tran-phuoc-thanh,/da-nang/bun-dau-mam-tom-phat-loc-1-tran-phuoc-thanh/goi-mon
115059,Tiệm Bánh Đồng Tâm - Lý Thái Tổ,"132 Lý Thái Tổ, P. Thạc Gián, Quận Thanh Khê, Đà Nẵng",Quận Thanh Khê,Đà Nẵng,16.066367,108.207307,6.55,20,207,0,,,,(0236) 3 825 669,True,False,False,False,,Tiệm bánh,Món Việt,https://down-vn.img.susercontent.com/vn-11134513-7r98o-lstt6gqqzt7dab@resize_ss640x400,https://www.foody.vn/da-nang/tiem-banh-dong-tam,/da-nang/tiem-banh-dong-tam/goi-mon
974878,Chè Mỹ - Đà Nẵng,"33 Hoà Mỹ 3, Quận Liên Chiểu, Đà Nẵng",Quận Liên Chiểu,Đà Nẵng,16.0582871,108.1633335,7.4,3,13,0,,,,0988033345 ( Ms. Chi),True,False,False,False,,Quán ăn,Món Việt,https://down-vn.img.susercontent.com/vn-11134513-7r98o-lsu8syg405nd48@resize_ss640x400,https://www.foody.vn/da-nang/che-my-da-nang,/da-nang/che-my-da-nang/goi-mon
940296,"Chè Thái, Chè Đậu & Sinh Tố - Chè Ông Cúc - 677 Tôn Đức Thắng","677 Tôn Đức Thắng, P. Hòa Khánh Nam, Quận Liên Chiểu, Đà Nẵng",Quận Liên Chiểu,Đà Nẵng,16.069217,108.1515154,7.29,9,16,0,,,,0906424025,True,False,False,False,,Café/Dessert,Món Miền Trung,https://down-vn.img.susercontent.com/vn-11134513-7r98o-lsu82tej5aqh8c@resize_ss640x400,https://www.foody.vn/da-nang/che-thai-che-dau-sinh-to-che-ong-cuc-677-ton-duc-thang,/da-nang/che-thai-che-dau-sinh-to-che-ong-cuc-677-ton-duc-thang/goi-mon
235350,Bánh Xèo Tôm Nhảy Cô Ba - Đặc Sản Miền Trung,"248 Trưng Nữ Vương, Quận Hải Châu, Đà Nẵng",Quận Hải Châu,Đà Nẵng,16.0545616,108.2196881,6.924,125,624,0,,,,0905 100 896 - 0905 097 071,True,False,False,False,,Quán ăn,Bình Định,https://down-vn.img.susercontent.com/vn-11134513-7r98o-lstx7l75mwt582@resize_ss640x400,https://www.foody.vn/da-nang/banh-xeo-tom-nhay-co-ba-dac-san-mien-trung,/da-nang/banh-xeo-tom-nhay-co-ba-dac-san-mien-trung/goi-mon
254337,Ông Phú Đạt - Ba Chỉ Heo Nướng Lu,"467 Hoàng Diệu, P. Bình Thuận, Quận Hải Châu, Đà Nẵng",Quận Hải Châu,Đà Nẵng,16.0530367,108.2177356,8.4,1,27,0,,,,0932 532 759,False,False,False,False,,Quán ăn,Món Việt,https://down-vn.img.susercontent.com/vn-11134513-7ra0g-ma74izn2bp1fff@resize_ss640x400,https://www.foody.vn/da-nang/ong-phu-dat-ba-chi-heo-nuong-lu,/da-nang/ong-phu-dat-ba-chi-heo-nuong-lu/goi-mon
989671,Bông Food & Drink - Điện Biên Phủ,"559 Điện Biên Phủ, Quận Thanh Khê, Đà Nẵng",Quận Thanh Khê,Đà Nẵng,16.0649336,108.183537,6.38,21,54,0,,,,Đang cập nhật,True,False,False,False,,Café/Dessert,Món Việt,https://down-vn.img.susercontent.com/vn-11134513-7r98o-lsu95b1ndzno3f@resize_ss640x400,https://www.foody.vn/da-nang/bong-food-drink-dien-bien-phu,/da-nang/bong-food-drink-dien-bien-phu/goi-mon
995107,Bò Khô Cô Phương - Ông Ích Khiêm,"586 Ông Ích Khiêm, P. Nam Dương, Quận Hải Châu, Đà Nẵng",Quận Hải Châu,Đà Nẵng,16.0620678,108.2160658,8.0,1,1,0,,,,Đang cập nhật,False,False,False,False,,Ăn vặt/vỉa hè,Món Việt,https://down-vn.img.susercontent.com/vn-11134513-7r98o-lsu99x5kb3yc17@resize_ss640x400,https://www.foody.vn/da-nang/bo-kho-co-phuong-ong-ich-khiem,/da-nang/bo-kho-co-phuong-ong-ich-khiem/goi-mon
12561,Quán Vân - Bánh Bèo - Nậm & Bột Lọc,"59 Thanh Tịnh, Quận Liên Chiểu, Đà Nẵng",Quận Liên Chiểu,Đà Nẵng,16.06094,108.172128,7.072,128,673,0,,,,0935 760 755,True,False,False,False,,Quán ăn,Món Miền Trung,https://down-vn.img.susercontent.com/vn-11134513-7r98o-lstqbrrx24lgec@resize_ss640x400,https://www.foody.vn/da-nang/quan-van-nguyen-nhu-hanh,/da-nang/quan-van-nguyen-nhu-hanh/goi-mon
1165596,Bún Chả Cá Tươi Hiền - Nguyễn Thế Lộc,"11 Nguyễn Thế Lộc, P. An Hải Bắc, Quận Sơn Trà, Đà Nẵng",Quận Sơn Trà,Đà Nẵng,16.078772,108.2294884,7.4,1,1,0,,,,Đang cập nhật,True,False,False,False,,Quán ăn,,https://down-vn.img.susercontent.com/vn-11134513-7r98o-lsvaqq6yymjd6d@resize_ss640x400,https://www.foody.vn/da-nang/bun-cha-ca-tuoi-hien-nguyen-the-loc,/da-nang/bun-cha-ca-tuoi-hien-nguyen-the-loc/goi-mon
1045901,Gà rán và Mì Ý - Jollibee - Phạm Như Xương,"10 Phạm Như Xương, P. Hòa Khánh Nam, Quận Liên Chiểu, Đà Nẵng",Quận Liên Chiểu,Đà Nẵng,16.062693,108.157758,5.2,5,0,0,,,,Đang cập nhật,True,False,False,False,,Nhà hàng,Philippines,https://down-vn.img.susercontent.com/vn-11134513-81ztc-moi1i799otfv9a@resize_ss640x400,https://www.foody.vn/da-nang/ga-ran-va-mi-y-jollibee-pham-nhu-xuong,/da-nang/ga-ran-va-mi-y-jollibee-pham-nhu-xuong/goi-mon
1132366,Trà Sữa Xingfu Cha - Ngô Gia Tự,"107 Ngô Gia Tự, P. Hải Châu 1, Quận Hải Châu, Đà Nẵng",Quận Hải Châu,Đà Nẵng,16.0673758,108.2179026,10.0,1,1,0,,,,Đang cập nhật,True,False,False,False,,Quán ăn,,https://down-vn.img.susercontent.com/vn-11134513-81ztc-mnmbagdr8qo1ba@resize_ss640x400,https://www.foody.vn/da-nang/tra-sua-xingfu-cha-ngo-gia-tu,/da-nang/tra-sua-xingfu-cha-ngo-gia-tu/goi-mon
110015,Cháo Nga My,"400 Hùng Vương, Quận Thanh Khê, Đà Nẵng",Quận Thanh Khê,Đà Nẵng,16.066759,108.211475,8.012,21,68,0,,,,Đang cập nhật,False,False,False,False,,Quán ăn,Món Việt,https://down-vn.img.susercontent.com/vn-11134513-7r98o-lstt08ev9vvd36@resize_ss640x400,https://www.foody.vn/da-nang/chao-nga-my,/da-nang/chao-nga-my/goi-mon
789052,Trà Sữa 52,"52 Bùi Xương Trạch, P. Khuê Trung, Quận Cẩm Lệ, Đà Nẵng",Quận Cẩm Lệ,Đà Nẵng,16.021018,108.206013,6.288,9,14,0,,,,Đang cập nhật,False,False,False,False,,Café/Dessert,Món Việt,https://down-vn.img.susercontent.com/vn-11134513-7r98o-lsu5gdps509l18@resize_ss640x400,https://www.foody.vn/da-nang/tra-sua-52,/da-nang/tra-sua-52/goi-mon
726362,Phở Hoàng - Lê Hồng Phong,"35 Lê Hồng Phong, P. Phước Ninh, Quận Hải Châu, Đà Nẵng",Quận Hải Châu,Đà Nẵng,16.0639284,108.2213131,7.45,12,47,0,,,,Đang cập nhật,True,False,False,False,,Quán ăn,Món Việt,https://down-vn.img.susercontent.com/vn-11134513-7r98o-lsu2nus00m8p3d@resize_ss640x400,https://www.foody.vn/da-nang/pho-hoang-le-hong-phong,/da-nang/pho-hoang-le-hong-phong/goi-mon
1036324,Gà rán và Mì Ý - Jollibee - Phan Đăng Lưu,"126 Phan Đăng Lưu, P. Hòa Cường Bắc, Quận Hải Châu, Đà Nẵng",Quận Hải Châu,Đà Nẵng,16.036294,108.21681,1.866,3,2,0,,,,Đang cập nhật,True,False,False,False,,Nhà hàng,Philippines,https://down-vn.img.susercontent.com/vn-11134513-81ztc-moi1i8duqex510@resize_ss640x400,https://www.foody.vn/da-nang/ga-ran-va-mi-y-jollibee-phan-dang-luu,/da-nang/ga-ran-va-mi-y-jollibee-phan-dang-luu/goi-mon
773873,"Udon Ya - Quán Mì Udon, Mì Ramen & Cơm Kiểu Nhật","18/22 Lý Thường Kiệt, P. Thạch Thang, Quận Hải Châu, Đà Nẵng",Quận Hải Châu,Đà Nẵng,16.080407,108.219713,8.686,7,124,0,,,,02363572289,False,False,False,False,,Nhà hàng,Món Nhật,https://down-vn.img.susercontent.com/vn-11134513-7r98o-lsu4suqnl2u115@resize_ss640x400,https://www.foody.vn/da-nang/udon-ya-quan-mi-udon-mi-ramen-com-kieu-nhat,/da-nang/udon-ya-quan-mi-udon-mi-ramen-com-kieu-nhat/goi-mon
765874,Chè & Tàu Hủ Đá,"K10 Pasteur, P. Hải Châu, Quận Hải Châu, Đà Nẵng",Quận Hải Châu,Đà Nẵng,16.070663,108.219879,7.264,18,32,0,,,,Đang cập nhật,True,False,False,False,,Ăn vặt/vỉa hè,Món Việt,https://down-vn.img.susercontent.com/vn-11134513-7r98o-lsu4gi36a37o97@resize_ss640x400,https://www.foody.vn/da-nang/che-tau-hu-da,/da-nang/che-tau-hu-da/goi-mon
18129,Cơm Gà 9 Ly,"31 - 33 - 35 Ngô Văn Sở, Quận Liên Chiểu, Đà Nẵng",Quận Liên Chiểu,Đà Nẵng,16.068764,108.15038,7.34,16,36,0,,,,(0236) 2 680 159 – 0905 164 316,True,False,False,False,,Quán ăn,Món Việt,https://down-vn.img.susercontent.com/vn-11134513-7r98o-lstqkbu68vq1cb@resize_ss640x400,https://www.foody.vn/da-nang/com-ga-9-ly,/da-nang/com-ga-9-ly/goi-mon
1065333,Bánh Tráng Thịt Heo Trâm Đại Lộc,"Số 10 Đặng Dung, P. Hoà Khánh Bắc, Quận Liên Chiểu, Đà Nẵng",Quận Liên Chiểu,Đà Nẵng,16.0709782,108.1500151,10.0,1,0,0,,,,Đang cập nhật,True,False,False,False,,Quán ăn,,https://down-vn.img.susercontent.com/vn-11134513-7r98o-lsv31e3hh861bf@resize_ss640x400,https://www.foody.vn/da-nang/banh-trang-thit-heo-tram-dai-loc,/da-nang/banh-trang-thit-heo-tram-dai-loc/goi-mon
981365,Cơm Chiên Giòn Số 7,"7 Nguyễn Chánh, P. Hòa Khánh Bắc, Quận Liên Chiểu, Đà Nẵng",Quận Liên Chiểu,Đà Nẵng,16.081915,108.147227,6.4,5,4,0,,,,Đang cập nhật,True,False,False,False,,Quán ăn,Món Việt,https://down-vn.img.susercontent.com/vn-11134513-7r98o-lsu8xetlbd8k81@resize_ss640x400,https://www.foody.vn/da-nang/com-chien-gion-so-7,/da-nang/com-chien-gion-so-7/goi-mon
1114107,Chè Xuân Trang - Phan Đăng Lưu,"122 Phan Đăng Lưu, P. Hòa Cường Bắc, Quận Hải Châu, Đà Nẵng",Quận Hải Châu,Đà Nẵng,16.0365431,108.2172842,1.0,1,0,0,,,,Đang cập nhật,True,False,False,False,,Quán ăn,,https://down-vn.img.susercontent.com/vn-11134513-7r98o-lsv71ehmqwexd4@resize_ss640x400,https://www.foody.vn/da-nang/che-xuan-trang-phan-dang-luu,/da-nang/che-xuan-trang-phan-dang-luu/goi-mon
731963,Chè Bưởi Chi Võ,"151A Phan Châu Trinh, P. Phước Ninh, Quận Hải Châu, Đà Nẵng",Quận Hải Châu,Đà Nẵng,16.064543,108.220082,5.6,21,50,0,,,,Đang cập nhật,True,False,False,False,,Ăn vặt/vỉa hè,Món Việt,https://down-vn.img.susercontent.com/vn-11134513-7r98o-lsu2wv21h2mxfa@resize_ss640x400,https://www.foody.vn/da-nang/che-buoi-chi-vo,/da-nang/che-buoi-chi-vo/goi-mon
1173269,Trà sữa Mixue - 131 Hà Huy Tập,"131 Hà Huy Tập, P.Hoà Khê, Quận Thanh Khê, Đà Nẵng",Quận Thanh Khê,Đà Nẵng,16.0648468,108.1921029,10.0,1,1,0,,,,Đang cập nhật,True,False,False,False,,Café/Dessert,,https://down-vn.img.susercontent.com/vn-11134513-81ztc-mni1bqzyktflfc@resize_ss640x400,https://www.foody.vn/da-nang/tra-sua-mixue-131-ha-huy-tap,/da-nang/tra-sua-mixue-131-ha-huy-tap/goi-mon
1069037,Ăn Vặt - Trường Kim Đồng - Võ Nguyên Giáp,"432/36/22 Võ Nguyên Giáp, Quận Ngũ Hành Sơn, Đà Nẵng",Quận Ngũ Hành Sơn,Đà Nẵng,16.038773,108.248947,4.802,3,1,0,,,,Đang cập nhật,True,False,False,False,,Quán ăn,,https://down-vn.img.susercontent.com/vn-11134513-7r98o-lsv3cxt34vr8dc@resize_ss640x400,https://www.foody.vn/da-nang/an-vat-truong-kim-dong-vo-nguyen-giap,/da-nang/an-vat-truong-kim-dong-vo-nguyen-giap/goi-mon
644636,Ốc 30K,"25 Trần Văn Kỷ, P. Hòa Khánh Nam, Quận Liên Chiểu, Đà Nẵng",Quận Liên Chiểu,Đà Nẵng,16.07056,108.154518,7.264,59,151,0,,,,Đang cập nhật,False,False,False,False,,Quán ăn,Món Việt,https://down-vn.img.susercontent.com/vn-11134513-7r98o-lstzievmb55013@resize_ss640x400,https://www.foody.vn/da-nang/oc-30k,/da-nang/oc-30k/goi-mon
1055894,Gà Rán Popeyes - Lê Duẩn,"86 Lê Duẩn, P. Thạch Thang, Quận Hải Châu, Đà Nẵng",Quận Hải Châu,Đà Nẵng,16.071076,108.21715,5.28,10,5,0,,,,Đang cập nhật,True,False,False,False,,Quán ăn,Mỹ,https://down-vn.img.susercontent.com/vn-11134513-81ztc-mny0ionttjbc16@resize_ss640x400,https://www.foody.vn/da-nang/ga-ran-popeyes-le-duan,/da-nang/ga-ran-popeyes-le-duan/goi-mon
649010,Mì Quảng Bà Sâm - Phạm Cự Lượng,"103 Phạm Cự Lượng, P. An Hải Đông, Quận Sơn Trà, Đà Nẵng",Quận Sơn Trà,Đà Nẵng,16.05669,108.237394,7.636,6,35,0,,,,Đang cập nhật,False,False,False,False,,Quán ăn,Món Quảng,https://down-vn.img.susercontent.com/vn-11134513-7r98o-lstzn287ew0peb@resize_ss640x400,https://www.foody.vn/da-nang/mi-quang-ba-sam-pham-cu-luong,/da-nang/mi-quang-ba-sam-pham-cu-luong/goi-mon
315355,Hot Hot - Mì Cay 7 Cấp Độ - Quang Trung,"60 Quang Trung, P. Thạch Thang, Quận Hải Châu, Đà Nẵng",Quận Hải Châu,Đà Nẵng,16.074957,108.220496,6.216,234,760,0,,,,Đang cập nhật,True,False,False,False,,Quán ăn,Món Hàn,https://down-vn.img.susercontent.com/vn-11134513-7r98o-lstyra85iric42@resize_ss640x400,https://www.foody.vn/da-nang/hot-hot-mi-cay-7-cap-do-quang-trung,/da-nang/hot-hot-mi-cay-7-cap-do-quang-trung/goi-mon
1070051,Bikini Bottom," 47 An Thượng 2 (Tầng 1), P. Mỹ An, Quận Ngũ Hành Sơn, Đà Nẵng",Quận Ngũ Hành Sơn,Đà Nẵng,16.0487182,108.2477734,10.0,1,1,0,,,,Đang cập nhật,True,False,False,False,,Quán ăn,,https://down-vn.img.susercontent.com/vn-11134513-7ra0g-m6oqxfsxv2ns9f@resize_ss640x400,https://www.foody.vn/da-nang/bikini-bottom,/da-nang/bikini-bottom/goi-mon
941978,Bánh Cuốn Bình Định Cô Bốn - 46/7 Cao Thắng,"46/7 Cao Thắng, Quận Hải Châu, Đà Nẵng",Quận Hải Châu,Đà Nẵng,16.077002,108.21414,5.064,6,7,0,,,,Đang cập nhật,True,False,False,False,,Shop Online,Món Miền Trung,https://down-vn.img.susercontent.com/vn-11134513-7r98o-lsu82mnqz6bo9f@resize_ss640x400,https://www.foody.vn/da-nang/banh-cuon-binh-dinh-co-bon-46-7-cao-thang,/da-nang/banh-cuon-binh-dinh-co-bon-46-7-cao-thang/goi-mon
625504,Gà Rán KFC - Lotte Mart Đà Nẵng,"Tầng 1, LOTTE Mart, 6 Nại Nam, P. Hòa Cường Bắc, Quận Hải Châu, Đà Nẵng",Quận Hải Châu,Đà Nẵng,16.035248,108.22918,7.152,25,103,0,,,,1900 6886,True,False,False,False,,Nhà hàng,Mỹ,https://down-vn.img.susercontent.com/vn-11134513-7r98o-lstyz2yipbk45a@resize_ss640x400,https://www.foody.vn/da-nang/ga-ran-kfc-lotte-mart-da-nang,/da-nang/ga-ran-kfc-lotte-mart-da-nang/goi-mon
1136836,Donald Trung - Bánh Ướt & Bánh Cuốn Thịt Heo - Đỗ Bá,"141 Đỗ Bá, P. Bắc Mỹ Phú, Quận Ngũ Hành Sơn, Đà Nẵng",Quận Ngũ Hành Sơn,Đà Nẵng,16.0496585,108.2394411,8.4,1,1,0,,,,Đang cập nhật,True,False,False,False,,Quán ăn,,https://down-vn.img.susercontent.com/vn-11134513-7r98o-lsv8hwskilcp83@resize_ss640x400,https://www.foody.vn/da-nang/donald-trung-banh-uot-banh-cuon-thit-heo-do-ba,/da-nang/donald-trung-banh-uot-banh-cuon-thit-heo-do-ba/goi-mon
910954,Bún Lòng Xào Nghệ Vy Vy - 02 Hải Sơn,"02 Hải Sơn, P. Thanh Bình, Quận Hải Châu, Đà Nẵng",Quận Hải Châu,Đà Nẵng,16.080463,108.215413,7.8,30,39,0,,,,0795149554,True,False,False,False,,Shop Online,Món Việt,https://down-vn.img.susercontent.com/vn-11134513-7r98o-lsu7j5z6ca6xb3@resize_ss640x400,https://www.foody.vn/da-nang/bun-long-xao-nghe-vy-vy-02-hai-son,/da-nang/bun-long-xao-nghe-vy-vy-02-hai-son/goi-mon
1055811,Bông Food & Drink - Tôn Đức Thắng,"840 Tôn Đức Thắng, Quận Liên Chiểu, Đà Nẵng",Quận Liên Chiểu,Đà Nẵng,16.0690065,108.1531838,1.532,3,2,0,,,,Đang cập nhật,True,False,False,False,,Café/Dessert,Món Việt,https://down-vn.img.susercontent.com/vn-11134513-7r98o-lsv28rgnopzt51@resize_ss640x400,https://www.foody.vn/da-nang/bong-food-drink-ton-duc-thang,/da-nang/bong-food-drink-ton-duc-thang/goi-mon
164978,Súp Cua Sài Gòn - Đống Đa,"56 Đống Đa, P. Thuận Phước, Quận Hải Châu, Đà Nẵng",Quận Hải Châu,Đà Nẵng,16.08195,108.219529,7.05,75,232,0,,,,Đang cập nhật,False,False,False,False,,Quán ăn,Món Miền Nam,https://down-vn.img.susercontent.com/vn-11134513-7r98o-lstuwzd5hc5ga3@resize_ss640x400,https://www.foody.vn/da-nang/sup-cua-sai-gon,/da-nang/sup-cua-sai-gon/goi-mon
1125665,Gà Tần Gia Bảo - Lê Duẩn,"422 Lê Duẩn, P. Chính Gián, Quận Thanh Khê, Đà Nẵng",Quận Thanh Khê,Đà Nẵng,16.067705,108.20771,9.82,107,2,0,,,,Đang cập nhật,True,False,False,False,,Quán ăn,,https://down-vn.img.susercontent.com/vn-11134513-7ra0g-m7ui1fbpmkxv2c@resize_ss640x400,https://www.foody.vn/da-nang/ga-tan-gia-bao-le-duan,/da-nang/ga-tan-gia-bao-le-duan/goi-mon
147984,Gà rán và Mì Ý - Jollibee - Ngô Quyền,"Tầng 4, Vincom Center, 910A Ngô Quyền, P. An Hải Bắc, Quận Sơn Trà, Đà Nẵng",Quận Sơn Trà,Đà Nẵng,16.0717423,108.23079,7.212,149,674,0,,,,(0236) 3 938 000,True,False,False,False,,Nhà hàng,Philippines,https://down-vn.img.susercontent.com/vn-11134513-81ztc-moi1i5qye96p8b@resize_ss640x400,https://www.foody.vn/da-nang/ga-ran-va-mi-y-jollibee-ngo-quyen,/da-nang/ga-ran-va-mi-y-jollibee-ngo-quyen/goi-mon
803717,Mì Cay Hàn Quốc & Trà Sữa KaLi - 57 Nại Thịnh 5,"57 Nại Thịnh 5, P. Nại Hiên Đông, Quận Sơn Trà, Đà Nẵng",Quận Sơn Trà,Đà Nẵng,16.086972,108.232172,4.484,7,27,0,,,,0986 377 726,False,False,False,False,,Quán ăn,"Món Việt,, Món Hàn",https://down-vn.img.susercontent.com/vn-11134513-7r98o-lsu5w3c2f9nd74@resize_ss640x400,https://www.foody.vn/da-nang/mi-cay-han-quoc-tra-sua-kali-57-nai-thinh-5,/da-nang/mi-cay-han-quoc-tra-sua-kali-57-nai-thinh-5/goi-mon
144507,Trà Sữa Money - Nguyễn Du,"17 Nguyễn Du, P. Thạch Thang, Quận Hải Châu, Đà Nẵng",Quận Hải Châu,Đà Nẵng,16.0788944,108.222556,7.312,747,2686,0,,,,0906 553 563,True,False,False,False,,Café/Dessert,Món Việt,https://down-vn.img.susercontent.com/vn-11134513-7r98o-lstu95j2tift3a@resize_ss640x400,https://www.foody.vn/da-nang/tra-sua-money-nguyen-du,/da-nang/tra-sua-money-nguyen-du/goi-mon
216532,Bánh Cuốn Nóng Linh Chi,"96 Phan Thanh, P. Thạc Gián, Quận Thanh Khê, Đà Nẵng",Quận Thanh Khê,Đà Nẵng,16.0638791,108.2084009,8.584,12,32,0,,,,Đang cập nhật,True,False,False,False,,Quán ăn,Món Việt,https://down-vn.img.susercontent.com/vn-11134513-7r98o-lstwlpeoh195a6@resize_ss640x400,https://www.foody.vn/da-nang/banh-cuon-nong-linh-chi,/da-nang/banh-cuon-nong-linh-chi/goi-mon
942407,KOI Thé - Nguyễn Văn Linh,"87 Nguyễn Văn Linh, P. Nam Dương, Quận Hải Châu, Đà Nẵng",Quận Hải Châu,Đà Nẵng,16.060685,108.219258,7.774,62,187,0,,,,Đang cập nhật,True,False,False,False,,Café/Dessert,Món Việt,https://down-vn.img.susercontent.com/vn-11134513-81ztc-mpa5vp13a3nwda@resize_ss640x400,https://www.foody.vn/da-nang/koi-the-nguyen-van-linh,/da-nang/koi-the-nguyen-van-linh/goi-mon
49432,Bánh Tráng Kẹp Dì Hoa,"62/2A Núi Thành, P. Hòa Thuận Đông, Quận Hải Châu, Đà Nẵng",Quận Hải Châu,Đà Nẵng,16.051214,108.220363,6.416,312,1200,0,,,,Đang cập nhật,False,False,False,False,,Ăn vặt/vỉa hè,Món Việt,https://down-vn.img.susercontent.com/vn-11134513-7r98o-lstrru4s5wp0ed@resize_ss640x400,https://www.foody.vn/da-nang/banh-trang-kep-di-hoa,/da-nang/banh-trang-kep-di-hoa/goi-mon
675145,"Highlands Coffee - Trà, Cà Phê & Bánh - Nguyễn Hữu Thọ","363 Nguyễn Hữu Thọ, P. Khuê Trung, Quận Cẩm Lệ, Đà Nẵng",Quận Cẩm Lệ,Đà Nẵng,16.0366854,108.2102075,7.478,29,111,0,,,,(0236) 3 613 025,True,False,False,False,,Café/Dessert,Món Việt,https://down-vn.img.susercontent.com/vn-11134513-81ztc-moj11lc68ftaed@resize_ss640x400,https://www.foody.vn/da-nang/highlands-coffee-tra-ca-phe-banh-nguyen-huu-tho,/da-nang/highlands-coffee-tra-ca-phe-banh-nguyen-huu-tho/goi-mon
1053942,"Highlands Coffee - Trà, Cà Phê & Bánh - Tôn Đức Thắng Đà Nẵng","277 Tôn Đức Thắng, P. Hòa Minh, Quận Liên Chiểu, Đà Nẵng",Quận Liên Chiểu,Đà Nẵng,16.056037,108.169413,6.802,3,2,0,,,,Đang cập nhật,True,False,False,False,,Café/Dessert,Món Việt,https://down-vn.img.susercontent.com/vn-11134513-81ztc-moj1393smqki76@resize_ss640x400,https://www.foody.vn/da-nang/highlands-coffee-tra-ca-phe-banh-ton-duc-thang-da-nang,/da-nang/highlands-coffee-tra-ca-phe-banh-ton-duc-thang-da-nang/goi-mon
1069114,Quán Ăn Hàn Quốc Thằng Bờm,"543/25 Tôn Đức Thắng, P. Hòa Khánh Nam, Quận Liên Chiểu, Đà Nẵng",Quận Liên Chiểu,Đà Nẵng,16.0648169,108.1551324,9.6,3,4,0,,,,Đang cập nhật,True,False,False,False,,Quán ăn,,https://down-vn.img.susercontent.com/vn-11134513-7r98o-lsv3dl2h7ogpc0@resize_ss640x400,https://www.foody.vn/da-nang/quan-an-han-quoc-thang-bom,/da-nang/quan-an-han-quoc-thang-bom/goi-mon
5701,Bánh Tráng Thịt Heo Bà Hường - 2 Tháng 9,"460 Đường 2 tháng 9, Quận Hải Châu, Đà Nẵng",Quận Hải Châu,Đà Nẵng,16.036244,108.223868,7.216,47,190,0,,,,(0236) 3 611 629 - 0903 501 715,True,False,False,False,,Nhà hàng,Món Miền Trung,https://down-vn.img.susercontent.com/vn-11134513-7r98o-lstq0rwidc5gba@resize_ss640x400,https://www.foody.vn/da-nang/banh-trang-thit-heo-ba-huong-2-thang-9,/da-nang/banh-trang-thit-heo-ba-huong-2-thang-9/goi-mon
145609,Bánh Canh Cua - Quân Nguyễn,"24 Ông Ích Khiêm, P. Thanh Bình, Quận Hải Châu, Đà Nẵng",Quận Hải Châu,Đà Nẵng,16.078256,108.211784,7.44,10,25,0,,,,0905 848 252 - 0914 222 442,True,False,False,False,,Shop Online,Món Việt,https://down-vn.img.susercontent.com/vn-11134513-7r98o-lstuaf7vyj7o64@resize_ss640x400,https://www.foody.vn/da-nang/banh-canh-cua-quan-nguyen,/da-nang/banh-canh-cua-quan-nguyen/goi-mon
9670,Bánh Mì Bà Lan - Trưng Nữ Vương,"62 Trưng Nữ Vương, P. Bình Hiên, Quận Hải Châu, Đà Nẵng",Quận Hải Châu,Đà Nẵng,16.058928,108.221254,7.228,82,181,0,,,,Đang cập nhật,False,False,False,False,,Tiệm bánh,Món Việt,https://down-vn.img.susercontent.com/vn-11134513-7r98o-lstq78amajt0c9@resize_ss640x400,https://www.foody.vn/da-nang/ba-lan-banh-mi-thit-cha,/da-nang/ba-lan-banh-mi-thit-cha/goi-mon
1179943,Bánh Mì Bà Lan - Đà Nẵng - 12 Lê Thánh Tôn,"12 Lê Thánh Tôn, P. Hải Châu 1, Quận Hải Châu, Đà Nẵng",Quận Hải Châu,Đà Nẵng,16.0739547,108.2195731,5.0,1,0,0,,,,Đang cập nhật,True,False,False,False,,Quán ăn,,https://down-vn.img.susercontent.com/vn-11134513-7r98o-lsvbxmbbbtehaa@resize_ss640x400,https://www.foody.vn/da-nang/banh-mi-ba-lan-da-nang-12-le-thanh-ton,/da-nang/banh-mi-ba-lan-da-nang-12-le-thanh-ton/goi-mon
746647,Tiệm Ăn Long Ký - Cơm Gà,"23 Lê Văn Hiến, P. Khuê Mỹ, Quận Ngũ Hành Sơn, Đà Nẵng",Quận Ngũ Hành Sơn,Đà Nẵng,16.034601,108.245073,8.234,6,29,0,,,,0914 014 095,True,False,False,False,,Quán ăn,Món Việt,https://down-vn.img.susercontent.com/vn-11134513-7r98o-lsu3mu3761llfc@resize_ss640x400,https://www.foody.vn/da-nang/tiem-an-long-ky-com-ga,/da-nang/tiem-an-long-ky-com-ga/goi-mon
788082,Coco Chè - Hồ Xuân Hương,"82 Hồ Xuân Hương, P. Khuê Mỹ, Quận Ngũ Hành Sơn, Đà Nẵng",Quận Ngũ Hành Sơn,Đà Nẵng,16.03956,108.246118,8.018,67,238,0,,,,Đang cập nhật,True,False,False,False,,Café/Dessert,Món Việt,https://down-vn.img.susercontent.com/vn-11134513-7r98o-lsu5f8ou957d17@resize_ss640x400,https://www.foody.vn/da-nang/coco-che,/da-nang/coco-che/goi-mon
999438,Hot Hot - Mì Cay 7 Cấp Độ - Thanh Huy 3,"4 Thanh Huy 3, P. Thanh Khê Đông, Quận Thanh Khê, Đà Nẵng",Quận Thanh Khê,Đà Nẵng,16.0683371,108.1823815,7.24,5,70,0,,,,Đang cập nhật,True,False,False,False,,Quán ăn,Món Hàn,https://down-vn.img.susercontent.com/vn-11134513-7r98o-lsu9dc2ag23d91@resize_ss640x400,https://www.foody.vn/da-nang/hot-hot-mi-cay-7-cap-do-thanh-huy-3,/da-nang/hot-hot-mi-cay-7-cap-do-thanh-huy-3/goi-mon
678287,Ốc Xinh Sài Gòn,"226 Lê Thanh Nghị, P. Hòa Cường Nam, Quận Hải Châu, Đà Nẵng",Quận Hải Châu,Đà Nẵng,16.034648,108.218495,7.638,27,157,0,,,,Đang cập nhật,False,False,False,False,,Quán ăn,Món Miền Trung,https://down-vn.img.susercontent.com/vn-11134513-7ra0g-m7uyqytrf8n7ac@resize_ss640x400,https://www.foody.vn/da-nang/oc-xinh-sai-gon,/da-nang/oc-xinh-sai-gon/goi-mon
1036291,Cơm Gà Huy Mập Hà Nội - Lý Thái Tông,"49 Lý Thái Tông, P. Thanh Khê Tây, Quận Thanh Khê, Đà Nẵng",Quận Thanh Khê,Đà Nẵng,16.0745774,108.175574,9.01,22,2,0,,,,Đang cập nhật,True,False,False,False,,Quán ăn,Món Việt,https://down-vn.img.susercontent.com/vn-11134513-7r98o-lsv0n42yr5w9ac@resize_ss640x400,https://www.foody.vn/da-nang/com-ga-huy-map-ha-noi-ly-thai-tong,/da-nang/com-ga-huy-map-ha-noi-ly-thai-tong/goi-mon
68668,Cơm Gà Tài Ký 1,"478A2 Điện Biên Phủ, P. Thanh Khê Đông, Quận Thanh Khê, Đà Nẵng",Quận Thanh Khê,Đà Nẵng,16.065818,108.18715,6.516,101,278,0,,,,Đang cập nhật,True,False,False,False,,"Quán ăn,, Giao cơm văn phòng","Món Việt,, Món Trung Hoa",https://down-vn.img.susercontent.com/vn-11134513-7r98o-lstryj8fcatgce@resize_ss640x400,https://www.foody.vn/da-nang/com-ga-tai-ky,/da-nang/com-ga-tai-ky/goi-mon
753898,Gin Quán - Cơm Gà,"25 - 27 Lý Thái Tông, P. Thanh Khê Tây, Quận Liên Chiểu, Đà Nẵng",Quận Liên Chiểu,Đà Nẵng,16.075357,108.176055,8.128,8,16,0,,,,0974247927,True,False,False,False,,"Quán ăn,, Giao cơm văn phòng",Món Việt,https://down-vn.img.susercontent.com/vn-11134513-7r98o-lsu3wx4lwjo9c4@resize_ss640x400,https://www.foody.vn/da-nang/gin-quan-com-ga,/da-nang/gin-quan-com-ga/goi-mon
874931,"Lan - Cháo Vịt, Cháo Gà & Cháo Lòng Heo","189 Lê Thanh Nghị, P. Hòa Cường Bắc, Quận Hải Châu, Đà Nẵng",Quận Hải Châu,Đà Nẵng,16.037665,108.218203,2.5,6,2,0,,,,02363697135,True,False,False,False,,Quán ăn,Món Việt,https://down-vn.img.susercontent.com/vn-11134513-7r98o-lsu6ih6d67k40b@resize_ss640x400,https://www.foody.vn/da-nang/lan-chao-vit-chao-ga-chao-long-heo,/da-nang/lan-chao-vit-chao-ga-chao-long-heo/goi-mon
6438,Tâm - Đặc Sản Bún Mắm,"K23/09 Trần kế Xương, Quận Hải Châu, Đà Nẵng",Quận Hải Châu,Đà Nẵng,16.06704,108.217014,7.182,60,177,0,,,,Đang cập nhật,True,False,False,False,,Quán ăn,Món Quảng,https://down-vn.img.susercontent.com/vn-11134513-7r98o-lstq27i4uxfo0c@resize_ss640x400,https://www.foody.vn/da-nang/quan-tam-bun-mam-thit-quay,/da-nang/quan-tam-bun-mam-thit-quay/goi-mon
1050889,Gà rán và Mì Ý - Jollibee - Lý Thái Tổ,"99 Lý Thái Tổ, P. Thạc Gián, Quận Thanh Khê, Đà Nẵng",Quận Thanh Khê,Đà Nẵng,16.066093,108.207668,1.0,1,3,0,,,,Đang cập nhật,True,False,False,False,,Nhà hàng,Philippines,https://down-vn.img.susercontent.com/vn-11134513-81ztc-moi1i6ona8ejcb@resize_ss640x400,https://www.foody.vn/da-nang/ga-ran-va-mi-y-jollibee-ly-thai-to,/da-nang/ga-ran-va-mi-y-jollibee-ly-thai-to/goi-mon
1058271,Bún Quậy Phú Quốc Út Nhi,"61 Huỳnh Thúc Kháng, P. Nam Dương, Quận Hải Châu, Đà Nẵng",Quận Hải Châu,Đà Nẵng,16.0597959,108.2183242,9.2,2,5,0,,,,Đang cập nhật,True,False,False,False,,Quán ăn,Món Việt,https://down-vn.img.susercontent.com/vn-11134513-7r98o-lsv2jb8pxbd081@resize_ss640x400,https://www.foody.vn/da-nang/bun-quay-phu-quoc-ut-nhi,/da-nang/bun-quay-phu-quoc-ut-nhi/goi-mon
728053,Ốc Ship,"212 Kinh Dương Vương, P. Thanh Khê Tây, Quận Liên Chiểu, Đà Nẵng",Quận Liên Chiểu,Đà Nẵng,16.075321,108.168902,7.5,2,2,0,,,,Đang cập nhật,True,False,False,False,,Ăn vặt/vỉa hè,Món Việt,https://down-vn.img.susercontent.com/vn-11134513-7r98o-lsu2rbwcx1ac57@resize_ss640x400,https://www.foody.vn/da-nang/oc-ship,/da-nang/oc-ship/goi-mon
6320,Bún Chả Cá Bà Phiến,"63 Lê Hồng Phong, Quận Hải Châu, Đà Nẵng",Quận Hải Châu,Đà Nẵng,16.063898,108.220308,7.58,86,276,0,,,,0905 102 047,True,False,False,False,,Quán ăn,Món Quảng,https://down-vn.img.susercontent.com/vn-11134513-7r98o-lstq1q786h7dd5@resize_ss640x400,https://www.foody.vn/da-nang/bun-cha-ca-ba-phien,/da-nang/bun-cha-ca-ba-phien/goi-mon
215239,Hai Dung - Bánh Tráng Trộn & Gỏi Xoài,"5 Bà Huyện Thanh Quan, P. Mỹ An, Quận Ngũ Hành Sơn, Đà Nẵng",Quận Ngũ Hành Sơn,Đà Nẵng,16.04206,108.241386,7.578,9,26,0,,,,Đang cập nhật,True,False,False,False,,Ăn vặt/vỉa hè,Món Việt,https://down-vn.img.susercontent.com/vn-11134513-7r98o-lstwk4c1zq9wcc@resize_ss640x400,https://www.foody.vn/da-nang/hai-dung-banh-trang-tron-goi-xoai,/da-nang/hai-dung-banh-trang-tron-goi-xoai/goi-mon
708566,"Trà Sữa, Mỳ Cay & Ăn Vặt Poc Poc","184 Phan Đăng Lưu, P. Hoà Cường Bắc, Quận Hải Châu, Đà Nẵng",Quận Hải Châu,Đà Nẵng,16.036241,108.2145683,6.806,56,136,0,,,,Đang cập nhật,False,False,False,False,,Ăn vặt/vỉa hè,Món Việt,https://down-vn.img.susercontent.com/vn-11134513-7r98o-lsu1y3mesoex89@resize_ss640x400,https://www.foody.vn/da-nang/tra-sua-my-cay-an-vat-poc-poc,/da-nang/tra-sua-my-cay-an-vat-poc-poc/goi-mon
247167,Bánh Canh Tư,"72 Tố Hữu, P. Hòa Cường Nam, Quận Hải Châu, Đà Nẵng",Quận Hải Châu,Đà Nẵng,16.0346453,108.2195048,9.7,2,1,0,,,,Đang cập nhật,True,False,False,False,,Quán ăn,Món Việt,https://down-vn.img.susercontent.com/vn-11134513-7r98o-lstxh57s7ic94c@resize_ss640x400,https://www.foody.vn/da-nang/banh-canh-tu,/da-nang/banh-canh-tu/goi-mon
317235,Bánh Cá Taiyaki NaNi - 161 Hà Huy Tập,"161 Hà Huy Tập, P. Hoà Khê, Quận Thanh Khê, Đà Nẵng",Quận Thanh Khê,Đà Nẵng,16.06394,108.19204,7.632,6,26,0,,,,Đang cập nhật,False,False,False,False,,Ăn vặt/vỉa hè,Món Nhật,https://down-vn.img.susercontent.com/vn-11134513-7r98o-lstyssdcad211a@resize_ss640x400,https://www.foody.vn/da-nang/banh-ca-taiyaki-nani-161-ha-huy-tap,/da-nang/banh-ca-taiyaki-nani-161-ha-huy-tap/goi-mon
1065569,An Lê Bakery - Trần Quốc Toản,"37 Trần Quốc Toản, P. Hải Châu 1, Quận Hải Châu, Đà Nẵng",Quận Hải Châu,Đà Nẵng,16.066285,108.222806,9.2,2,1,0,,,,Đang cập nhật,True,False,False,False,,Tiệm bánh,,https://down-vn.img.susercontent.com/vn-11134513-820l4-mfatj6ckndhp73@resize_ss640x400,https://www.foody.vn/da-nang/an-le-bakery-tran-quoc-toan,/da-nang/an-le-bakery-tran-quoc-toan/goi-mon
218283,Vân Hương - Cơm Tấm,"31 Nguyễn Thị Minh Khai, P. Thạch Thang, Quận Hải Châu, Đà Nẵng",Quận Hải Châu,Đà Nẵng,16.0746407,108.2179015,7.49,13,42,0,,,,(0236) 3 830 229,True,False,False,False,,Quán ăn,Món Việt,https://down-vn.img.susercontent.com/vn-11134513-7r98o-lstwoky4ycnt9f@resize_ss640x400,https://www.foody.vn/da-nang/van-huong-com-tam,/da-nang/van-huong-com-tam/goi-mon
1221943,Cơm Gà Bi - 404 Lê Văn Hiến,"404 Lê Văn Hiến, P.Khuê Mỹ, Quận Ngũ Hành Sơn, Đà Nẵng",Quận Ngũ Hành Sơn,Đà Nẵng,16.0214591,108.2512595,10.0,108,8,0,,,,Đang cập nhật,True,False,False,False,,Quán ăn,,https://down-vn.img.susercontent.com/vn-11134259-7r98o-lyw70dolgbdt56@resize_ss640x400,https://www.foody.vn/da-nang/com-ga-bi-404-le-van-hien,/da-nang/com-ga-bi-404-le-van-hien/goi-mon
93240,Mít Trộn - Hoành Thánh Chiên - 01 Nguyễn Gia Thiều,"1 Nguyễn Gia Thiều, P. Thạc Gián, Quận Thanh Khê, Đà Nẵng",Quận Thanh Khê,Đà Nẵng,16.058608,108.210727,7.494,74,253,0,,,,Đang cập nhật,False,False,False,False,,Ăn vặt/vỉa hè,Món Quảng,https://down-vn.img.susercontent.com/vn-11134513-7r98o-lstsh5ubzjixf9@resize_ss640x400,https://www.foody.vn/da-nang/da-heo-tron-hoanh-thanh-chien,/da-nang/da-heo-tron-hoanh-thanh-chien/goi-mon
1067155,Cháo Vịt Thảo - Nguyễn Đình Trọng,"23 Nguyễn Đình Trọng, P. Hòa Khánh Nam, Quận Liên Chiểu, Đà Nẵng",Quận Liên Chiểu,Đà Nẵng,16.0675912,108.1498579,5.0,1,0,0,,,,Đang cập nhật,False,False,False,False,,Quán ăn,,https://down-vn.img.susercontent.com/vn-11134513-7r98o-lsv3a4votx21fc@resize_ss640x400,https://www.foody.vn/da-nang/chao-vit-thao-nguyen-dinh-trong,/da-nang/chao-vit-thao-nguyen-dinh-trong/goi-mon
71687,Xoa Xoa Hạt Lựu Cô Châm - Núi Thành,"374/6 Núi Thành, P. Hòa Cường Bắc, Quận Hải Châu, Đà Nẵng",Quận Hải Châu,Đà Nẵng,16.0400699,108.2213541,7.544,49,203,0,,,,Đang cập nhật,True,False,False,False,,Café/Dessert,Món Việt,https://down-vn.img.susercontent.com/vn-11134513-7r98o-lsts142hhlllb8@resize_ss640x400,https://www.foody.vn/da-nang/xoa-xoa-hat-luu-co-cham-374-nui-thanh,/da-nang/xoa-xoa-hat-luu-co-cham-374-nui-thanh/goi-mon
300087,Xoa Xoa Hạt Lựu - Cô Châm Chợ Cồn,"Khu Ẩm Thực Chợ Cồn, P. Hải Châu 2, Quận Hải Châu, Đà Nẵng",Quận Hải Châu,Đà Nẵng,16.067145,108.214089,9.602,3,17,0,,,,01228 597 985 - 0935 609 885,True,False,False,False,,Quán ăn,Món Việt,https://down-vn.img.susercontent.com/vn-11134513-7r98o-lzhiu7v620tdfa@resize_ss640x400,https://www.foody.vn/da-nang/co-cham-xoa-xoa-hat-luu,/da-nang/co-cham-xoa-xoa-hat-luu/goi-mon
12878,Cháo Chả Huy Loan,"205 Hùng Vương, Quận Hải Châu, Đà Nẵng",Quận Hải Châu,Đà Nẵng,16.067468,108.215518,7.602,11,39,0,,,,Đang cập nhật,True,False,False,False,,Quán ăn,Món Việt,https://down-vn.img.susercontent.com/vn-11134513-7r98o-lstqcafxux7d43@resize_ss640x400,https://www.foody.vn/da-nang/chao-cha-huy-loan,/da-nang/chao-cha-huy-loan/goi-mon
12488,Quán Chay Thúy,"122 Hoàng Diệu, P. Hải Châu 2, Quận Hải Châu, Đà Nẵng",Quận Hải Châu,Đà Nẵng,16.063686,108.218192,6.534,95,405,0,,,,Đang cập nhật,True,False,False,False,,"Ăn chay,, Quán ăn",Món Việt,https://down-vn.img.susercontent.com/vn-11134513-7ras8-mc92dllxa7ab99@resize_ss640x400,https://www.foody.vn/da-nang/quan-chay-thuy,/da-nang/quan-chay-thuy/goi-mon
1034315,KOI Thé - Trần Hưng Đạo,"469 Đường Trần Hưng Đạo, P. An Hải Trung, Quận Sơn Trà, Đà Nẵng",Quận Sơn Trà,Đà Nẵng,16.063818,108.2302144,9.76,5,15,0,,,,Đang cập nhật,True,False,False,False,,Café/Dessert,Singapore,https://down-vn.img.susercontent.com/vn-11134513-81ztc-mpa5vll8u6f4d3@resize_ss640x400,https://www.foody.vn/da-nang/koi-the-tran-hung-dao,/da-nang/koi-the-tran-hung-dao/goi-mon
682001,BonPas Bakery & Cafe - Điện Biên Phủ,"143 Điện Biên Phủ, P. Chính Gián, Quận Thanh Khê, Đà Nẵng",Quận Thanh Khê,Đà Nẵng,16.065472,108.19855,7.666,79,358,0,,,,(0236) 3 626 799,True,False,False,False,,Café/Dessert,Món Việt,https://down-vn.img.susercontent.com/vn-11134513-81ztc-moqoqgqb1celcb@resize_ss640x400,https://www.foody.vn/da-nang/bonpas-bakery-cafe-dien-bien-phu,/da-nang/bonpas-bakery-cafe-dien-bien-phu/goi-mon
72565,Quán Nhậu Heo Tộc,"81 Lê Thanh Nghị, P. Hòa Cường Bắc, Quận Hải Châu, Đà Nẵng",Quận Hải Châu,Đà Nẵng,16.041753,108.217816,7.432,31,129,0,,,,0936 458 334,True,False,False,False,,Quán nhậu,Món Việt,https://down-vn.img.susercontent.com/vn-11134513-7r98o-lsts2guu3e84d1@resize_ss640x400,https://www.foody.vn/da-nang/quan-nhau-heo-toc,/da-nang/quan-nhau-heo-toc/goi-mon
990102,Bánh Canh Cá Lóc Hải Lăng - Nguyễn Huy Tưởng,"77 Nguyễn Huy Tưởng, P. Hòa Minh, Quận Liên Chiểu, Đà Nẵng",Quận Liên Chiểu,Đà Nẵng,16.05323,108.169562,10.0,1,2,0,,,,0939574777,True,False,False,False,,Quán ăn,Món Miền Trung,https://down-vn.img.susercontent.com/vn-11134513-7r98o-lsu95v8bukzoe9@resize_ss640x400,https://www.foody.vn/da-nang/banh-canh-ca-loc-hai-lang-nguyen-huy-tuong,/da-nang/banh-canh-ca-loc-hai-lang-nguyen-huy-tuong/goi-mon
6683,Cháo Vịt Bà Thôi,"22 Hoàng Văn Thụ, Quận Hải Châu, Đà Nẵng",Quận Hải Châu,Đà Nẵng,16.0628173,108.222446,5.504,25,55,0,,,,Đang cập nhật,True,False,False,False,,Quán ăn,Món Việt,https://down-vn.img.susercontent.com/vn-11134513-7r98o-lstq2nhlgt5lb0@resize_ss640x400,https://www.foody.vn/da-nang/quan-ba-thoi-chao-vit,/da-nang/quan-ba-thoi-chao-vit/goi-mon
100573,Gỏi Cá Thanh Hương - Hồ Tương,"50 Hồ Tương, P. Thanh Khê Đông, Quận Thanh Khê, Đà Nẵng",Quận Thanh Khê,Đà Nẵng,16.063182,108.182991,8.168,6,20,0,,,,Đang cập nhật,True,False,False,False,,Quán ăn,Món Quảng,https://down-vn.img.susercontent.com/vn-11134513-7r98o-lstso6ko5878a3@resize_ss640x400,https://www.foody.vn/da-nang/goi-ca-thanh-huong-ho-tuong,/da-nang/goi-ca-thanh-huong-ho-tuong/goi-mon
667629,Mì Quảng Bà Dinh,"42 Đào Duy Từ, P. Tân Chính, Quận Thanh Khê, Đà Nẵng",Quận Thanh Khê,Đà Nẵng,16.067986,108.212505,6.858,18,51,0,,,,Đang cập nhật,True,False,False,False,,Quán ăn,Món Quảng,https://down-vn.img.susercontent.com/vn-11134513-7r98o-lsu0dfrtvamx74@resize_ss640x400,https://www.foody.vn/da-nang/mi-quang-ba-dinh,/da-nang/mi-quang-ba-dinh/goi-mon
13508,Bé Mai - Bún Bò Huế,"6 Nguyễn Thị Bảy, P. Thanh Khê Tây, Quận Thanh Khê, Đà Nẵng",Quận Thanh Khê,Đà Nẵng,16.0771652,108.1724131,8.094,15,25,0,,,,0935 323 119 -  0934 979 089,True,False,False,False,,Quán ăn,Món Huế,https://down-vn.img.susercontent.com/vn-11134513-7r98o-lstqdcic1aqh16@resize_ss640x400,https://www.foody.vn/da-nang/be-mai-bun-bo-hue,/da-nang/be-mai-bun-bo-hue/goi-mon
687598,Opalus Cafe,"524 Trưng Nữ Vương, P. Hòa Thuận Tây, Quận Hải Châu, Đà Nẵng",Quận Hải Châu,Đà Nẵng,16.048571,108.213165,8.802,11,87,0,,,,Đang cập nhật,True,False,False,False,,Café/Dessert,Món Việt,https://down-vn.img.susercontent.com/vn-11134513-7r98o-lsu1491hcsk96a@resize_ss640x400,https://www.foody.vn/da-nang/opalus-cafe,/da-nang/opalus-cafe/goi-mon
946316,Model Coffee,"48 Văn Cao, P. Thạc Gián, Quận Thanh Khê, Đà Nẵng",Quận Thanh Khê,Đà Nẵng,16.0643805,108.2096766,1.0,1,42,0,,,,0905603669,True,False,False,False,,Café/Dessert,Món Việt,https://down-vn.img.susercontent.com/vn-11134513-7r98o-lsu87ybqhvpgb3@resize_ss640x400,https://www.foody.vn/da-nang/model-coffee,/da-nang/model-coffee/goi-mon
208598,Quán Chi - Đặc Sản Huế,"73 Đặng Vũ Hỷ, P. Phước Mỹ, Quận Sơn Trà, Đà Nẵng",Quận Sơn Trà,Đà Nẵng,16.0592643,108.2401441,6.0,3,16,0,,,,01658 741 252,True,False,False,False,,Quán ăn,Món Huế,https://down-vn.img.susercontent.com/vn-11134513-7r98o-lstwc7yq4tl0dc@resize_ss640x400,https://www.foody.vn/da-nang/quan-chi-dac-san-hue,/da-nang/quan-chi-dac-san-hue/goi-mon
968018,Bánh Tráng Kẹp Cô Phương,"295 Huy Cận, Quận Cẩm Lệ, Đà Nẵng",Quận Cẩm Lệ,Đà Nẵng,16.032373,108.211821,7.6,1,5,0,,,,0905955736 ( Ms. Phương),False,False,False,False,,Quán ăn,Món Miền Trung,https://down-vn.img.susercontent.com/vn-11134513-7r98o-lsu8n5au2c9l69@resize_ss640x400,https://www.foody.vn/da-nang/banh-trang-kep-co-phuong,/da-nang/banh-trang-kep-co-phuong/goi-mon
12074,Gà Rán & Burger Lotteria - Đà Nẵng Lê Duẩn,"120 Nguyễn Thị Minh Khai, Quận Hải Châu, Đà Nẵng",Quận Hải Châu,Đà Nẵng,16.0709985,108.218801,7.45,172,800,0,,,,(0236) 3829 929,True,False,False,False,,"Nhà hàng,, Tiệm bánh",Món Hàn,https://down-vn.img.susercontent.com/vn-11134259-7r98o-lwfug5z2l3a379@resize_ss640x400,https://www.foody.vn/da-nang/ga-ran-burger-lotteria-da-nang-le-duan,/da-nang/ga-ran-burger-lotteria-da-nang-le-duan/goi-mon
1214831,Túc Tắc Tea - Nguyễn Lương Bằng,"25 Nguyễn Lương Bằng, P. Hòa Khánh Bắc, Quận Liên Chiểu, Đà Nẵng",Quận Liên Chiểu,Đà Nẵng,16.072399,108.1504319,5.0,2,0,0,,,,Đang cập nhật,True,False,False,False,,Café/Dessert,,https://down-vn.img.susercontent.com/vn-11134513-81ztc-mm19sbhzzoxsd3@resize_ss640x400,https://www.foody.vn/da-nang/tuc-tac-tea-nguyen-luong-bang,/da-nang/tuc-tac-tea-nguyen-luong-bang/goi-mon
287931,Gong Cha - Trà & Cà Phê - Nguyễn Văn Linh,"1 Nguyễn Văn Linh, P. Bình Hiên, Quận Hải Châu, Đà Nẵng",Quận Hải Châu,Đà Nẵng,16.060816,108.221013,7.604,707,2907,0,,,,Đang cập nhật,True,False,False,False,,Café/Dessert,Đài Loan,https://down-vn.img.susercontent.com/vn-11134513-81ztc-mo91h24o464gf6@resize_ss640x400,https://www.foody.vn/da-nang/gong-cha-tra-ca-phe-nguyen-van-linh,/da-nang/gong-cha-tra-ca-phe-nguyen-van-linh/goi-mon
110978,Ốc Ken Sài Gòn - Đống Đa,"174 Đống Đa, P. Thuận Phước, Quận Hải Châu, Đà Nẵng",Quận Hải Châu,Đà Nẵng,16.079228,108.217617,6.802,130,1057,0,,,,(0236) 625 8889 - 0964 671 823 - 0983 91 92 98,True,False,False,False,,Quán ăn,Món Việt,https://down-vn.img.susercontent.com/vn-11134513-7r98o-lstt11cgxml598@resize_ss640x400,https://www.foody.vn/da-nang/oc-ken-sai-gon-dong-da,/da-nang/oc-ken-sai-gon-dong-da/goi-mon
18642,Cơm Tấm Ngon - 85 Hà Huy Tập,"85 Hà Huy Tập, P. Hòa khê, Quận Thanh Khê, Đà Nẵng",Quận Thanh Khê,Đà Nẵng,16.067255,108.19208,5.204,35,89,0,,,,Đang cập nhật,True,False,False,False,,"Quán ăn,, Giao cơm văn phòng",Món Việt,https://down-vn.img.susercontent.com/vn-11134513-7r98o-lstqkx355fwk46@resize_ss640x400,https://www.foody.vn/da-nang/com-tam-ngon-85-ha-huy-tap,/da-nang/com-tam-ngon-85-ha-huy-tap/goi-mon
858427,Cháo Dinh Dưỡng Thảo Vy,"229 Nguyễn Hoàng, P. Bình Hiên, Quận Hải Châu, Đà Nẵng",Quận Hải Châu,Đà Nẵng,16.0583,108.213282,4.736,3,9,0,,,,Đang cập nhật,True,False,False,False,,Quán ăn,Món Việt,https://down-vn.img.susercontent.com/vn-11134513-7r98o-lsu64ssjpsqs08@resize_ss640x400,https://www.foody.vn/da-nang/chao-dinh-duong-thao-vy,/da-nang/chao-dinh-duong-thao-vy/goi-mon
174802,Vườn Chuối SG - Bún Mắm Miền Tây - Bún Bò SG - Canh Bún - Bún Riêu SG,"236 Hải Phòng, P. Tam Thuận, Quận Thanh Khê, Đà Nẵng",Quận Thanh Khê,Đà Nẵng,16.0707091,108.2076427,7.444,60,183,0,,,,Đang cập nhật,True,False,False,False,,Quán ăn,Món Việt,https://down-vn.img.susercontent.com/vn-11134513-7r98o-lstv9zgehkm11a@resize_ss640x400,https://www.foody.vn/da-nang/vuon-chuoi-sg-bun-mam-mien-tay-bun-bo-sg-canh-bun-bun-rieu-sg,/da-nang/vuon-chuoi-sg-bun-mam-mien-tay-bun-bo-sg-canh-bun-bun-rieu-sg/goi-mon
1048812,Đông Lâm Restaurant - Ẩm Thực Trung Hoa - 55 Trần Bạch Đằng,"Tầng 2, 55 Trần Bạch Đằng, P. Mỹ An, Quận Ngũ Hành Sơn, Đà Nẵng",Quận Ngũ Hành Sơn,Đà Nẵng,16.05269,108.246836,7.8,1,42,0,,,,Đang cập nhật,False,False,False,False,,Nhà hàng,Món Trung Hoa,https://down-vn.img.susercontent.com/vn-11134513-7r98o-lsv1ngxze6ro02@resize_ss640x400,https://www.foody.vn/da-nang/dong-lam-restaurant-am-thuc-trung-hoa-55-tran-bach-dang,/da-nang/dong-lam-restaurant-am-thuc-trung-hoa-55-tran-bach-dang/goi-mon
671459,Bà Cầu - Xôi Gà & Cháo Lòng,"37A Nguyễn Thị Minh Khai, P. Thạch Thang, Quận Hải Châu, Đà Nẵng",Quận Hải Châu,Đà Nẵng,16.074637,108.218119,8.714,23,19,0,,,,Đang cập nhật,True,False,False,False,,Ăn vặt/vỉa hè,Món Việt,https://down-vn.img.susercontent.com/vn-11134513-7r98o-lsu0iqcyyuh080@resize_ss640x400,https://www.foody.vn/da-nang/ba-cau-xoi-ga-chao-long,/da-nang/ba-cau-xoi-ga-chao-long/goi-mon
312243,"Cháo Tôm 118 - Cháo, Súp & Dừa Trái","118 Lý Tự Trọng, P. Thanh Bình, Quận Hải Châu, Đà Nẵng",Quận Hải Châu,Đà Nẵng,16.076878,108.216391,7.88,5,23,0,,,,Đang cập nhật,True,False,False,False,,Quán ăn,Món Việt,https://down-vn.img.susercontent.com/vn-11134513-7r98o-lstyozfwnzq1d4@resize_ss640x400,https://www.foody.vn/da-nang/chao-tom-118-chao-sup-dua-trai,/da-nang/chao-tom-118-chao-sup-dua-trai/goi-mon
16616,Kem Ký - Trần Quốc Toản,"10 Trần Quốc Toản, Quận Hải Châu, Đà Nẵng",Quận Hải Châu,Đà Nẵng,16.066145,108.223561,7.762,11,52,0,,,,0905 891 897,True,False,False,False,,Café/Dessert,Món Việt,https://down-vn.img.susercontent.com/vn-11134513-7r98o-lstqi15t9txge9@resize_ss640x400,https://www.foody.vn/da-nang/kem-ky-tran-quoc-toan,/da-nang/kem-ky-tran-quoc-toan/goi-mon
158773,Pizza Khủng Long Mập - Ông Ích Đường,"84/1 Ông Ích Đường, Quận Cẩm Lệ, Đà Nẵng",Quận Cẩm Lệ,Đà Nẵng,16.015559,108.205191,7.898,27,131,0,,,,Đang cập nhật,False,False,False,False,,Quán ăn,Món Việt,https://down-vn.img.susercontent.com/vn-11134513-7r98o-lstupjk3duvtd2@resize_ss640x400,https://www.foody.vn/da-nang/pizza-khung-long-map-ong-ich-duong,/da-nang/pizza-khung-long-map-ong-ich-duong/goi-mon
8079,Bún Chả Hà Nội - Thái Phiên,"58 Thái Phiên, P. Phước Ninh, Quận Hải Châu, Đà Nẵng",Quận Hải Châu,Đà Nẵng,16.06512,108.221792,6.424,51,182,0,,,,Đang cập nhật,True,False,False,False,,Quán ăn,Món Bắc,https://down-vn.img.susercontent.com/vn-11134513-7r98o-lstq4rv9ozwk2b@resize_ss640x400,https://www.foody.vn/da-nang/bun-cha-ha-noi-thai-phien,/da-nang/bun-cha-ha-noi-thai-phien/goi-mon
88877,Ốc Hút Hạnh,"277 Đống Đa, P. Thạch Thang, Quận Hải Châu, Đà Nẵng",Quận Hải Châu,Đà Nẵng,16.073453,108.21388,7.638,23,82,0,,,,Đang cập nhật,False,False,False,False,,Quán ăn,Món Quảng,https://down-vn.img.susercontent.com/vn-11134513-7r98o-lstsc88zvezd34@resize_ss640x400,https://www.foody.vn/da-nang/oc-hut-hanh,/da-nang/oc-hut-hanh/goi-mon
126086,Cơm Gà Bà Nguyệt - Lê Hồng Phong,"49 Lê Hồng Phong, P. Phước Ninh, Quận Hải Châu, Đà Nẵng",Quận Hải Châu,Đà Nẵng,16.063995,108.220993,6.324,26,110,0,,,,Đang cập nhật,True,False,False,False,,"Quán ăn,, Giao cơm văn phòng",Món Việt,https://down-vn.img.susercontent.com/vn-11134513-7ras8-m5zlxxc424ubae@resize_ss640x400,https://www.foody.vn/da-nang/com-ga-ba-nguyet-le-hong-phong,/da-nang/com-ga-ba-nguyet-le-hong-phong/goi-mon
8931,Chè Xuân Trang - Lê Duẩn,"31 Lê Duẩn, Quận Hải Châu, Đà Nẵng",Quận Hải Châu,Đà Nẵng,16.071383,108.220946,7.196,158,432,0,,,,Đang cập nhật,True,False,False,False,,Ăn vặt/vỉa hè,Món Miền Trung,https://down-vn.img.susercontent.com/vn-11134513-7r98o-lstq69o8ygm138@resize_ss640x400,https://www.foody.vn/da-nang/che-xuan-trang-le-duan,/da-nang/che-xuan-trang-le-duan/goi-mon
695042,Mì Quảng Nhung - Nguyễn Tất Thành,"135 Nguyễn Tất Thành, P. Thanh Bình, Quận Hải Châu, Đà Nẵng",Quận Hải Châu,Đà Nẵng,16.082874,108.213136,8.634,6,20,0,,,,Đang cập nhật,False,False,False,False,,Quán ăn,Món Quảng,https://down-vn.img.susercontent.com/vn-11134513-7r98o-lsu1g1qbu0ex22@resize_ss640x400,https://www.foody.vn/da-nang/mi-quang-nhung-nguyen-tat-thanh,/da-nang/mi-quang-nhung-nguyen-tat-thanh/goi-mon
1055726,Trà Sữa Xingfu Cha,"140 Phạm Cự Lượng, P. An Hải Bắc, Quận Sơn Trà, Đà Nẵng",Quận Sơn Trà,Đà Nẵng,16.061305,108.236112,9.28,5,33,0,,,,Đang cập nhật,True,False,False,False,,Café/Dessert,Món Việt,https://down-vn.img.susercontent.com/vn-11134513-7r98o-lsv2a6piozpga3@resize_ss640x400,https://www.foody.vn/da-nang/tra-sua-xingfu-cha,/da-nang/tra-sua-xingfu-cha/goi-mon
6314,Bún Lòng Bà Hiền,"338/22/11 Hải Phòng, P. Chính Gián, Quận Thanh Khê, Đà Nẵng",Quận Thanh Khê,Đà Nẵng,16.069053,108.204397,5.488,18,60,0,,,,Đang cập nhật,False,False,False,False,,Quán ăn,Món Quảng,https://down-vn.img.susercontent.com/vn-11134513-7r98o-lstq1q4gajdl4d@resize_ss640x400,https://www.foody.vn/da-nang/bun-long-ba-hien,/da-nang/bun-long-ba-hien/goi-mon
1000047667,Gỏi Cá Nam Ô A Sinh - Huỳnh Thúc Kháng,"130 Huỳnh Thúc Kháng, P. Nam Dương, Quận Hải Châu, Đà Nẵng",Quận Hải Châu,Đà Nẵng,16.0587697,108.2180346,3.4,1,0,0,,,,Đang cập nhật,True,False,False,False,,Quán ăn,Món Miền Trung,https://down-vn.img.susercontent.com/vn-11134513-7r98o-lsvfs09uwts4d8@resize_ss640x400,https://www.foody.vn/da-nang/goi-ca-nam-o-a-sinh-huynh-thuc-khang,/da-nang/goi-ca-nam-o-a-sinh-huynh-thuc-khang/goi-mon
1138544,Quán Cô Hồng - Đặc sản Đà Nẵng - 103 Nguyễn Văn Thoại,"103 Nguyễn Văn Thoại, P. An Hải Đông, Quận Sơn Trà, Đà Nẵng",Quận Sơn Trà,Đà Nẵng,16.0543947,108.2393138,7.1,2,3,0,,,,Đang cập nhật,True,False,False,False,,Quán ăn,,https://down-vn.img.susercontent.com/vn-11134513-7r98o-lsv8nugfuh1g95@resize_ss640x400,https://www.foody.vn/da-nang/quan-co-hong-dac-san-da-nang-103-nguyen-van-thoai,/da-nang/quan-co-hong-dac-san-da-nang-103-nguyen-van-thoai/goi-mon
776026,Dê Tư Hậu,"Lô 39 Bùi Tá Hán, P. Khuê Mỹ, Quận Ngũ Hành Sơn, Đà Nẵng",Quận Ngũ Hành Sơn,Đà Nẵng,16.027887,108.238219,8.4,1,10,0,,,,0909222519,True,False,False,False,,Quán ăn,Món Việt,https://down-vn.img.susercontent.com/vn-11134513-7r98o-lsu4x84r9fb846@resize_ss640x400,https://www.foody.vn/da-nang/de-tu-hau,/da-nang/de-tu-hau/goi-mon
1017885,Omori - Cơm Bò Nướng,"40 Lê Đình Dương, P. Phước Ninh, Quận Hải Châu, Đà Nẵng",Quận Hải Châu,Đà Nẵng,16.0612716,108.221357,8.452,24,62,0,,,,0705689222,True,False,False,False,,Quán ăn,Món Việt,https://down-vn.img.susercontent.com/vn-11134513-7r98o-lsu9u9w41aroc5@resize_ss640x400,https://www.foody.vn/da-nang/omori-com-bo-nuong,/da-nang/omori-com-bo-nuong/goi-mon
878739,Hải Sản Phủi,"109 Hồ Nghinh, P. Phước Mỹ, Quận Sơn Trà, Đà Nẵng",Quận Sơn Trà,Đà Nẵng,16.074579,108.24314,5.816,12,36,0,,,,Đang cập nhật,True,False,False,False,,Quán ăn,Món Việt,https://down-vn.img.susercontent.com/vn-11134513-7r98o-lsu6q81v2mc968@resize_ss640x400,https://www.foody.vn/da-nang/hai-san-phui,/da-nang/hai-san-phui/goi-mon
652405,Maguro Sushi - Ẩm Thực Nhật Bản,"51X Nguyễn Chí Thanh, P. Thạch Thang, Quận Hải Châu, Đà Nẵng",Quận Hải Châu,Đà Nẵng,16.07665,108.220505,6.978,24,132,0,,,,0946 937 856,True,False,False,False,,Quán ăn,Món Nhật,https://down-vn.img.susercontent.com/vn-11134513-7r98o-lstzw42unbnod5@resize_ss640x400,https://www.foody.vn/da-nang/maguro-sushi-am-thuc-nhat-ban,/da-nang/maguro-sushi-am-thuc-nhat-ban/goi-mon
18880,Bà Toải - Bún Riêu & Bún Chả Cá,"104 Trần Cao Vân, P. Tam Thuận, Quận Thanh Khê, Đà Nẵng",Quận Thanh Khê,Đà Nẵng,16.07263,108.209335,7.7,12,13,0,,,,Đang cập nhật,False,False,False,False,,Quán ăn,Món Việt,https://down-vn.img.susercontent.com/vn-11134513-7ra0g-m6mdcaprfzh49a@resize_ss640x400,https://www.foody.vn/da-nang/ba-toai-bun-rieu-bun-cha-ca,/da-nang/ba-toai-bun-rieu-bun-cha-ca/goi-mon
133003,Kem Bơ Thiên Thanh,"73 Phạm Thế Hiển, P. Khuê Trung, Quận Cẩm Lệ, Đà Nẵng",Quận Cẩm Lệ,Đà Nẵng,16.034801,108.211239,7.138,16,58,0,,,,Đang cập nhật,True,False,False,False,,Ăn vặt/vỉa hè,Món Miền Trung,https://down-vn.img.susercontent.com/vn-11134513-7r98o-lsttu614b72x2a@resize_ss640x400,https://www.foody.vn/da-nang/kem-bo-thien-thanh,/da-nang/kem-bo-thien-thanh/goi-mon
170341,Snow Pizza,"134 Phan Đăng Lưu, P. Hòa Cường Bắc, Quận Hải Châu, Đà Nẵng",Quận Hải Châu,Đà Nẵng,16.036288,108.216316,7.884,235,1458,0,,,,(0236) 3 991 899 - 01695 562 778,True,False,False,False,,Nhà hàng,"Món Hàn,, Ý",https://down-vn.img.susercontent.com/vn-11134513-7r98o-lw6t2jltdj2xc6@resize_ss640x400,https://www.foody.vn/da-nang/snow-pizza,/da-nang/snow-pizza/goi-mon
5742,Bún Chả Cá 109 - Nguyễn Chí Thanh,"109 Nguyễn Chí Thanh, Quận Hải Châu, Đà Nẵng",Quận Hải Châu,Đà Nẵng,16.074584,108.220643,7.086,109,282,0,,,,(0236) 3 863 022,True,False,False,False,,Quán ăn,Món Miền Trung,https://down-vn.img.susercontent.com/vn-11134513-7r98o-lstq0vm90fq125@resize_ss640x400,https://www.foody.vn/da-nang/bun-cha-ca-109-nguyen-chi-thanh,/da-nang/bun-cha-ca-109-nguyen-chi-thanh/goi-mon
126393,Quỳnh Anh - Hủ Tiếu Nam Vang,"60 Thái Phiên, P. Phước Ninh, Quận Hải Châu, Đà Nẵng",Quận Hải Châu,Đà Nẵng,16.065138,108.221757,6.826,8,35,0,,,,0905 766 659,True,False,False,False,,Quán ăn,Món Việt,https://down-vn.img.susercontent.com/vn-11134513-7r98o-lsttkqargudg15@resize_ss640x400,https://www.foody.vn/da-nang/quynh-anh-quan-hu-tieu,/da-nang/quynh-anh-quan-hu-tieu/goi-mon
739198,Phở Việt - Ngô Quyền,"1066 Ngô Quyền, P. An Hải Tây, Quận Sơn Trà, Đà Nẵng",Quận Sơn Trà,Đà Nẵng,16.060403,108.234511,8.324,16,40,0,,,,0869 898 998,True,False,False,False,,Quán ăn,Món Việt,https://down-vn.img.susercontent.com/vn-11134513-7r98o-lsu38nm66ll007@resize_ss640x400,https://www.foody.vn/da-nang/pho-viet-ngo-quyen,/da-nang/pho-viet-ngo-quyen/goi-mon
651006,Quán Cơm Nhà Ta,"134 Đường 2 Tháng 9, P. Hòa Thuận Đông, Quận Hải Châu, Đà Nẵng",Quận Hải Châu,Đà Nẵng,16.051833,108.222131,6.726,27,92,0,,,,Đang cập nhật,True,False,False,False,,Quán ăn,Món Miền Trung,https://down-vn.img.susercontent.com/vn-11134513-7r98o-lstzu9ulhkucb7@resize_ss640x400,https://www.foody.vn/da-nang/quan-an-nha-ta,/da-nang/quan-an-nha-ta/goi-mon
255873,Bánh Mì - Bánh Kem TT,"Bánh Mỳ Thi Thảo, Số 93 Nguyễn Công Trứ, Quận Sơn Trà, Đà Nẵng",Quận Sơn Trà,Đà Nẵng,16.06777,108.233116,7.732,3,26,0,,,,(0236) 3 572 829,True,False,False,False,,Tiệm bánh,Món Việt,https://down-vn.img.susercontent.com/vn-11134513-7r98o-lstxmyfk1o618e@resize_ss640x400,https://www.foody.vn/da-nang/banh-mi-banh-kem-tt,/da-nang/banh-mi-banh-kem-tt/goi-mon
4614,Bánh Su Kem Chewy Junior - Lê Lợi,"136 Lê Lợi, Quận Hải Châu, Đà Nẵng",Quận Hải Châu,Đà Nẵng,16.074269,108.220004,7.696,263,1058,0,,,,Đang cập nhật,True,False,False,False,,Tiệm bánh,Singapore,https://down-vn.img.susercontent.com/vn-11134513-7r98o-lstpywf14l387a@resize_ss640x400,https://www.foody.vn/da-nang/chewy-junior-le-loi,/da-nang/chewy-junior-le-loi/goi-mon
170380,Bếp Cúc - Bún Bò Huế - Bún Hến & Cơm Hến,"18 Lê Thanh Nghị, Quận Hải Châu, Đà Nẵng",Quận Hải Châu,Đà Nẵng,16.043756,108.217383,7.2,4,23,0,,,,Đang cập nhật,True,False,False,False,,Quán ăn,Món Huế,https://down-vn.img.susercontent.com/vn-11134513-7r98o-lstv377jwudgeb@resize_ss640x400,https://www.foody.vn/da-nang/bep-cuc-bun-bo-hue-bun-hen-com-hen,/da-nang/bep-cuc-bun-bo-hue-bun-hen-com-hen/goi-mon
1000000069,Tiệm Nhà Nhung - Chân Gà Sốt Thái - Hoàng Dư Khương,"106 Hoàng Dư Khương, P. Khuê Trung, Quận Cẩm Lệ, Đà Nẵng",Quận Cẩm Lệ,Đà Nẵng,16.0261047,108.2110663,8.272,11,22,0,,,,Đang cập nhật,True,False,False,False,,Shop Online,Món Việt,https://down-vn.img.susercontent.com/vn-11134513-7r98o-lsvdq5dvslvo60@resize_ss640x400,https://www.foody.vn/da-nang/tiem-nha-nhung-chan-ga-sot-thai-hoang-du-khuong,/da-nang/tiem-nha-nhung-chan-ga-sot-thai-hoang-du-khuong/goi-mon
88752,Bé Anh Restaurant - Hải Sản,"Lô B14-15, Ngã ba Hồ Nghinh - Nguyễn Cao Luyện, P. An Hải Bắc, Quận Sơn Trà, Đà Nẵng",Quận Sơn Trà,Đà Nẵng,16.069424,108.243053,6.86,64,520,0,,,,0905 516 726,True,False,False,False,,Nhà hàng,Món Việt,https://down-vn.img.susercontent.com/vn-11134513-7r98o-lstsd3x3j0lg22@resize_ss640x400,https://www.foody.vn/da-nang/be-anh-restaurant,/da-nang/be-anh-restaurant/goi-mon
863004,Cơm Gà A Tý - Nguyễn Chí Thanh,"215 Nguyễn Chí Thanh, P. Hải Châu 1, Quận Hải Châu, Đà Nẵng",Quận Hải Châu,Đà Nẵng,16.067379,108.221018,2.198,3,0,0,,,,0905554651,False,False,False,False,,Quán ăn,Món Việt,https://down-vn.img.susercontent.com/vn-11134513-7r98o-lsu69sr2d9qx52@resize_ss640x400,https://www.foody.vn/da-nang/com-ga-a-ty-nguyen-chi-thanh,/da-nang/com-ga-a-ty-nguyen-chi-thanh/goi-mon
872973,Bánh Mì Nướng Lạng Sơn - Phan Thanh,"96 Phan Thanh, P. Thạc Gián, Quận Thanh Khê, Đà Nẵng",Quận Thanh Khê,Đà Nẵng,16.063883,108.2084,6.534,3,14,0,,,,0935579224,True,False,False,False,,Ăn vặt/vỉa hè,Món Bắc,https://down-vn.img.susercontent.com/vn-11134513-7r98o-lsu6hlywu8wpde@resize_ss640x400,https://www.foody.vn/da-nang/banh-mi-nuong-lang-son-phan-thanh,/da-nang/banh-mi-nuong-lang-son-phan-thanh/goi-mon
128404,Mì Quảng Bà Thị,"445 Núi Thành, Quận Hải Châu, Đà Nẵng",Quận Hải Châu,Đà Nẵng,16.0370542,108.2223004,8.4,9,43,0,,,,0987 877 107 - 01662 084 056,False,False,False,False,,Quán ăn,Món Quảng,https://down-vn.img.susercontent.com/vn-11134513-7r98o-lsttoqo86zesa8@resize_ss640x400,https://www.foody.vn/da-nang/mi-quang-ba-thi,/da-nang/mi-quang-ba-thi/goi-mon
96751,Đệ Nhất Nướng,"838 Trần Cao Vân, Quận Thanh Khê, Đà Nẵng",Quận Thanh Khê,Đà Nẵng,16.067093,108.182413,7.144,21,176,0,,,,Đang cập nhật,False,False,False,False,,Quán ăn,Món Việt,https://down-vn.img.susercontent.com/vn-11134513-7r98o-lstslomnrnwk7d@resize_ss640x400,https://www.foody.vn/da-nang/de-nhat-nuong,/da-nang/de-nhat-nuong/goi-mon
872951,Bún Đậu 68 - Đặng Dung,"68 Đặng Dung, P. Hòa Khánh Bắc, Quận Liên Chiểu, Đà Nẵng",Quận Liên Chiểu,Đà Nẵng,16.069778,108.150483,6.088,9,21,0,,,,Đang cập nhật,True,False,False,False,,Quán ăn,Món Việt,https://down-vn.img.susercontent.com/vn-11134513-820l4-mhbwh9c3c559ac@resize_ss640x400,https://www.foody.vn/da-nang/bun-dau-68-dang-dung,/da-nang/bun-dau-68-dang-dung/goi-mon
11787,Mì Quảng Bích - Đặng Dung,"01 - 03 - 05 - 07 Đặng Dung, Quận Liên Chiểu, Đà Nẵng",Quận Liên Chiểu,Đà Nẵng,16.071401,108.15001,7.132,67,203,0,,,,Đang cập nhật,True,False,False,False,,Quán ăn,Món Quảng,https://down-vn.img.susercontent.com/vn-11134513-7r98o-lstqavlskddwdc@resize_ss640x400,https://www.foody.vn/da-nang/mi-quang-bich-dang-dung,/da-nang/mi-quang-bich-dang-dung/goi-mon
738336,Cơm Gà Gia Trần 1 - Đinh Gia Trinh,"9 Đinh Gia Trinh, P. Hòa Xuân, Quận Cẩm Lệ, Đà Nẵng",Quận Cẩm Lệ,Đà Nẵng,16.010402,108.216498,9.3,2,2,0,,,,0905 671 489,True,False,False,False,,Quán ăn,Món Việt,https://down-vn.img.susercontent.com/vn-11134513-7r98o-lsu37n9ddvb84a@resize_ss640x400,https://www.foody.vn/da-nang/com-ga-gia-tran-1-dinh-gia-trinh,/da-nang/com-ga-gia-tran-1-dinh-gia-trinh/goi-mon
1151503,Tiệm Cơm Tấm - Ốp Lết 1940,"326 Đống Đa, P. Thanh Bình, Quận Hải Châu, Đà Nẵng",Quận Hải Châu,Đà Nẵng,16.0753199,108.2148629,5.3,2,0,0,,,,Đang cập nhật,True,False,False,False,,Quán ăn,,https://down-vn.img.susercontent.com/vn-11134513-7r98o-lsv9nmqwl7dldd@resize_ss640x400,https://www.foody.vn/da-nang/tiem-com-tam-op-let-1940,/da-nang/tiem-com-tam-op-let-1940/goi-mon
938672,Bún Chả Hà Nội - 483 Núi Thành,"483 Núi Thành, P. Hòa Cường Nam, Quận Hải Châu, Đà Nẵng",Quận Hải Châu,Đà Nẵng,16.0346464,108.2225633,2.334,3,6,0,,,,0918 353 246,True,False,False,False,,Quán ăn,Món Việt,https://down-vn.img.susercontent.com/vn-11134513-7r98o-lsu80bzxxwntf0@resize_ss640x400,https://www.foody.vn/da-nang/bun-cha-ha-noi-483-nui-thanh,/da-nang/bun-cha-ha-noi-483-nui-thanh/goi-mon
123814,Bún Chả Cá Bà Toải 3,"793 Trần Cao Vân, P. Thanh Khê Đông, Quận Thanh Khê, Đà Nẵng",Quận Thanh Khê,Đà Nẵng,16.066262,108.183059,6.0,1,6,0,,,,0935 606 670,True,False,False,False,,Quán ăn,Món Miền Trung,https://down-vn.img.susercontent.com/vn-11134513-7ra0g-m6qjekev15d386@resize_ss640x400,https://www.foody.vn/da-nang/bun-cha-ca-ba-toai-3,/da-nang/bun-cha-ca-ba-toai-3/goi-mon
18131,Hủ Tiếu Nam Vang - Hoàng Diệu,"545 Hoàng Diệu, P. Hòa Thuận Đông, Quận Hải Châu, Đà Nẵng",Quận Hải Châu,Đà Nẵng,16.0509635,108.2181864,7.178,28,77,0,,,,Đang cập nhật,True,False,False,False,,Quán ăn,Món Việt,https://down-vn.img.susercontent.com/vn-11134513-7r98o-lstqk8psw4ux67@resize_ss640x400,https://www.foody.vn/da-nang/hu-tieu-nam-vang-hoang-dieu,/da-nang/hu-tieu-nam-vang-hoang-dieu/goi-mon
32929,Daisy Cafe - Tố Hữu,"263 Tố Hữu, P. Hòa Cường Nam, Quận Hải Châu, Đà Nẵng",Quận Hải Châu,Đà Nẵng,16.0334683,108.2112008,7.43,58,393,0,,,,Đang cập nhật,True,False,False,False,,Café/Dessert,Món Việt,https://down-vn.img.susercontent.com/vn-11134513-7r98o-lstr66lqwres43@resize_ss640x400,https://www.foody.vn/da-nang/daisy-cafe-to-huu,/da-nang/daisy-cafe-to-huu/goi-mon
715894,Camry Quán - Mì Cay - Kem Dừa & Các Món Ăn Vặt,"276A Đ. Trần Đại Nghĩa, P. Hoà Hải, Quận Ngũ Hành Sơn, Đà Nẵng",Quận Ngũ Hành Sơn,Đà Nẵng,15.9844419,108.2560894,6.414,36,138,0,,,,Đang cập nhật,True,False,False,False,,Quán ăn,"Món Việt,, Món Hàn,, Món Thái",https://down-vn.img.susercontent.com/vn-11134259-7r98o-lwhpaqwzwtzt66@resize_ss640x400,https://www.foody.vn/da-nang/camry-quan-mi-cay-kem-dua-cac-mon-an-vat,/da-nang/camry-quan-mi-cay-kem-dua-cac-mon-an-vat/goi-mon
740607,Nhà Hàng Chả Cá Lã Vọng & Buffet Sáng - Lotus Wine And Dine,"Tầng 3, Royal Lotus Hotel, 120A Nguyễn Văn Thoại, P. Mỹ An, Quận Ngũ Hành Sơn, Đà Nẵng",Quận Ngũ Hành Sơn,Đà Nẵng,16.054874,108.243519,8.72,5,38,0,,,,(0236) 6 261 999,True,False,False,False,,Nhà hàng,"Món Việt,, Quốc tế",https://down-vn.img.susercontent.com/vn-11134513-7r98o-lsu3d9n186mx6d@resize_ss640x400,https://www.foody.vn/da-nang/nha-hang-cha-ca-la-vong-buffet-sang-lotus-wine-and-dine,/da-nang/nha-hang-cha-ca-la-vong-buffet-sang-lotus-wine-and-dine/goi-mon
84273,Bánh Tráng Kẹp Dì Hoàng,"K142/46/09 Điện Biên Phủ, P. Chính Gián, Quận Thanh Khê, Đà Nẵng",Quận Thanh Khê,Đà Nẵng,16.066743,108.197549,6.58,101,443,0,,,,Đang cập nhật,False,False,False,False,,Ăn vặt/vỉa hè,Món Miền Trung,https://down-vn.img.susercontent.com/vn-11134513-7r98o-lsts7xm85pjt80@resize_ss640x400,https://www.foody.vn/da-nang/banh-trang-kep-di-hoang,/da-nang/banh-trang-kep-di-hoang/goi-mon
988219,Mì Cay So Hot,"32 Nguyễn Huy Tưởng, P. Hòa Minh, Quận Liên Chiểu, Đà Nẵng",Quận Liên Chiểu,Đà Nẵng,16.0547303,108.1692521,9.134,3,4,0,,,,0362980533,True,False,False,False,,Quán ăn,Món Hàn,https://down-vn.img.susercontent.com/vn-11134513-7r98o-lsu946gis68p34@resize_ss640x400,https://www.foody.vn/da-nang/mi-cay-so-hot,/da-nang/mi-cay-so-hot/goi-mon
6819,Hùng Xiệc Quán - Nhậu Bình Dân,"8 Lê Lai, Quận Hải Châu, Đà Nẵng",Quận Hải Châu,Đà Nẵng,16.075455,108.219516,7.544,17,55,0,,,,(0236) 3 896 620,True,False,False,False,,"Quán ăn,, Quán nhậu",Món Việt,https://down-vn.img.susercontent.com/vn-11134513-7r98o-lstq2omnsptwa0@resize_ss640x400,https://www.foody.vn/da-nang/hung-xiec-quan-nhau-binh-dan,/da-nang/hung-xiec-quan-nhau-binh-dan/goi-mon
75915,Loan - Bún Măng Gà & Vịt,"94 Chi Lăng, Quận Hải Châu, Đà Nẵng",Quận Hải Châu,Đà Nẵng,16.069066,108.215476,7.674,13,54,0,,,,Đang cập nhật,True,False,False,False,,Quán ăn,Món Việt,https://down-vn.img.susercontent.com/vn-11134513-7r98o-lsts4nc9o6mx96@resize_ss640x400,https://www.foody.vn/da-nang/loan-bun-mang-ga-vit,/da-nang/loan-bun-mang-ga-vit/goi-mon
127536,Cháo O Liên - Nguyễn Hoàng,"73 Nguyễn Hoàng, P. Vĩnh Trung, Quận Thanh Khê, Đà Nẵng",Quận Thanh Khê,Đà Nẵng,16.063651,108.214195,7.282,38,93,0,,,,01679 647 977,False,False,False,False,,Quán ăn,Món Việt,https://down-vn.img.susercontent.com/vn-11134513-7r98o-lsttlqmgb7448f@resize_ss640x400,https://www.foody.vn/da-nang/quan-chao-o-lien-nguyen-hoang,/da-nang/quan-chao-o-lien-nguyen-hoang/goi-mon
117038,Bánh Canh Cá Lóc Yến - Nguyễn Hoàng,"253 Nguyễn Hoàng, P. Bình Hiên, Quận Hải Châu, Đà Nẵng",Quận Hải Châu,Đà Nẵng,16.057282,108.213119,7.446,21,61,0,,,,Đang cập nhật,True,False,False,False,,Quán ăn,Món Huế,https://down-vn.img.susercontent.com/vn-11134513-7r98o-lstt82pu5lzt75@resize_ss640x400,https://www.foody.vn/da-nang/banh-canh-ca-loc-yen,/da-nang/banh-canh-ca-loc-yen/goi-mon
698673,Bún Mọc Tư Ròm,"320 Lê Thanh Nghị, P. Hoà Cường Nam, Quận Hải Châu, Đà Nẵng",Quận Hải Châu,Đà Nẵng,16.033541,108.2184,7.592,42,131,0,,,,0903 497 783,True,False,False,False,,Quán ăn,Món Bắc,https://down-vn.img.susercontent.com/vn-11134513-7r98o-lsu1k3oy8iah1d@resize_ss640x400,https://www.foody.vn/da-nang/bun-moc-tu-rom,/da-nang/bun-moc-tu-rom/goi-mon
101502,Bánh Canh Khoa,"53 Lê Hữu Trác, P. An Hải Đông, Quận Sơn Trà, Đà Nẵng",Quận Sơn Trà,Đà Nẵng,16.05789,108.238531,6.678,28,95,0,,,,Đang cập nhật,True,False,False,False,,Quán ăn,Món Quảng,https://down-vn.img.susercontent.com/vn-11134513-7r98o-lstsqlaf8x5060@resize_ss640x400,https://www.foody.vn/da-nang/banh-canh-khoa,/da-nang/banh-canh-khoa/goi-mon
86241,Bơ Nơ Bakery - Bông Lan Phô Mai Trứng Muối,"366/1 Hùng Vương, P. Vĩnh Trung, Quận Thanh Khê, Đà Nẵng",Quận Thanh Khê,Đà Nẵng,16.067022,108.212183,7.438,93,360,0,,,,Đang cập nhật,True,False,False,False,,Tiệm bánh,Món Việt,https://down-vn.img.susercontent.com/vn-11134513-7r98o-lstsa4nwheop80@resize_ss640x400,https://www.foody.vn/da-nang/bo-no-bakery-bong-lan-pho-mai-trung-muoi,/da-nang/bo-no-bakery-bong-lan-pho-mai-trung-muoi/goi-mon
718048,76 - Bánh Xèo Quảng Ngãi,"85A Lê Văn Hưu, P. Bắc Mỹ An, Quận Ngũ Hành Sơn, Đà Nẵng",Quận Ngũ Hành Sơn,Đà Nẵng,16.0418704,108.24006,9.242,19,159,0,,,,Đang cập nhật,True,False,False,False,,Quán ăn,Món Việt,https://down-vn.img.susercontent.com/vn-11134513-7r98o-lsu2dxg6x8skbb@resize_ss640x400,https://www.foody.vn/da-nang/76-banh-xeo-quang-ngai,/da-nang/76-banh-xeo-quang-ngai/goi-mon
6682,Cơm Gà A Hải - Phan Châu Trinh,"96 Phan Châu Trinh, Quận Hải Châu, Đà Nẵng",Quận Hải Châu,Đà Nẵng,16.065243,108.220021,7.284,216,593,0,,,,0905 312 642,True,False,False,False,,"Quán ăn,, Giao cơm văn phòng",Món Miền Nam,https://down-vn.img.susercontent.com/vn-11134513-7r98o-lstq2meh228497@resize_ss640x400,https://www.foody.vn/da-nang/com-ga-a-hai-phan-chau-trinh,/da-nang/com-ga-a-hai-phan-chau-trinh/goi-mon
139839,ABC Bakery - Lê Duẩn,"132 Lê Duẩn, P. Thạch Thang, Quận Hải Châu, Đà Nẵng",Quận Hải Châu,Đà Nẵng,16.070718,108.215793,7.884,283,2023,0,,,,Đang cập nhật,True,False,False,False,,Tiệm bánh,"Món Việt,, Món Âu",https://down-vn.img.susercontent.com/vn-11134513-7r98o-lstu1fvf4y3d18@resize_ss640x400,https://www.foody.vn/da-nang/abc-bakery-le-duan,/da-nang/abc-bakery-le-duan/goi-mon
895368,Dy Cake - Tiệm Bánh Bông Lan Trứng Muối - Shop Online,"19 Lý Văn Tố, P. Phước Mỹ, Quận Sơn Trà, Đà Nẵng",Quận Sơn Trà,Đà Nẵng,16.067795,108.241421,7.134,15,35,0,,,,0934770209,True,False,False,False,,Shop Online,,https://down-vn.img.susercontent.com/vn-11134513-820l4-mef3u37jxji997@resize_ss640x400,https://www.foody.vn/da-nang/dy-cake-tiem-banh-bong-lan-trung-muoi-shop-online,/da-nang/dy-cake-tiem-banh-bong-lan-trung-muoi-shop-online/goi-mon
1017638,Nem Chua Rán Số 1 - 07 Đông Giang,"8 Đông Giang, P. An Hải Tây, Quận Sơn Trà, Đà Nẵng",Quận Sơn Trà,Đà Nẵng,16.0592882,108.2330432,8.5,4,16,0,,,,0905632608,False,False,False,False,,Quán ăn,Món Việt,https://down-vn.img.susercontent.com/vn-11134513-7r98o-lsu9rjcg8vd0fe@resize_ss640x400,https://www.foody.vn/da-nang/nem-chua-ran-so-1-dong-giang,/da-nang/nem-chua-ran-so-1-dong-giang/goi-mon
1037376,Gà Hoàng Kim,"Lô 29 Hoàng Kế Viêm, P. Bắc Mỹ Phú, Quận Ngũ Hành Sơn, Đà Nẵng",Quận Ngũ Hành Sơn,Đà Nẵng,16.05019,108.248339,7.8,2,46,0,,,,Đang cập nhật,False,False,False,False,,Quán ăn,Món Việt,https://down-vn.img.susercontent.com/vn-11134513-7r98o-lsv0sevvjcex46@resize_ss640x400,https://www.foody.vn/da-nang/ga-hoang-kim,/da-nang/ga-hoang-kim/goi-mon
859604,Bánh Kem Kiều Trang,"130 Phạm Tứ, P. Khuê Trung, Quận Cẩm Lệ, Đà Nẵng",Quận Cẩm Lệ,Đà Nẵng,16.016275,108.207659,9.4,1,1,0,,,,0905545810,True,False,False,False,,Tiệm bánh,Món Việt,https://down-vn.img.susercontent.com/vn-11134513-7r98o-lsu66uufcluh2c@resize_ss640x400,https://www.foody.vn/da-nang/banh-kem-kieu-trang,/da-nang/banh-kem-kieu-trang/goi-mon
1025306,Phố Cổ Hà Nội - Nem Chua Rán Số 1 - Tôn Đản,"379 Tôn Đản, P. Hoà An, Quận Cẩm Lệ, Đà Nẵng",Quận Cẩm Lệ,Đà Nẵng,16.0457759,108.1823529,5.5,2,1,0,,,,Đang cập nhật,False,False,False,False,,Ăn vặt/vỉa hè,Hà Nội,https://down-vn.img.susercontent.com/vn-11134513-7r98o-lsua6ycy1u3ddf@resize_ss640x400,https://www.foody.vn/da-nang/pho-co-ha-noi-nem-chua-ran-so-1-ton-dan,/da-nang/pho-co-ha-noi-nem-chua-ran-so-1-ton-dan/goi-mon
877085,Chupchip Coffee - 2 Tháng 9,"135 Đường 2 Tháng 9, P. Hòa Cường Nam, Quận Hải Châu, Đà Nẵng",Quận Hải Châu,Đà Nẵng,16.027352,108.222405,7.2,4,48,0,,,,Đang cập nhật,True,False,False,False,,Shop Online,Món Việt,https://down-vn.img.susercontent.com/vn-11134513-7r98o-lsu6pif0l3gkf7@resize_ss640x400,https://www.foody.vn/da-nang/chupchip-coffee-2-thang-9,/da-nang/chupchip-coffee-2-thang-9/goi-mon
97548,Cơm Gà Hoàng Yến,"429 Điện Biên Phủ, P. Hòa Khê, Quận Thanh Khê, Đà Nẵng",Quận Thanh Khê,Đà Nẵng,16.065687,108.18847,7.17,13,32,0,,,,Đang cập nhật,True,False,False,False,,"Quán ăn,, Giao cơm văn phòng",Món Việt,https://down-vn.img.susercontent.com/vn-11134513-7r98o-lstsl6svw89015@resize_ss640x400,https://www.foody.vn/da-nang/com-ga-hoang-yen,/da-nang/com-ga-hoang-yen/goi-mon
700135,Ốc Ngon Đà Nẵng,"137 Nguyễn Đức Trung, P. Hòa Khê, Quận Thanh Khê, Đà Nẵng",Quận Thanh Khê,Đà Nẵng,16.066344,108.188437,7.854,30,110,0,,,,Đang cập nhật,False,False,False,False,,Ăn vặt/vỉa hè,Món Việt,https://down-vn.img.susercontent.com/vn-11134513-7r98o-lsu1m8x5813t31@resize_ss640x400,https://www.foody.vn/da-nang/oc-ngon-da-nang,/da-nang/oc-ngon-da-nang/goi-mon
100499,Ăn Vặt - Trường Kim Đồng - Trần Bình Trọng,"84 Trần Bình Trọng, P. Hải Châu 2,, Quận Hải Châu, Đà Nẵng",Quận Hải Châu,Đà Nẵng,16.065323,108.217749,6.338,287,900,0,,,,0932 115 693,True,False,False,False,,Ăn vặt/vỉa hè,Món Việt,https://down-vn.img.susercontent.com/vn-11134513-7r98o-lstsoa9b6lcp30@resize_ss640x400,https://www.foody.vn/da-nang/an-vat-truong-kim-dong,/da-nang/an-vat-truong-kim-dong/goi-mon
969677,"Quán Ăn O Ni Huế - Cháo Gạo Lứt , Xôi , Súp - Nguyễn Đình Tứ","K91/2 Nguyễn Đình Tứ, P. Hòa An, Quận Cẩm Lệ, Đà Nẵng",Quận Cẩm Lệ,Đà Nẵng,16.049942,108.177058,8.408,28,21,0,,,,Đang cập nhật,False,False,False,False,,Quán ăn,Món Việt,https://down-vn.img.susercontent.com/vn-11134259-7r98o-lwg4kpizuriz14@resize_ss640x400,https://www.foody.vn/da-nang/quan-an-o-ni-hue-chao-gao-lut-xoi-sup-nguyen-dinh-tu,/da-nang/quan-an-o-ni-hue-chao-gao-lut-xoi-sup-nguyen-dinh-tu/goi-mon
699044,Cô Tâm - Cháo Lưỡi Chợ Hàng Heo,"Hẻm Đối diện tiệm vàng Hoa Kim Nguyên (300 Ông Ích Khiêm), Đi Vào 20m Bên Tay Phải, P. Hải Châu 2, Quận Hải Châu, Đà Nẵng",Quận Hải Châu,Đà Nẵng,16.068316,108.214052,8.552,8,25,0,,,,Đang cập nhật,False,False,False,False,,Ăn vặt/vỉa hè,Món Việt,https://down-vn.img.susercontent.com/vn-11134513-7r98o-lsu1lw3zyv2c64@resize_ss640x400,https://www.foody.vn/da-nang/co-tam-chao-luoi-cho-hang-heo,/da-nang/co-tam-chao-luoi-cho-hang-heo/goi-mon
1054361,Bánh Đúc Nóng Cô Trang - Bánh Đúc Nóng - Lưu Quý Kỳ,"71 Lưu Quý Kỳ, P. Hòa Cường Nam, Quận Hải Châu, Đà Nẵng",Quận Hải Châu,Đà Nẵng,16.036827,108.2233529,9.402,3,2,0,,,,0978097802,True,False,False,False,,"Ăn vặt/vỉa hè,, Quán ăn",Món Bắc,https://down-vn.img.susercontent.com/vn-11134513-7r98o-lsv25i4je7k471@resize_ss640x400,https://www.foody.vn/da-nang/banh-duc-nong-co-trang,/da-nang/banh-duc-nong-co-trang/goi-mon
8975,Cơm Hến Pasteur - Lê Độ,"93 Lê Độ, P. Chính Gián, Quận Thanh Khê, Đà Nẵng",Quận Thanh Khê,Đà Nẵng,16.067723,108.201492,6.88,20,52,0,,,,Đang cập nhật,True,False,False,False,,Quán ăn,Món Huế,https://down-vn.img.susercontent.com/vn-11134513-7r98o-lstq638adwnt95@resize_ss640x400,https://www.foody.vn/da-nang/com-hen-pasteur-le-do,/da-nang/com-hen-pasteur-le-do/goi-mon
679273,Itea Coffee & Milk Tea,"193 Trần Hưng Đạo, P. An Hải Bắc, Quận Sơn Trà, Đà Nẵng",Quận Sơn Trà,Đà Nẵng,16.070039,108.228841,5.84,16,79,0,,,,Đang cập nhật,False,False,False,False,,Café/Dessert,Món Việt,https://down-vn.img.susercontent.com/vn-11134513-7r98o-lsu0t0jvbcucae@resize_ss640x400,https://www.foody.vn/da-nang/itea-coffee-milk-tea,/da-nang/itea-coffee-milk-tea/goi-mon
945739,Cao Lầu Thùy,"K227/34 Hùng Vương, P. Hải Châu 2, Quận Hải Châu, Đà Nẵng",Quận Hải Châu,Đà Nẵng,16.0669431,108.2147912,9.458,7,2,0,,,,0935023790,True,False,False,False,,Shop Online,Món Miền Trung,https://down-vn.img.susercontent.com/vn-11134513-7r98o-lsu86duh6pp5c2@resize_ss640x400,https://www.foody.vn/da-nang/cao-lau-thuy,/da-nang/cao-lau-thuy/goi-mon
164265,Hủ Tiếu Nam Vang - An Nhơn 14,"5 An Nhơn 14, Quận Sơn Trà, Đà Nẵng",Quận Sơn Trà,Đà Nẵng,16.071693,108.231698,7.574,7,25,0,,,,Đang cập nhật,False,False,False,False,,Quán ăn,Món Việt,https://down-vn.img.susercontent.com/vn-11134513-7r98o-lstuwosqy0g4a4@resize_ss640x400,https://www.foody.vn/da-nang/hu-tieu-nam-vang-an-nhon-14,/da-nang/hu-tieu-nam-vang-an-nhon-14/goi-mon
70646,Cơm Gà Tú Tài,"62 Hải Phòng, P. Thạch Thang, Quận Hải Châu, Đà Nẵng",Quận Hải Châu,Đà Nẵng,16.072435,108.218746,7.494,36,75,0,,,,Đang cập nhật,True,False,False,False,,Quán ăn,Món Miền Trung,https://down-vn.img.susercontent.com/vn-11134513-7r98o-lsts0cfhxn7o1b@resize_ss640x400,https://www.foody.vn/da-nang/com-ga-tu-tai,/da-nang/com-ga-tu-tai/goi-mon
1020796,Nem Chua Rán Số 1 Hà Nội - Đông Giang,"57 Đông Giang, P. An Hải Tây, Quận Sơn Trà, Đà Nẵng",Quận Sơn Trà,Đà Nẵng,16.058994,108.233173,6.6,1,0,0,,,,0704404728,True,False,False,False,,Quán ăn,Món Việt,https://down-vn.img.susercontent.com/vn-11134513-7r98o-lsu9y0fj5jfdf5@resize_ss640x400,https://www.foody.vn/da-nang/nem-chua-ran-so-1-ha-noi-dong-giang,/da-nang/nem-chua-ran-so-1-ha-noi-dong-giang/goi-mon
8845,Hoa Mập Quán - Cá Đuối Nướng,"Đối Diện 310 Núi Thành, Quận Hải Châu, Đà Nẵng",Quận Hải Châu,Đà Nẵng,16.042043,108.2218,6.948,84,337,0,,,,Đang cập nhật,True,False,False,False,,Quán ăn,Món Việt,https://down-vn.img.susercontent.com/vn-11134513-7r98o-lstq627nvi6ce3@resize_ss640x400,https://www.foody.vn/da-nang/hoa-map-quan-ca-duoi-nuong,/da-nang/hoa-map-quan-ca-duoi-nuong/goi-mon
89215,Quán Chè - Chợ Cồn,"Lô 40 - 43, Đình 15A, Chợ Cồn, P. Hải Châu 2, Quận Hải Châu, Đà Nẵng",Quận Hải Châu,Đà Nẵng,16.067821,108.214358,7.288,7,47,0,,,,Đang cập nhật,True,False,False,False,,Ăn vặt/vỉa hè,Món Miền Trung,https://down-vn.img.susercontent.com/vn-11134513-7r98o-lstseenn4tdw0a@resize_ss640x400,https://www.foody.vn/da-nang/quan-che-cho-con,/da-nang/quan-che-cho-con/goi-mon
921033,Mộc Quán - Hải Sản Tươi Sống,"26 Tô Hiến Thành, P. Phước Mỹ, Quận Sơn Trà, Đà Nẵng",Quận Sơn Trà,Đà Nẵng,16.063948,108.241644,8.988,17,122,0,,,,Đang cập nhật,True,False,False,False,,Quán nhậu,Món Việt,https://down-vn.img.susercontent.com/vn-11134513-7r98o-lsu7o7813y55ac@resize_ss640x400,https://www.foody.vn/da-nang/moc-quan-hai-san-tuoi-song,/da-nang/moc-quan-hai-san-tuoi-song/goi-mon
632375,Đặc Sản Mì Quảng Dung,"121 Đỗ Bá, Quận Ngũ Hành Sơn, Đà Nẵng",Quận Ngũ Hành Sơn,Đà Nẵng,16.0499661,108.2403113,4.312,44,97,0,,,,Đang cập nhật,True,False,False,False,,Quán ăn,Món Miền Trung,https://down-vn.img.susercontent.com/vn-11134513-7r98o-lstz3g72lsbdf6@resize_ss640x400,https://www.foody.vn/da-nang/dac-san-mi-quang-dung,/da-nang/dac-san-mi-quang-dung/goi-mon
9374,Hải Sản Bé Mặn,"Lô 08 Võ Nguyên Giáp, P. Mân Thái, Quận Sơn Trà, Đà Nẵng",Quận Sơn Trà,Đà Nẵng,16.0817525,108.2473446,6.19,230,1167,0,,,,0905 207 848 - 0905 181 529,True,False,False,False,,Quán ăn,Món Việt,https://down-vn.img.susercontent.com/vn-11134513-7r98o-lstq6switehl51@resize_ss640x400,https://www.foody.vn/da-nang/hai-san-be-man,/da-nang/hai-san-be-man/goi-mon
298040,Hải Sản Bà Rô,"118 Lý Tử Tấn, Quận Sơn Trà, Đà Nẵng",Quận Sơn Trà,Đà Nẵng,16.106893,108.258085,6.896,98,505,0,,,,01287 659 363,True,False,False,False,,Quán ăn,Món Việt,https://down-vn.img.susercontent.com/vn-11134513-7r98o-lstyetxzj0k99b@resize_ss640x400,https://www.foody.vn/da-nang/hai-san-ba-ro,/da-nang/hai-san-ba-ro/goi-mon
40175,Thai Market Restaurant - K4/3 Trần Quốc Toản,"K4/3 Trần Quốc Toản, P. Hải Châu 1, Quận Hải Châu, Đà Nẵng",Quận Hải Châu,Đà Nẵng,16.0663732,108.2242735,7.202,241,1531,0,,,,(0236) 3 636 468 - 0903 507 468,True,False,False,False,,Quán ăn,Món Thái,https://down-vn.img.susercontent.com/vn-11134513-81ztc-mki2ogs72djca0@resize_ss640x400,https://www.foody.vn/da-nang/thai-market-restaurant-k4-3-tran-quoc-toan,/da-nang/thai-market-restaurant-k4-3-tran-quoc-toan/goi-mon
300040,Thai Market Restaurant - 48 Thái Phiên,"48 Thái Phiên, P. Phước Ninh, Quận Hải Châu, Đà Nẵng",Quận Hải Châu,Đà Nẵng,16.0652082,108.2221866,7.338,114,468,0,,,,Đang cập nhật,True,False,False,False,,"Nhà hàng,, Quán ăn",Món Thái,https://down-vn.img.susercontent.com/vn-11134513-81ztc-mki2ogda4sn6f5@resize_ss640x400,https://www.foody.vn/da-nang/thai-market-restaurant-48-thai-phien,/da-nang/thai-market-restaurant-48-thai-phien/goi-mon
87697,Cộng Cà Phê - Bạch Đằng,"96 - 98 Bạch Đằng, P. Hải Châu 1, Quận Hải Châu, Đà Nẵng",Quận Hải Châu,Đà Nẵng,16.066792,108.224581,7.434,308,1426,0,,,,Đang cập nhật,True,False,False,False,,Café/Dessert,Món Việt,https://down-vn.img.susercontent.com/vn-11134513-81ztc-mny1755zrpc269@resize_ss640x400,https://www.foody.vn/da-nang/cong-cafe-bach-dang,/da-nang/cong-cafe-bach-dang/goi-mon
124179,Hải Sản Năm Đảnh,"K139/H59/38 Trần Quang Khải, P. Thọ Quang, Quận Sơn Trà, Đà Nẵng",Quận Sơn Trà,Đà Nẵng,16.102279,108.253263,7.3,540,3200,0,,,,Đang cập nhật,True,False,False,False,,Quán ăn,Món Miền Trung,https://down-vn.img.susercontent.com/vn-11134513-7r98o-lstthzupj4xwd7@resize_ss640x400,https://www.foody.vn/da-nang/hai-san-nam-danh,/da-nang/hai-san-nam-danh/goi-mon
35937,Gà Rán KFC - Co.opMart Đà Nẵng,"Tầng Trệt, Co.opMart, 478 Điện Biên Phủ, P. Thanh Khê Đông, Quận Thanh Khê, Đà Nẵng",Quận Thanh Khê,Đà Nẵng,16.06663,108.186761,6.988,51,169,0,,,,Đang cập nhật,True,False,False,False,,Nhà hàng,Mỹ,https://down-vn.img.susercontent.com/vn-11134513-7r98o-lstrac99y66c26@resize_ss640x400,https://www.foody.vn/da-nang/ga-ran-kfc-co-opmart-da-nang,/da-nang/ga-ran-kfc-co-opmart-da-nang/goi-mon
879516,Cơm Gà Mạnh Lan,"763 Ngô Quyền, P. An Hải Bắc, Quận Sơn Trà, Đà Nẵng",Quận Sơn Trà,Đà Nẵng,16.070016,108.231828,2.2,5,6,0,,,,Đang cập nhật,True,False,False,False,,Quán ăn,Món Việt,https://down-vn.img.susercontent.com/vn-11134513-7r98o-lsu6rpeqzmx0c3@resize_ss640x400,https://www.foody.vn/da-nang/com-ga-manh-lan,/da-nang/com-ga-manh-lan/goi-mon
8100,"Bà Vui - Xôi Gà, Bún Măng Gà","55 Lê Hồng Phong, P. Phước Ninh, Quận Hải Châu, Đà Nẵng",Quận Hải Châu,Đà Nẵng,16.0642439,108.220851,7.548,23,108,0,,,,Đang cập nhật,True,False,False,False,,Quán ăn,Món Miền Trung,https://down-vn.img.susercontent.com/vn-11134513-7r98o-lstq4tctimqhd7@resize_ss640x400,https://www.foody.vn/da-nang/ba-vui-xoi-ga-bun-mang-ga,/da-nang/ba-vui-xoi-ga-bun-mang-ga/goi-mon
748045,Cháo Chờ Vi,"119 Phạm Như Xương, P. Hòa Khánh Nam, Quận Liên Chiểu, Đà Nẵng",Quận Liên Chiểu,Đà Nẵng,16.0642948,108.1522572,7.6,1,3,0,,,,0901 138 190,True,False,False,False,,Quán ăn,Món Miền Trung,https://down-vn.img.susercontent.com/vn-11134513-81ztc-mmtsu2wjfe2q6b@resize_ss640x400,https://www.foody.vn/da-nang/chao-cho-vi,/da-nang/chao-cho-vi/goi-mon
1022651,Bông Food & Drink - 2 Tháng 9,"44 Đường 2 Tháng 9, P. Bình Hiên, Quận Hải Châu, Đà Nẵng",Quận Hải Châu,Đà Nẵng,16.059329,108.2232755,3.696,19,11,0,,,,Đang cập nhật,True,False,False,False,,Café/Dessert,Món Việt,https://down-vn.img.susercontent.com/vn-11134513-7r98o-lsua1tkqgjic62@resize_ss640x400,https://www.foody.vn/da-nang/bong-food-drink-2-thang-9,/da-nang/bong-food-drink-2-thang-9/goi-mon
1151545,Nhà Hàng Hồi Ký - Quang Trung,"120 Quang Trung, P. Thạch Thang, Quận Hải Châu, Đà Nẵng",Quận Hải Châu,Đà Nẵng,16.0745139,108.2171656,9.6,1,0,0,,,,Đang cập nhật,True,False,False,False,,Café/Dessert,,https://down-vn.img.susercontent.com/vn-11134513-7r98o-lsv9m6qkp4t5e1@resize_ss640x400,https://www.foody.vn/da-nang/nha-hang-hoi-ky-quang-trung,/da-nang/nha-hang-hoi-ky-quang-trung/goi-mon
987568,Hamburger Qa - Shop Online,"K266/H79/26D Hoàng Diệu, P. Bình Hiên, Quận Hải Châu, Đà Nẵng",Quận Hải Châu,Đà Nẵng,16.058061,108.213756,8.55,4,100,0,,,,0936541615,True,False,False,False,,Shop Online,Món Việt,https://down-vn.img.susercontent.com/vn-11134513-7r98o-lsu925wgyldw0a@resize_ss640x400,https://www.foody.vn/da-nang/hambuger-qa-shop-online,/da-nang/hambuger-qa-shop-online/goi-mon
97101,Quê Xưa - Mì Quảng & Bánh Tráng Thịt Heo - Núi Thành,"165 Núi Thành, P. Hoà Cường Bắc, Quận Hải Châu, Đà Nẵng",Quận Hải Châu,Đà Nẵng,16.046607,108.221037,7.408,90,342,0,,,,0919 950 677,True,False,False,False,,Quán ăn,Món Quảng,https://down-vn.img.susercontent.com/vn-11134513-7r98o-lstsltgcphg917@resize_ss640x400,https://www.foody.vn/da-nang/que-xua-mi-quang-banh-trang-thit-heo,/da-nang/que-xua-mi-quang-banh-trang-thit-heo/goi-mon
103795,Chói's Kitchen - Món Ăn Hàn Quốc - Hoàng Hoa Thám,"2 Hoàng Hoa Thám, P. Tân Chính, Quận Thanh Khê, Đà Nẵng",Quận Thanh Khê,Đà Nẵng,16.070829,108.209398,6.958,391,1538,0,,,,0906 404 794 ,True,False,False,False,,Quán ăn,Món Hàn,https://down-vn.img.susercontent.com/vn-11134513-820l4-mi2sxwr4z11k61@resize_ss640x400,https://www.foody.vn/da-nang/choi-s-kitchen,/da-nang/choi-s-kitchen/goi-mon
7894,Bún Bò Bà Diệu,"2 Trường Thi 1, P. Hòa Thuận Tây, Quận Hải Châu, Đà Nẵng",Quận Hải Châu,Đà Nẵng,16.0615058,108.2036934,7.516,31,58,0,,,,Đang cập nhật,False,False,False,False,,Quán ăn,Món Huế,https://down-vn.img.susercontent.com/vn-11134513-7r98o-lstq4jrnl58kbd@resize_ss640x400,https://www.foody.vn/da-nang/bun-bo-ba-dieu,/da-nang/bun-bo-ba-dieu/goi-mon
90179,Mì Quảng Giao Thủy - Ba Đình,"1B Ba Đình, P. Thạch Thang, Quận Hải Châu, Đà Nẵng",Quận Hải Châu,Đà Nẵng,16.076308,108.219652,8.328,11,55,0,,,,Đang cập nhật,True,False,False,False,,Quán ăn,Món Quảng,https://down-vn.img.susercontent.com/vn-11134513-7r98o-lstsdpr5kpspf9@resize_ss640x400,https://www.foody.vn/da-nang/mi-quang-giao-thuy-ba-dinh,/da-nang/mi-quang-giao-thuy-ba-dinh/goi-mon
732256,Phúc Long Nguyễn Văn Linh Đà Nẵng,"59 - 61 Nguyễn Văn Linh, P. Bình Hiên, Quận Hải Châu, Đà Nẵng",Quận Hải Châu,Đà Nẵng,16.060705,108.220406,6.9,225,608,0,,,,1800 6779,True,False,False,False,,Café/Dessert,Món Việt,https://down-vn.img.susercontent.com/vn-11134513-81ztc-mp8vyx2mliptb9@resize_ss640x400,https://www.foody.vn/da-nang/phuc-long-nguyen-van-linh-da-nang,/da-nang/phuc-long-nguyen-van-linh-da-nang/goi-mon
963841,Gà rán và Mì Ý - Jollibee - Nguyễn Đức Trung,"47 Nguyễn Đức Trung, P. Thanh Khê Đông, Quận Thanh Khê, Đà Nẵng",Quận Thanh Khê,Đà Nẵng,16.070246,108.187372,8.016,12,15,0,,,,Đang cập nhật,True,False,False,False,,Nhà hàng,Món Việt,https://down-vn.img.susercontent.com/vn-11134513-81ztc-moi1i7mlozr495@resize_ss640x400,https://www.foody.vn/da-nang/ga-ran-va-mi-y-jollibee-nguyen-duc-trung,/da-nang/ga-ran-va-mi-y-jollibee-nguyen-duc-trung/goi-mon
1000000028,Quán Chay Phước Vegan,"53 Hải Phòng, P. Thạch Thang, Quận Hải Châu, Đà Nẵng",Quận Hải Châu,Đà Nẵng,16.0722132,108.2176123,7.76,10,19,0,,,,Đang cập nhật,True,False,False,False,,Ăn chay,Món Việt,https://down-vn.img.susercontent.com/vn-11134513-7r98o-lsvdqgc5rmpw49@resize_ss640x400,https://www.foody.vn/da-nang/phuoc-vegan-quan-chay,/da-nang/phuoc-vegan-quan-chay/goi-mon
888066,Bánh Tráng Cô Thê,"381 Nguyễn Văn Linh, P. Thạc Gián, Quận Thanh Khê, Đà Nẵng",Quận Thanh Khê,Đà Nẵng,16.0590255,108.2073226,7.564,17,83,0,,,,Đang cập nhật,False,False,False,False,,Ăn vặt/vỉa hè,Món Việt,https://down-vn.img.susercontent.com/vn-11134513-7r98o-lsu6ytq3wihle4@resize_ss640x400,https://www.foody.vn/da-nang/banh-trang-co-the,/da-nang/banh-trang-co-the/goi-mon
658761,Milano 209 Cafe - Phan Đăng Lưu,"209 Phan Đăng Lưu, P. Khuê Trung, Quận Cẩm Lệ, Đà Nẵng",Quận Cẩm Lệ,Đà Nẵng,16.036374,108.211971,7.4,4,27,0,,,,0935 379 552,True,False,False,False,,Café/Dessert,Món Việt,https://down-vn.img.susercontent.com/vn-11134513-7r98o-lsu018v25t50ed@resize_ss640x400,https://www.foody.vn/da-nang/milano-209-cafe-phan-dang-luu,/da-nang/milano-209-cafe-phan-dang-luu/goi-mon
749233,Cơm Chiên 73 - Đệ Nhất Cơm Thố,"241 - 243 Lý Thái Tông, P. Hòa Minh, Quận Liên Chiểu, Đà Nẵng",Quận Liên Chiểu,Đà Nẵng,16.0679596,108.1708071,6.016,25,39,0,,,,0903 469 659,True,False,False,False,,"Quán ăn,, Giao cơm văn phòng",Món Việt,https://down-vn.img.susercontent.com/vn-11134513-7r98o-lsu3pdrwzuf81d@resize_ss640x400,https://www.foody.vn/da-nang/com-chien-73-de-nhat-com-tho,/da-nang/com-chien-73-de-nhat-com-tho/goi-mon
854371,Bông Food & Drink - Nguyễn Thị Minh Khai,"123 Nguyễn Thị Minh Khai, P. Hải Châu 1, Quận Hải Châu, Đà Nẵng",Quận Hải Châu,Đà Nẵng,16.0692045,108.2189835,6.004,42,112,0,,,,0937320670,True,False,False,False,,Café/Dessert,Món Việt,https://down-vn.img.susercontent.com/vn-11134513-7r98o-lsu62rj8x6108e@resize_ss640x400,https://www.foody.vn/da-nang/bong-food-drink-nguyen-thi-minh-khai,/da-nang/bong-food-drink-nguyen-thi-minh-khai/goi-mon
154953,Lẩu 70 - Ngô Thì Nhậm,"16 Ngô Thì Nhậm, P. Hòa Khánh Nam, Quận Liên Chiểu, Đà Nẵng",Quận Liên Chiểu,Đà Nẵng,16.070457,108.153932,7.07,11,73,0,,,,Đang cập nhật,False,False,False,False,,Quán nhậu,Món Việt,https://down-vn.img.susercontent.com/vn-11134513-7r98o-lstul2w2jhdw5b@resize_ss640x400,https://www.foody.vn/da-nang/lau-70-ngo-thi-nham,/da-nang/lau-70-ngo-thi-nham/goi-mon
971914,Bà Nhu - Lươn Đồng Xứ Nghệ,"Số 02 Mẹ Thứ, Quận Cẩm Lệ, Đà Nẵng",Quận Cẩm Lệ,Đà Nẵng,16.003044,108.222252,8.0,1,4,0,,,,Đang cập nhật,False,False,False,False,,Quán ăn,Món Việt,https://down-vn.img.susercontent.com/vn-11134513-7r98o-lsu8qavtuldwd5@resize_ss640x400,https://www.foody.vn/da-nang/ba-nhu-luon-dong-xu-nghe,/da-nang/ba-nhu-luon-dong-xu-nghe/goi-mon
133225,Ăn Vặt Ba Cô,"59/5 Nguyễn Tri Phương, P. Thạc Gián, Quận Thanh Khê, Đà Nẵng",Quận Thanh Khê,Đà Nẵng,16.0561246,108.2074928,7.886,135,774,0,,,,0905 505 508,True,False,False,False,,Ăn vặt/vỉa hè,Hà Nội,https://down-vn.img.susercontent.com/vn-11134513-7r98o-lsttsvj6ct5lb3@resize_ss640x400,https://www.foody.vn/da-nang/an-vat-ba-co-nguyen-tri-phuong,/da-nang/an-vat-ba-co-nguyen-tri-phuong/goi-mon
1059363,Pizza Time - 279 Võ An Ninh,"279 Võ An Ninh, P. Hòa Xuân, Quận Cẩm Lệ, Đà Nẵng",Quận Cẩm Lệ,Đà Nẵng,16.0030237,108.2227146,9.2,2,2,0,,,,Đang cập nhật,True,False,False,False,,Quán ăn,Ý,https://down-vn.img.susercontent.com/vn-11134513-7r98o-lsv2kgq1813t74@resize_ss640x400,https://www.foody.vn/da-nang/pizza-time-279-vo-an-ninh,/da-nang/pizza-time-279-vo-an-ninh/goi-mon
8496,Mr. Pizza - Lê Lợi,"111 Lê Lợi, P. Thạch Thang, Quận Hải Châu, Đà Nẵng",Quận Hải Châu,Đà Nẵng,16.0756233,108.2199322,7.038,79,265,0,,,,(0236) 3 840 499,True,False,False,False,,Nhà hàng,Ý,https://down-vn.img.susercontent.com/vn-11134513-7r98o-lstq5it0bb2c8b@resize_ss640x400,https://www.foody.vn/da-nang/mr-pizza-le-loi,/da-nang/mr-pizza-le-loi/goi-mon
110375,Pizza Take Away Đà Nẵng,"Nhà Hàng Đối Diện 91 Hồ Tùng Mậu Khoảng 25m, Quận Liên Chiểu, Đà Nẵng",Quận Liên Chiểu,Đà Nẵng,16.0802109,108.1620406,6.116,85,503,0,,,,Đang cập nhật,True,False,False,False,,Tiệm bánh,Món Việt,https://down-vn.img.susercontent.com/vn-11134513-820l4-meksx7y48g74c7@resize_ss640x400,https://www.foody.vn/da-nang/pizza-take-away-da-nang,/da-nang/pizza-take-away-da-nang/goi-mon
1076014,Trà Sữa Thỏ - Xô Viết Nghệ Tĩnh,"31 Xô Viết Nghệ Tĩnh, P. Hòa Cường Nam, Quận Hải Châu, Đà Nẵng",Quận Hải Châu,Đà Nẵng,16.032879,108.2229756,8.0,1,2,0,,,,Đang cập nhật,False,False,False,False,,Café/Dessert,,https://down-vn.img.susercontent.com/vn-11134513-7ras8-mbulbv41laxa1d@resize_ss640x400,https://www.foody.vn/da-nang/tra-sua-tho-xo-viet-nghe-tinh,/da-nang/tra-sua-tho-xo-viet-nghe-tinh/goi-mon
27507,Pizza Pasta,"74 Bạch Đằng, Quận Hải Châu, Đà Nẵng",Quận Hải Châu,Đà Nẵng,16.069897,108.225053,6.268,18,104,0,,,,Đang cập nhật,True,False,False,False,,Nhà hàng,Ý,https://down-vn.img.susercontent.com/vn-11134513-7r98o-lstqyb87lh38bc@resize_ss640x400,https://www.foody.vn/da-nang/pizza-pasta,/da-nang/pizza-pasta/goi-mon
648279,Sasin - Mì Cay & Món Ăn Hàn Quốc - Châu Thị Vĩnh Tế,"155 Châu Thị Vĩnh Tế, Quận Ngũ Hành Sơn, Đà Nẵng",Quận Ngũ Hành Sơn,Đà Nẵng,16.047892,108.241353,5.252,70,148,0,,,,Đang cập nhật,True,False,False,False,,Quán ăn,Món Hàn,https://down-vn.img.susercontent.com/vn-11134513-7r98o-lstzokzv9lll14@resize_ss640x400,https://www.foody.vn/da-nang/sasin-mi-cay-mon-an-han-quoc-chau-thi-vinh-te,/da-nang/sasin-mi-cay-mon-an-han-quoc-chau-thi-vinh-te/goi-mon
255806,Hot Hot - Mì Cay 7 Cấp Độ - Phan Tứ,"3 Phan Tứ, P. Mỹ An, Quận Ngũ Hành Sơn, Đà Nẵng",Quận Ngũ Hành Sơn,Đà Nẵng,16.0453037,108.2418189,5.912,154,380,0,,,,Đang cập nhật,True,False,False,False,,Quán ăn,Món Hàn,https://down-vn.img.susercontent.com/vn-11134513-7r98o-lstxnsljwg4967@resize_ss640x400,https://www.foody.vn/da-nang/hot-hot-mi-cay-7-cap-do-phan-tu,/da-nang/hot-hot-mi-cay-7-cap-do-phan-tu/goi-mon
940402,Bé Nhỏ - Bánh Tráng Đà Lạt & Ăn Vặt,"Kiot 05 Âu Cơ, chợ Hoà Khánh (Đối diện 74 Âu Cơ), Quận Liên Chiểu, Đà Nẵng",Quận Liên Chiểu,Đà Nẵng,16.070212,108.149182,8.3,2,9,0,,,,0964757467,False,False,False,False,,Quán ăn,Món Miền Trung,https://down-vn.img.susercontent.com/vn-11134513-7r98o-lsu828469d3t5b@resize_ss640x400,https://www.foody.vn/da-nang/be-nho-banh-trang-da-lat-an-vat,/da-nang/be-nho-banh-trang-da-lat-an-vat/goi-mon
769418,Bánh Tráng Kẹp Bé Nhỏ,"43 Nguyễn Tường Phổ, Quận Liên Chiểu, Đà Nẵng",Quận Liên Chiểu,Đà Nẵng,16.062284,108.17216,7.4,5,45,0,,,,Đang cập nhật,False,False,False,False,,Ăn vặt/vỉa hè,Món Việt,https://down-vn.img.susercontent.com/vn-11134513-7r98o-lsu4lv3ptqkk73@resize_ss640x400,https://www.foody.vn/da-nang/banh-trang-kep-be-nho,/da-nang/banh-trang-kep-be-nho/goi-mon
12804,Quán Xuân - Bún Thịt Nướng - Hải Phòng ( Chính hiệu từ 1984),"469 Hải Phòng, P. Chính Gián, Quận Thanh Khê, Đà Nẵng",Quận Thanh Khê,Đà Nẵng,16.067821,108.205037,6.214,146,575,0,,,,(0236) 3 837 389 - 0905 342 008,True,False,False,False,,Quán ăn,Món Việt,https://down-vn.img.susercontent.com/vn-11134513-7r98o-lstqc7o1svr83c@resize_ss640x400,https://www.foody.vn/da-nang/quan-xuan-bun-thit-nuong-hai-phong-chinh-hieu-tu-1984,/da-nang/quan-xuan-bun-thit-nuong-hai-phong-chinh-hieu-tu-1984/goi-mon
684223,Bánh Canh Mợ Tèo - Ngũ Hành Sơn,"151 Ngũ Hành Sơn, P. Mỹ An, Quận Ngũ Hành Sơn, Đà Nẵng",Quận Ngũ Hành Sơn,Đà Nẵng,16.041151,108.241814,7.998,3,7,0,,,,Đang cập nhật,False,False,False,False,,Quán ăn,Món Việt,https://down-vn.img.susercontent.com/vn-11134513-7r98o-lsu0yni28tcpf6@resize_ss640x400,https://www.foody.vn/da-nang/banh-canh-mo-teo-ngu-hanh-son,/da-nang/banh-canh-mo-teo-ngu-hanh-son/goi-mon
915613,Bánh Canh Lụa - Phan Đăng Lưu,"137 Phan Đăng Lưu, P. Hòa Cường Bắc, Quận Hải Châu, Đà Nẵng",Quận Hải Châu,Đà Nẵng,16.036032,108.215903,8.2,1,37,0,,,,"0976050020 , 0345920446",True,False,False,False,,Quán ăn,Món Miền Trung,https://down-vn.img.susercontent.com/vn-11134513-7r98o-lsu7nebte6c92e@resize_ss640x400,https://www.foody.vn/da-nang/banh-canh-lua-phan-dang-luu,/da-nang/banh-canh-lua-phan-dang-luu/goi-mon
102081,Tokbokki Ly - Quán Ăn,"64 An Thượng 20, P. Mỹ An, Quận Ngũ Hành Sơn, Đà Nẵng",Quận Ngũ Hành Sơn,Đà Nẵng,16.051255,108.239778,7.238,310,909,0,,,,01286 320 006 - 0931 996 088,True,False,False,False,,Quán ăn,Món Hàn,https://down-vn.img.susercontent.com/vn-11134513-7r98o-lstsqhdh1ztl35@resize_ss640x400,https://www.foody.vn/da-nang/tokbokki-ly-quan-an,/da-nang/tokbokki-ly-quan-an/goi-mon
634100,Bánh Canh Bà Bé Chợ Cồn - 263 Nguyễn Văn Linh,"263 Nguyễn Văn Linh, P. Thạc Gián, Quận Thanh Khê, Đà Nẵng",Quận Thanh Khê,Đà Nẵng,16.0599604,108.2123691,5.822,31,149,0,,,,Đang cập nhật,True,False,False,False,,Quán ăn,Món Việt,https://down-vn.img.susercontent.com/vn-11134513-7r98o-lstz81kmlhace7@resize_ss640x400,https://www.foody.vn/da-nang/banh-canh-ba-be-cho-con-263-nguyen-van-linh,/da-nang/banh-canh-ba-be-cho-con-263-nguyen-van-linh/goi-mon
287330,Nhà Hàng Lẩu Tứ Xuyên,"50 Hồ Xuân Hương, P. Mỹ An, Quận Ngũ Hành Sơn, Đà Nẵng",Quận Ngũ Hành Sơn,Đà Nẵng,16.0390619,108.2446799,7.918,12,158,0,,,,0901 989 886,True,False,False,False,,Nhà hàng,Món Trung Hoa,https://down-vn.img.susercontent.com/vn-11134513-7r98o-lsty44i9kgbd64@resize_ss640x400,https://www.foody.vn/da-nang/nha-hang-lau-tu-xuyen,/da-nang/nha-hang-lau-tu-xuyen/goi-mon
256282,Mỳ Quảng My Ny - Bánh Mì & Bánh Tráng Thịt Heo,"310 Núi Thành, P. Hòa Cường Bắc, Quận Hải Châu, Đà Nẵng",Quận Hải Châu,Đà Nẵng,16.0414042,108.2217371,6.456,7,27,0,,,,(0236) 3 799 975,True,False,False,False,,Quán ăn,Món Miền Trung,https://down-vn.img.susercontent.com/vn-11134513-7r98o-lstxmproq21021@resize_ss640x400,https://www.foody.vn/da-nang/my-quang-my-ny-banh-mi-banh-trang-thit-heo,/da-nang/my-quang-my-ny-banh-mi-banh-trang-thit-heo/goi-mon
771844,Như - Mì Quảng Phú Chiêm,"63 Phạm Văn Nghị, P. Thạc Gián, Quận Thanh Khê, Đà Nẵng",Quận Thanh Khê,Đà Nẵng,16.0572674,108.210088,6.476,8,13,0,,,,0934787873,True,False,False,False,,Quán ăn,Món Miền Trung,https://down-vn.img.susercontent.com/vn-11134513-7r98o-lsu4qpiql5foc4@resize_ss640x400,https://www.foody.vn/da-nang/nhu-mi-quang-phu-chiem,/da-nang/nhu-mi-quang-phu-chiem/goi-mon
732266,Ngọc Hương Seafood Restaurant,"Lô 8 - 9 Võ Nguyên Giáp, P. Phước Mỹ, Quận Sơn Trà, Đà Nẵng",Quận Sơn Trà,Đà Nẵng,16.073511,108.244929,9.056,18,143,0,,,,0933 151 515,True,False,False,False,,Nhà hàng,Món Việt,https://down-vn.img.susercontent.com/vn-11134513-7r98o-lsu2xm0m0rdleb@resize_ss640x400,https://www.foody.vn/da-nang/ngoc-huong-seafood-restaurant,/da-nang/ngoc-huong-seafood-restaurant/goi-mon
1055756,Bún Đậu Mắm Tôm Phất Lộc 3 - Phước Lý 1,"51 Phước Lý 1, Quận Cẩm Lệ, Đà Nẵng",Quận Cẩm Lệ,Đà Nẵng,16.043152,108.169419,2.2,2,2,0,,,,Đang cập nhật,True,False,False,False,,Quán ăn,Món Bắc,https://down-vn.img.susercontent.com/vn-11134513-7r98o-lsv2agzdnqu199@resize_ss640x400,https://www.foody.vn/da-nang/bun-dau-mam-tom-phat-loc-3-phuoc-ly-1,/da-nang/bun-dau-mam-tom-phat-loc-3-phuoc-ly-1/goi-mon
140734,Chè Cung Đình - Ông Ích Đường,"271A Ông Ích Đường, P. Khuê Trung, Quận Cẩm Lệ, Đà Nẵng",Quận Cẩm Lệ,Đà Nẵng,16.013123,108.205558,7.0,3,8,0,,,,Đang cập nhật,True,False,False,False,,Ăn vặt/vỉa hè,Món Huế,https://down-vn.img.susercontent.com/vn-11134513-7r98o-lstu2o9c6l6s0d@resize_ss640x400,https://www.foody.vn/da-nang/che-cung-dinh-ong-ich-duong,/da-nang/che-cung-dinh-ong-ich-duong/goi-mon
101185,Cơm Gà Gia Vĩnh - Hải Phòng,"241 Hải Phòng, P. Tân Chính, Quận Thanh Khê, Đà Nẵng",Quận Thanh Khê,Đà Nẵng,16.0713827,108.2107186,7.05,83,283,0,,,,0905 317 331,True,False,False,False,,Quán ăn,Món Miền Trung,https://down-vn.img.susercontent.com/vn-11134513-7r98o-lstspece3cm1f7@resize_ss640x400,https://www.foody.vn/da-nang/com-chien-gion-gia-vinh,/da-nang/com-chien-gion-gia-vinh/goi-mon
991246,Bún Đậu Mắm Tôm LÚA,"01 An Hải 17, P. Mân Thái, Quận Sơn Trà, Đà Nẵng",Quận Sơn Trà,Đà Nẵng,16.087151,108.23827,9.0,1,1,0,,,,0766659976,True,False,False,False,,Quán ăn,Món Việt,https://down-vn.img.susercontent.com/vn-11134513-820l4-mijezk1tcutg84@resize_ss640x400,https://www.foody.vn/da-nang/bun-dau-mam-tom-lua,/da-nang/bun-dau-mam-tom-lua/goi-mon
203503,Quán Nhậu 2 Fi,"91 Tản Đà, P. Thạc Gián, Quận Thanh Khê, Đà Nẵng",Quận Thanh Khê,Đà Nẵng,16.062765,108.209612,7.852,8,77,0,,,,Đang cập nhật,False,False,False,False,,Quán nhậu,,https://down-vn.img.susercontent.com/vn-11134513-7r98o-lstw78iiqjrtcb@resize_ss640x400,https://www.foody.vn/da-nang/quan-nhau-2-fi,/da-nang/quan-nhau-2-fi/goi-mon
693559,SaSin - Mì Cay 7 Cấp Độ Hàn Quốc - Ngô Văn Sở,"22 Ngô Văn Sở, P. Hòa Khánh Nam, Quận Liên Chiểu, Đà Nẵng",Quận Liên Chiểu,Đà Nẵng,16.067941,108.14847,5.208,29,73,0,,,,Đang cập nhật,True,False,False,False,,Quán ăn,Món Hàn,https://down-vn.img.susercontent.com/vn-11134513-7r98o-lsu1dhhmtg3o93@resize_ss640x400,https://www.foody.vn/da-nang/sasin-mi-cay-7-cap-do-han-quoc-ngo-van-so,/da-nang/sasin-mi-cay-7-cap-do-han-quoc-ngo-van-so/goi-mon
1017647,Duyên - Cơm Gà Xối Mỡ - Lê Độ,"67 Lê Độ, P. Xuân Hà, Quận Thanh Khê, Đà Nẵng",Quận Thanh Khê,Đà Nẵng,16.0714913,108.2014207,10.0,3,2,0,,,,0906414777 ( Mr. Qúy ) ,True,False,False,False,,Quán ăn,Món Việt,https://down-vn.img.susercontent.com/vn-11134513-81ztc-mlkrha0ua8le71@resize_ss640x400,https://www.foody.vn/da-nang/duyen-com-ga-xoi-mo-le-do,/da-nang/duyen-com-ga-xoi-mo-le-do/goi-mon
22356,Cháo Lộc - Đặc Sản Chả Giò Nem,"4 Trần Bình Trọng, P. Hải Châu 1, Quận Hải Châu, Đà Nẵng",Quận Hải Châu,Đà Nẵng,16.066228,108.219795,7.03,26,74,0,,,,(0236) 3 822 346,True,False,False,False,,Quán ăn,Món Quảng,https://down-vn.img.susercontent.com/vn-11134513-7r98o-lstqqlfa4mh098@resize_ss640x400,https://www.foody.vn/da-nang/chao-loc-dac-san-cha-gio-nem,/da-nang/chao-loc-dac-san-cha-gio-nem/goi-mon
1061134,Bún Đậu Tràng An - Châu Thị Vĩnh Tế,"141 Châu Thị Vĩnh Tế, P. Mỹ An, Quận Ngũ Hành Sơn, Đà Nẵng",Quận Ngũ Hành Sơn,Đà Nẵng,16.0485783,108.241163,9.522,13,19,0,,,,Đang cập nhật,True,False,False,False,,Quán ăn,Món Việt,https://down-vn.img.susercontent.com/vn-11134513-7r98o-lsv2on1f949003@resize_ss640x400,https://www.foody.vn/da-nang/bun-dau-trang-an-chau-thi-vinh-te,/da-nang/bun-dau-trang-an-chau-thi-vinh-te/goi-mon
132191,Mì Quảng Bà Tám - Trịnh Công Sơn,"1 Trịnh Công Sơn, P. Hòa Cường Nam, Quận Hải Châu, Đà Nẵng",Quận Hải Châu,Đà Nẵng,16.0357643,108.2221271,7.4,3,9,0,,,,Đang cập nhật,True,False,False,False,,Quán ăn,Món Quảng,https://down-vn.img.susercontent.com/vn-11134513-7r98o-lsttrvm6wxqc5e@resize_ss640x400,https://www.foody.vn/da-nang/mi-quang-ba-tam-trinh-cong-son,/da-nang/mi-quang-ba-tam-trinh-cong-son/goi-mon
94879,Cơm Tấm Ngon - Ngô Văn Sở,"17 Ngô Văn Sở, P. Hòa Khánh Nam, Quận Liên Chiểu, Đà Nẵng",Quận Liên Chiểu,Đà Nẵng,16.069006,108.150819,6.12,29,94,0,,,,Đang cập nhật,True,False,False,False,,"Quán ăn,, Giao cơm văn phòng",Món Việt,https://down-vn.img.susercontent.com/vn-11134513-7r98o-lstsisgq78gpef@resize_ss640x400,https://www.foody.vn/da-nang/com-tam-ngon-ngo-van-so,/da-nang/com-tam-ngon-ngo-van-so/goi-mon
18874,Phở Thu - Trần Cao Vân,"126 Trần Cao Vân, Quận Thanh Khê, Đà Nẵng",Quận Thanh Khê,Đà Nẵng,16.07234,108.208023,7.902,6,4,0,,,,Đang cập nhật,True,False,False,False,,Quán ăn,Món Việt,https://down-vn.img.susercontent.com/vn-11134259-7r98o-lwfv0wc6dexl5c@resize_ss640x400,https://www.foody.vn/da-nang/pho-thu-tran-cao-van,
778868,Bánh Chuối Chiên Sài Gòn - Lương Thế Vinh,"15 Lương Thế Vinh, P. An Hải Đông, Quận Sơn Trà, Đà Nẵng",Quận Sơn Trà,Đà Nẵng,16.063522,108.237045,7.98,20,53,0,,,,0989432529,False,False,False,False,,Ăn vặt/vỉa hè,Miền Đông,https://down-vn.img.susercontent.com/vn-11134513-7r98o-lsu50tzh8jb85a@resize_ss640x400,https://www.foody.vn/da-nang/banh-chuoi-chien-sai-gon-luong-the-vinh,/da-nang/banh-chuoi-chien-sai-gon-luong-the-vinh/goi-mon
6319,Mì Quảng Bà Ngân,"108 Đống Đa, Quận Hải Châu, Đà Nẵng",Quận Hải Châu,Đà Nẵng,16.080883,108.218647,6.36,10,37,0,,,,Đang cập nhật,True,False,False,False,,Quán ăn,Món Miền Trung,https://down-vn.img.susercontent.com/vn-11134513-7r98o-lstq1t9novix27@resize_ss640x400,https://www.foody.vn/da-nang/mi-quang-ba-ngan,/da-nang/mi-quang-ba-ngan/goi-mon
100987,Bánh Mì Đệ Nhất - 106 Trưng Nữ Vương,"106 Trưng Nữ Vương, P. Bình Hiên, Quận Hải Châu, Đà Nẵng",Quận Hải Châu,Đà Nẵng,16.058919,108.2210014,7.156,19,22,0,,,,Đang cập nhật,False,False,False,False,,Ăn vặt/vỉa hè,Món Việt,https://down-vn.img.susercontent.com/vn-11134513-7r98o-lstsp6y0x57db6@resize_ss640x400,https://www.foody.vn/da-nang/banh-mi-de-nhat-106-trung-nu-vuong,/da-nang/banh-mi-de-nhat-106-trung-nu-vuong/goi-mon
136657,Bánh Mì Đệ Nhất - 562 Trưng Nữ Vương,"562 Trưng Nữ Vương, P. Hòa Thuận Tây, Quận Hải Châu, Đà Nẵng",Quận Hải Châu,Đà Nẵng,16.0459417,108.2102677,7.53,17,78,0,,,,Đang cập nhật,False,False,False,False,,Ăn vặt/vỉa hè,Món Việt,https://down-vn.img.susercontent.com/vn-11134513-7r98o-lsttxhctoybobb@resize_ss640x400,https://www.foody.vn/da-nang/banh-mi-de-nhat-562-trung-nu-vuong,/da-nang/banh-mi-de-nhat-562-trung-nu-vuong/goi-mon
121841,Phở - Miến & Mì Xíu,"265 Thái Thị Bôi, P. Hòa Khê, Quận Thanh Khê, Đà Nẵng",Quận Thanh Khê,Đà Nẵng,16.068013,108.192742,7.588,15,66,0,,,,Đang cập nhật,True,False,False,False,,Quán ăn,Món Việt,https://down-vn.img.susercontent.com/vn-11134513-7r98o-lsttem6xkeqhc6@resize_ss640x400,https://www.foody.vn/da-nang/pho-mien-mi-xiu,/da-nang/pho-mien-mi-xiu/goi-mon
704307,Bánh Mì Phô Mai Đà Nẵng,"379/12 Trần Cao Vân, P. Xuân Hà, Quận Thanh Khê, Đà Nẵng",Quận Thanh Khê,Đà Nẵng,16.0711834,108.1957605,8.044,105,208,0,,,,Đang cập nhật,True,False,False,False,,Shop Online,Món Việt,https://down-vn.img.susercontent.com/vn-11134513-7r98o-lsu1v7yshgasb4@resize_ss640x400,https://www.foody.vn/da-nang/banh-mi-pho-mai-da-nang,/da-nang/banh-mi-pho-mai-da-nang/goi-mon
8942,Xoa Xoa Hạt Lựu - Phan Thanh,"103 Phan Thanh, P Thạc Gián, Quận Thanh Khê, Đà Nẵng",Quận Thanh Khê,Đà Nẵng,16.0633948,108.2087412,7.648,29,159,0,,,,0935 415 222,True,False,False,False,,Quán ăn,,https://down-vn.img.susercontent.com/vn-11134513-7r98o-lstq65zcecuxca@resize_ss640x400,https://www.foody.vn/da-nang/xoa-xoa-hat-luu-phan-thanh,/da-nang/xoa-xoa-hat-luu-phan-thanh/goi-mon
49937,Chè Chuối Nướng - Ông Ích Khiêm,"190/1 Ông Ích Khiêm, P. Tân Chính, Quận Thanh Khê, Đà Nẵng",Quận Thanh Khê,Đà Nẵng,16.070908,108.213206,6.962,48,161,0,,,,Đang cập nhật,False,False,False,False,,Ăn vặt/vỉa hè,Món Quảng,https://down-vn.img.susercontent.com/vn-11134513-7r98o-lstrsj2448m18a@resize_ss640x400,https://www.foody.vn/da-nang/che-chuoi-nuong-ong-ich-khiem,/da-nang/che-chuoi-nuong-ong-ich-khiem/goi-mon
109101,Chè Chuối Nướng - Hoàng Diệu,"384 Hoàng Diệu, Quận Hải Châu, Đà Nẵng",Quận Hải Châu,Đà Nẵng,16.055753,108.217301,7.192,77,210,0,,,,Đang cập nhật,False,False,False,False,,Ăn vặt/vỉa hè,Món Quảng,https://down-vn.img.susercontent.com/vn-11134513-7r98o-lstt05hfk6ft31@resize_ss640x400,https://www.foody.vn/da-nang/che-chuoi-nuong-hoang-dieu,/da-nang/che-chuoi-nuong-hoang-dieu/goi-mon
94668,Chè Chuối Nướng - Chè Xà Vẵn - 78 Nguyễn Chí Thanh,"78 Nguyễn Chí Thanh, P. Hải Châu 1, Quận Hải Châu, Đà Nẵng",Quận Hải Châu,Đà Nẵng,16.074441,108.220809,7.192,23,52,0,,,,Đang cập nhật,True,False,False,False,,"Ăn vặt/vỉa hè,, Quán ăn",Món Quảng,https://down-vn.img.susercontent.com/vn-11134513-7r98o-lstsja4oclndf7@resize_ss640x400,https://www.foody.vn/da-nang/che-chuoi-nuong-che-xa-van-78-nguyen-chi-thanh,/da-nang/che-chuoi-nuong-che-xa-van-78-nguyen-chi-thanh/goi-mon
724530,Ẩm Thực Gánh - Bún Đậu Mắm Tôm - Phan Đăng Lưu,"202 Phan Đăng Lưu, P. Hòa Cường Bắc, Quận Hải Châu, Đà Nẵng",Quận Hải Châu,Đà Nẵng,16.036423,108.212261,6.512,136,344,0,,,,Đang cập nhật,True,False,False,False,,Quán ăn,Món Việt,https://down-vn.img.susercontent.com/vn-11134513-7r98o-lsu2lwgywh5088@resize_ss640x400,https://www.foody.vn/da-nang/am-thuc-ganh-bun-dau-mam-tom-phan-dang-luu,/da-nang/am-thuc-ganh-bun-dau-mam-tom-phan-dang-luu/goi-mon
1000000244,Cô Ba & Chú Bảy - Cơm & Bún Lòng Xào Nghệ - Dũng Sĩ Thanh Khê,"57 Dũng Sĩ Thanh Khê, Quận Thanh Khê, Đà Nẵng",Quận Thanh Khê,Đà Nẵng,16.0728787,108.1778395,9.0,2,4,0,,,,Đang cập nhật,True,False,False,False,,Quán ăn,Món Việt,https://down-vn.img.susercontent.com/vn-11134513-7r98o-lsvdq1qd52ft39@resize_ss640x400,https://www.foody.vn/da-nang/co-ba-chu-bay-com-bun-long-xao-nghe-dung-si-thanh-khe,/da-nang/co-ba-chu-bay-com-bun-long-xao-nghe-dung-si-thanh-khe/goi-mon
977012,Quán Thủy - Bún Măng Gà & Xôi Gà,"4 Nguyễn Đình Tựu, P. Hòa Khê, Quận Thanh Khê, Đà Nẵng",Quận Thanh Khê,Đà Nẵng,16.0627553,108.1806098,7.8,2,8,0,,,,0772054058,True,False,False,False,,Ăn vặt/vỉa hè,Món Miền Trung,https://down-vn.img.susercontent.com/vn-11134513-7r98o-lsu8utgdy2zd46@resize_ss640x400,https://www.foody.vn/da-nang/quan-thuy-bun-mang-ga-xoi-ga,/da-nang/quan-thuy-bun-mang-ga-xoi-ga/goi-mon
12251,Bánh Cuốn Tiến Hưng - 190 Trần Phú,"190 Trần Phú, P. Phước Ninh, Quận Hải Châu, Đà Nẵng",Quận Hải Châu,Đà Nẵng,16.063383,108.223384,6.618,42,104,0,,,,Đang cập nhật,True,False,False,False,,Quán ăn,Món Việt,https://down-vn.img.susercontent.com/vn-11134513-7r98o-lstqba5mubpg15@resize_ss640x400,https://www.foody.vn/da-nang/banh-cuon-tien-hung-190-tran-phu,/da-nang/banh-cuon-tien-hung-190-tran-phu/goi-mon
47043,Bún Bò 75 - Nguyễn Chí Thanh,"75 Nguyễn Chí Thanh, P. Thạch Thang, Quận Hải Châu, Đà Nẵng",Quận Hải Châu,Đà Nẵng,16.075708,108.220562,5.772,15,28,0,,,,Đang cập nhật,False,False,False,False,,Quán ăn,Món Quảng,https://down-vn.img.susercontent.com/vn-11134513-7r98o-lstrotqise5548@resize_ss640x400,https://www.foody.vn/da-nang/bun-bo-75-nguyen-chi-thanh,/da-nang/bun-bo-75-nguyen-chi-thanh/goi-mon
268283,Quán Nhỏ Chân Gà - Đống Đa,"125 Đống Đa, P. Thạch Thang, Quận Hải Châu, Đà Nẵng",Quận Hải Châu,Đà Nẵng,16.0789319,108.2175418,6.252,56,145,0,,,,Đang cập nhật,True,False,False,False,,Quán ăn,Món Việt,https://down-vn.img.susercontent.com/vn-11134513-7r98o-lstxt9kpne6x76@resize_ss640x400,https://www.foody.vn/da-nang/quan-nho-chan-ga-dong-da,/da-nang/quan-nho-chan-ga-dong-da/goi-mon
941644,Rau Má Pha Đà Nẵng,"136 - 138 Đường 2 Tháng 9, Quận Hải Châu, Đà Nẵng",Quận Hải Châu,Đà Nẵng,16.05317,108.222096,7.264,34,137,0,,,,Đang cập nhật,True,False,False,False,,Ăn vặt/vỉa hè,Món Việt,https://down-vn.img.susercontent.com/vn-11134513-7r98o-lsu82yjvkntl11@resize_ss640x400,https://www.foody.vn/da-nang/rau-ma-pha-da-nang,/da-nang/rau-ma-pha-da-nang/goi-mon
125694,Quán Hiền - Đặc Sản Quảng Trị - Huỳnh Thúc Kháng,"134 Huỳnh Thúc Kháng, P. Nam Dương, Quận Hải Châu, Đà Nẵng",Quận Hải Châu,Đà Nẵng,16.058313,108.218191,7.206,39,128,0,,,,0963 443 322 - 0934 988 884,True,False,False,False,,Quán ăn,Món Miền Trung,https://down-vn.img.susercontent.com/vn-11134513-7r98o-lsttjubk9hhgb5@resize_ss640x400,https://www.foody.vn/da-nang/quan-hien-dac-san-quang-tri-huynh-thuc-khang,/da-nang/quan-hien-dac-san-quang-tri-huynh-thuc-khang/goi-mon
749563,Cơm Gà Ngũ Vị - Lê Đình Dương,"142 Lê Đình Dương, P. Hải Châu 2, Quận Hải Châu, Đà Nẵng",Quận Hải Châu,Đà Nẵng,16.062373,108.217378,7.58,10,36,0,,,,0869 231 903,True,False,False,False,,Quán ăn,Món Việt,https://down-vn.img.susercontent.com/vn-11134513-7r98o-lsu3p8m0lajda3@resize_ss640x400,https://www.foody.vn/da-nang/com-ga-ngu-vi,/da-nang/com-ga-ngu-vi/goi-mon
154988,Bún Thịt Nướng Loan - Ngô Quyền,"831 Ngô Quyền (Gần Khách Sạn Mường Thanh Ngô Quyền), P. An Hải Bắc, Quận Sơn Trà, Đà Nẵng",Quận Sơn Trà,Đà Nẵng,16.066026,108.23331,7.86,30,89,0,,,,Đang cập nhật,False,False,False,False,,Quán ăn,,https://down-vn.img.susercontent.com/vn-11134513-7r98o-lstukukoo6v8e2@resize_ss640x400,https://www.foody.vn/da-nang/bun-thit-nuong-loan-ngo-quyen,/da-nang/bun-thit-nuong-loan-ngo-quyen/goi-mon
1000036606,Tiệm Nhà Cám - Đặc Sản Bình Định - Nguyễn Thị Minh Khai,"72/3 Nguyễn Thị Minh Khai, P. Thạch Thang, Quận Hải Châu, Đà Nẵng",Quận Hải Châu,Đà Nẵng,16.0731789,108.218117,10.0,2,1,0,,,,Đang cập nhật,True,False,False,False,,Quán ăn,Món Miền Trung,https://down-vn.img.susercontent.com/vn-11134513-7r98o-lsvf7p82mwn87b@resize_ss640x400,https://www.foody.vn/da-nang/tiem-nha-cam-dac-san-binh-dinh-nguyen-thi-minh-khai,/da-nang/tiem-nha-cam-dac-san-binh-dinh-nguyen-thi-minh-khai/goi-mon
1013361,Cháo Lòng Mệ Láo,"383/20 Hải Phòng, P. Tân Chính, Quận Thanh Khê, Đà Nẵng",Quận Thanh Khê,Đà Nẵng,16.070139,108.206083,8.0,1,24,0,,,,Đang cập nhật,True,False,False,False,,Quán ăn,Món Miền Trung,https://down-vn.img.susercontent.com/vn-11134513-7r98o-lsu9no1k3k5g37@resize_ss640x400,https://www.foody.vn/da-nang/chao-long-me-lao,/da-nang/chao-long-me-lao/goi-mon
140218,Cháo Lòng Hẻm BQ,"246 Ông Ích Khiêm, P. Tân Chính, Quận Thanh Khê, Đà Nẵng",Quận Thanh Khê,Đà Nẵng,16.069553,108.213528,7.152,16,47,0,,,,Đang cập nhật,True,False,False,False,,Ăn vặt/vỉa hè,Món Việt,https://down-vn.img.susercontent.com/vn-11134513-7r98o-lstu2czoo7no3c@resize_ss640x400,https://www.foody.vn/da-nang/chao-long-hem-bq,/da-nang/chao-long-hem-bq/goi-mon
13379,Bún Măng Gà & Xôi Gà - Trưng Nữ Vương,"70 Trưng Nữ Vương, Quận Hải Châu, Đà Nẵng",Quận Hải Châu,Đà Nẵng,16.059542,108.221745,8.368,6,24,0,,,,Đang cập nhật,True,False,False,False,,Quán ăn,Món Việt,https://down-vn.img.susercontent.com/vn-11134513-7r98o-lstqd1rtqwm173@resize_ss640x400,https://www.foody.vn/da-nang/bun-mang-ga-xoi-ga-trung-nu-vuong,/da-nang/bun-mang-ga-xoi-ga-trung-nu-vuong/goi-mon
148556,Lẩu Bò Sáu Hưng - Ngô Quyền,"1191 Ngô Quyền, P. An Hải Đông, Quận Sơn Trà, Đà Nẵng",Quận Sơn Trà,Đà Nẵng,16.0538116,108.2367696,6.998,96,506,0,,,,(0236) 3 836 444,True,False,False,False,,Quán ăn,Món Miền Trung,https://down-vn.img.susercontent.com/vn-11134513-7r98o-lstucpj7i2mcf2@resize_ss640x400,https://www.foody.vn/da-nang/lau-bo-sau-hung-ngo-quyen,/da-nang/lau-bo-sau-hung-ngo-quyen/goi-mon
701629,Phúc Long Lotte Mart Đà Nẵng,"Tầng 1, 1F-09 Lotte Mart Đà Nẵng, Số 06 Đường Nại Nam, P. Hòa Cường Bắc, Quận Hải Châu, Đà Nẵng",Quận Hải Châu,Đà Nẵng,16.0344901,108.2292758,7.074,154,483,0,,,,Đang cập nhật,True,False,False,False,,Café/Dessert,Món Việt,https://down-vn.img.susercontent.com/vn-11134513-81ztc-mp8vzg0bbqx8e9@resize_ss640x400,https://www.foody.vn/da-nang/phuc-long-lotte-mart-da-nang,/da-nang/phuc-long-lotte-mart-da-nang/goi-mon
224838,Đại Lộc 2 - Bánh Tráng Thịt Heo & Mì Quảng - Huỳnh Thúc Kháng,"124 Huỳnh Thúc Kháng, P. Nam Dương, Quận Hải Châu, Đà Nẵng",Quận Hải Châu,Đà Nẵng,16.058885,108.21822,7.442,36,225,0,,,,0905 051 897 - 0905 849 219,True,False,False,False,,Quán ăn,Món Quảng,https://down-vn.img.susercontent.com/vn-11134513-7r98o-lstww4dvql6s54@resize_ss640x400,https://www.foody.vn/da-nang/dai-loc-2-banh-trang-thit-heo-mi-quang-huynh-thuc-khang,/da-nang/dai-loc-2-banh-trang-thit-heo-mi-quang-huynh-thuc-khang/goi-mon
1003348,Papasteak - 2 Tháng 9,"B22 Đường 2 Tháng 9, P. Bình Hiên, Quận Hải Châu, Đà Nẵng",Quận Hải Châu,Đà Nẵng,16.055447,108.222348,9.328,8,52,0,,,,0941356868,True,False,False,False,,Nhà hàng,Ý,https://down-vn.img.susercontent.com/vn-11134513-7r98o-lsu9hs7g3g6124@resize_ss640x400,https://www.foody.vn/da-nang/papasteak-2-thang-9,/da-nang/papasteak-2-thang-9/goi-mon
187311,Cô Ta - Ốc Hút Đĩa Bay,"Doãn Khuê (Phía Sau Sân Vận Động Đĩa Bay Đường 2/9), Quận Hải Châu, Đà Nẵng",Quận Hải Châu,Đà Nẵng,16.0357575,108.2259037,7.354,22,97,0,,,,Đang cập nhật,False,False,False,False,,Ăn vặt/vỉa hè,Món Việt,https://down-vn.img.susercontent.com/vn-11134513-7r98o-lstvmxos7nvd6f@resize_ss640x400,https://www.foody.vn/da-nang/co-ta-oc-hut-dia-bay,/da-nang/co-ta-oc-hut-dia-bay/goi-mon
937434,Bún Đậu 36 - 51 Đặng Dung,"51 Đặng Dung, P. Hòa Khánh Bắc, Quận Liên Chiểu, Đà Nẵng",Quận Liên Chiểu,Đà Nẵng,16.070234,108.150529,2.15,4,4,0,,,,Đang cập nhật,True,False,False,False,,Quán ăn,Món Việt,https://down-vn.img.susercontent.com/vn-11134513-7r98o-lsu7zs0h6ra10c@resize_ss640x400,https://www.foody.vn/da-nang/bun-dau-36-51-dang-dung,/da-nang/bun-dau-36-51-dang-dung/goi-mon
8488,Đông Dương - Ẩm Thực Việt,"18 Trần Phú, Quận Hải Châu, Đà Nẵng",Quận Hải Châu,Đà Nẵng,16.078692,108.222782,7.872,69,810,0,,,,01235 327 777 - 0909 752 479,True,False,False,False,,Nhà hàng,"Món Việt,, Món Á,, Quốc tế",https://down-vn.img.susercontent.com/vn-11134513-7r98o-lstq5qev6jrt81@resize_ss640x400,https://www.foody.vn/da-nang/dong-duong-am-thuc-viet,/da-nang/dong-duong-am-thuc-viet/goi-mon
957765,Mì Quảng Tuyết - Phan Văn Định,"126 Phan Văn Định, Quận Liên Chiểu, Đà Nẵng",Quận Liên Chiểu,Đà Nẵng,16.090644,108.148167,8.798,3,48,0,,,,0988409307,True,False,False,False,,Quán ăn,Món Miền Trung,https://down-vn.img.susercontent.com/vn-11134513-7r98o-lsu8f5n127r82d@resize_ss640x400,https://www.foody.vn/da-nang/mi-quang-tuyet-phan-van-dinh,/da-nang/mi-quang-tuyet-phan-van-dinh/goi-mon
715766,Bánh Mì Bà Bé,"220 Núi Thành, P. Hoà Cường Bắc, Quận Hải Châu, Đà Nẵng",Quận Hải Châu,Đà Nẵng,16.0444463,108.2213931,7.8,1,8,0,,,,Đang cập nhật,False,False,False,False,,Ăn vặt/vỉa hè,Món Việt,https://down-vn.img.susercontent.com/vn-11134513-7r98o-lsu28t1ks1xg8d@resize_ss640x400,https://www.foody.vn/da-nang/banh-mi-ba-be,/da-nang/banh-mi-ba-be/goi-mon
12625,Cơm Chay Âu Lạc,"113/14 Nguyễn Du, Quận Hải Châu, Đà Nẵng",Quận Hải Châu,Đà Nẵng,16.078292,108.2183256,3.688,9,7,0,,,,(0236) 3 887 929,True,False,False,False,,Quán ăn,Món Việt,https://down-vn.img.susercontent.com/vn-11134259-7r98o-lwac4kmg3nq14d@resize_ss640x400,https://www.foody.vn/da-nang/com-chay-au-lac,/da-nang/com-chay-au-lac/goi-mon
91279,Cô Nương - Quán Ăn Vặt,"66/1 Ông Ích Đường, P. Khuê Trung, Quận Cẩm Lệ, Đà Nẵng",Quận Cẩm Lệ,Đà Nẵng,16.015915,108.204995,6.978,29,56,0,,,,Đang cập nhật,False,False,False,False,,Ăn vặt/vỉa hè,Món Quảng,https://down-vn.img.susercontent.com/vn-11134513-7ras8-m6059wtge9iw51@resize_ss640x400,https://www.foody.vn/da-nang/co-nuong-quan-an-vat,/da-nang/co-nuong-quan-an-vat/goi-mon
742896,Dimsum Bà Thím - Phan Châu Trinh,"280 Phan Châu Trinh, P. Nam Dương, Quận Hải Châu, Đà Nẵng",Quận Hải Châu,Đà Nẵng,16.058561,108.21909,7.71,52,266,0,,,,Đang cập nhật,True,False,False,False,,Quán ăn,Món Trung Hoa,https://down-vn.img.susercontent.com/vn-11134513-7r98o-lsu3efobpnyxb3@resize_ss640x400,https://www.foody.vn/da-nang/dimsum-ba-thim,/da-nang/dimsum-ba-thim/goi-mon
7830,QUÁN CHAY THIÊN ÂN - 281 Trần Cao Vân,"281A Trần Cao Vân, P. Xuân Hà, Quận Thanh Khê, Đà Nẵng",Quận Thanh Khê,Đà Nẵng,16.07104,108.19915,5.546,18,45,0,,,,Đang cập nhật,True,False,False,False,,Quán ăn,Món Việt,https://down-vn.img.susercontent.com/vn-11134513-7r98o-lstq4gdkie9wc8@resize_ss640x400,https://www.foody.vn/da-nang/quan-chay-thien-an-281-tran-cao-van,/da-nang/quan-chay-thien-an-281-tran-cao-van/goi-mon
1241821,Gà Nướng Mắm Nhĩ Phú Quý,"612 Ông Ích Khiêm, P. Nam Dương, Quận Hải Châu, Đà Nẵng",Quận Hải Châu,Đà Nẵng,16.0616432,108.2164805,4.4,1,0,0,,,,Đang cập nhật,True,False,False,False,,Quán ăn,,https://down-vn.img.susercontent.com/vn-11134259-7ra0g-m7692rxv33on45@resize_ss640x400,https://www.foody.vn/da-nang/ga-nuong-mam-nhi-phu-quy,/da-nang/ga-nuong-mam-nhi-phu-quy/goi-mon
291149,Time Coffee - Trần Hưng Đạo,"509 Trần Hưng Đạo, Quận Sơn Trà, Đà Nẵng",Quận Sơn Trà,Đà Nẵng,16.063498,108.230134,7.444,106,743,0,,,,Đang cập nhật,True,False,False,False,,Café/Dessert,Món Việt,https://down-vn.img.susercontent.com/vn-11134513-7r98o-lsty81jb9me1f8@resize_ss640x400,https://www.foody.vn/da-nang/time-coffee-tran-hung-dao,/da-nang/time-coffee-tran-hung-dao/goi-mon
1000000048,Chân Gà Nướng Hai Còi - Núi Thành,"77 Núi Thành, P. Hòa Thuận Đông, Quận Hải Châu, Đà Nẵng",Quận Hải Châu,Đà Nẵng,16.050874,108.220763,7.634,35,84,0,,,,Đang cập nhật,False,False,False,False,,Quán ăn,Món Việt,https://down-vn.img.susercontent.com/vn-11134513-7r98o-lsvdpkwxsfx590@resize_ss640x400,https://www.foody.vn/da-nang/chan-ga-nuong-hai-coi-nui-thanh-close,/da-nang/chan-ga-nuong-hai-coi-nui-thanh-close/goi-mon
1072893,Hùng - Lẩu Gà Lá É & Hủ Tiếu Xào,"1 Đông Du, P. An Hải Bắc, Quận Sơn Trà, Đà Nẵng",Quận Sơn Trà,Đà Nẵng,16.0811327,108.2304783,8.8,1,12,0,,,,Đang cập nhật,False,False,False,False,,Quán ăn,,https://down-vn.img.susercontent.com/vn-11134513-820l4-mjprsf91c6bodb@resize_ss640x400,https://www.foody.vn/da-nang/hung-lau-ga-la-e-hu-tieu-xao,/da-nang/hung-lau-ga-la-e-hu-tieu-xao/goi-mon
673107,Bún Mắm Vân - Trần Kế Xương,"K23/14 Trần Kế Xương, P. Hải Châu 2, Quận Hải Châu, Đà Nẵng",Quận Hải Châu,Đà Nẵng,16.067116,108.217047,7.206,43,93,0,,,,0935 898 882,True,False,False,False,,Quán ăn,Món Quảng,https://down-vn.img.susercontent.com/vn-11134513-7r98o-lsu0o6grzo9l9d@resize_ss640x400,https://www.foody.vn/da-nang/bun-mam-van-tran-ke-xuong,/da-nang/bun-mam-van-tran-ke-xuong/goi-mon
49449,Lẩu 1 Người,"183 Bế Văn Đàn, Quận Thanh Khê, Đà Nẵng",Quận Thanh Khê,Đà Nẵng,16.065004,108.198433,7.518,102,520,0,,,,Đang cập nhật,False,False,False,False,,Quán ăn,Món Việt,https://down-vn.img.susercontent.com/vn-11134513-7r98o-lstrrizahfvde7@resize_ss640x400,https://www.foody.vn/da-nang/lau-1-nguoi,/da-nang/lau-1-nguoi/goi-mon
633922,Cơm Gà Tài Ký 2,"128 - 130 - 132 Hà Kỳ Ngộ, P. Phước Mỹ, Quận Sơn Trà, Đà Nẵng",Quận Sơn Trà,Đà Nẵng,16.081522,108.243821,6.836,37,168,0,,,,0915 839 246 - 0943 814 227,True,False,False,False,,"Quán ăn,, Giao cơm văn phòng",Món Việt,https://down-vn.img.susercontent.com/vn-11134513-7r98o-lstz4a82p9y19e@resize_ss640x400,https://www.foody.vn/da-nang/com-ga-tai-ky-2,/da-nang/com-ga-tai-ky-2/goi-mon
993162,Cơm Gà Tài Ký - Nguyễn Hoàng,"188 Nguyễn Hoàng, P. Vĩnh Trung, Quận Thanh Khê, Đà Nẵng",Quận Thanh Khê,Đà Nẵng,16.0606039,108.2136117,5.0,1,0,0,,,,0896200651,True,False,False,False,,Quán ăn,Món Thái,https://down-vn.img.susercontent.com/vn-11134513-7r98o-lsu96z01nft0d0@resize_ss640x400,https://www.foody.vn/da-nang/com-ga-tai-ky-nguyen-hoang,/da-nang/com-ga-tai-ky-nguyen-hoang/goi-mon
12399,Tuyết Sang - Bánh Canh Xương Chả,"150 Lê Độ, P. Chính Gián, Quận Thanh Khê, Đà Nẵng",Quận Thanh Khê,Đà Nẵng,16.067885,108.201554,6.98,21,51,0,,,,Đang cập nhật,True,False,False,False,,Quán ăn,Món Việt,https://down-vn.img.susercontent.com/vn-11134513-7r98o-lstqbjfp9ghw56@resize_ss640x400,https://www.foody.vn/da-nang/quan-tuyet-sang-banh-canh-xuong-cha,/da-nang/quan-tuyet-sang-banh-canh-xuong-cha/goi-mon
124754,Bún Thịt Nướng Phú Hồng,"19 Yên Bái, Quận Hải Châu, Đà Nẵng",Quận Hải Châu,Đà Nẵng,16.069642,108.222843,7.526,30,136,0,,,,Đang cập nhật,True,False,False,False,,Quán ăn,Món Miền Trung,https://down-vn.img.susercontent.com/vn-11134513-7r98o-lsttiwtq50p0a8@resize_ss640x400,https://www.foody.vn/da-nang/bun-thit-nuong-phu-hong,/da-nang/bun-thit-nuong-phu-hong/goi-mon
700985,Trinh Sài Gòn - Cơm Tấm Sườn Cây - Nguyễn Văn Thoại,"179/1 Nguyễn Văn Thoại, Quận Ngũ Hành Sơn, Đà Nẵng",Quận Ngũ Hành Sơn,Đà Nẵng,16.055183,108.242453,6.284,52,167,0,,,,0916 172 727,True,False,False,False,,"Quán ăn,, Giao cơm văn phòng",Món Miền Nam,https://down-vn.img.susercontent.com/vn-11134513-7r98o-lsu1mz7au9ax41@resize_ss640x400,https://www.foody.vn/da-nang/trinh-sai-gon-com-tam-suon-cay-nguyen-van-thoai,/da-nang/trinh-sai-gon-com-tam-suon-cay-nguyen-van-thoai/goi-mon
86738,Đồng Tiến Bakery - Đống Đa,"15 Đống Đa, P. Thạch Thang, Quận Hải Châu, Đà Nẵng",Quận Hải Châu,Đà Nẵng,16.082197,108.220133,7.28,15,84,0,,,,(0236) 3 899 191 - 012 1450 0443,True,False,False,False,,Tiệm bánh,Món Việt,https://down-vn.img.susercontent.com/vn-11134513-81ztc-mo53y88rql1icb@resize_ss640x400,https://www.foody.vn/da-nang/dong-tien-bakery-dong-da,/da-nang/dong-tien-bakery-dong-da/goi-mon
912188,Cháo Vịt Được,"58 Đống Đa, P. Thuận Phước, Quận Hải Châu, Đà Nẵng",Quận Hải Châu,Đà Nẵng,16.081342,108.219115,9.56,10,345,0,,,,0918070733,False,False,False,False,,Quán ăn,Món Miền Trung,https://down-vn.img.susercontent.com/vn-11134513-7r98o-lsu7lbze6sp0ce@resize_ss640x400,https://www.foody.vn/da-nang/chao-vit-duoc,/da-nang/chao-vit-duoc/goi-mon
1025566,Cơm Gà Gia Vĩnh - Lý Tự Trọng,"129 Lý Tự Trọng, Quận Hải Châu, Đà Nẵng",Quận Hải Châu,Đà Nẵng,16.077708,108.214871,10.0,2,0,0,,,,0935555514,True,False,False,False,,Quán ăn,,https://down-vn.img.susercontent.com/vn-11134513-7r98o-lsua5vf714m1ff@resize_ss640x400,https://www.foody.vn/da-nang/com-chien-gion-gia-vinh-3,/da-nang/com-chien-gion-gia-vinh-3/goi-mon
642488,Quán Chay ANS,"169F Trưng Nữ Vương, Quận Hải Châu, Đà Nẵng",Quận Hải Châu,Đà Nẵng,16.055274,108.220143,7.184,81,451,0,,,,01263 669 995,True,False,False,False,,Ăn chay,Món Việt,https://down-vn.img.susercontent.com/vn-11134513-7r98o-lstzghaekot566@resize_ss640x400,https://www.foody.vn/da-nang/quan-chay-an-s,/da-nang/quan-chay-an-s/goi-mon
677718,Bánh Huế 54,"54/2 Ông Ích Khiêm, P. Thanh Bình, Quận Hải Châu, Đà Nẵng",Quận Hải Châu,Đà Nẵng,16.077494,108.211906,8.276,13,56,0,,,,0901 170 090,True,False,False,False,,Quán ăn,Món Huế,https://down-vn.img.susercontent.com/vn-11134513-7r98o-lsu0qhgsj2ro06@resize_ss640x400,https://www.foody.vn/da-nang/banh-hue-54,/da-nang/banh-hue-54/goi-mon
1050096,Bánh Canh Cá Nục Nhi 1 - 39 Tố Hữu,"39 Tố Hữu, P. Hòa Cường Nam, Quận Hải Châu, Đà Nẵng",Quận Hải Châu,Đà Nẵng,16.034548,108.220813,6.666,3,22,0,,,,Đang cập nhật,True,False,False,False,,Quán ăn,Món Việt,https://down-vn.img.susercontent.com/vn-11134513-7r98o-lsv1tbgnbq9w3c@resize_ss640x400,https://www.foody.vn/da-nang/banh-canh-ca-nuc-nhi-1-39-to-huu,/da-nang/banh-canh-ca-nuc-nhi-1-39-to-huu/goi-mon
125732,Quán Ăn Dimsum - Ngô Gia Tự,"45A/1 Ngô Gia Tự, P. Hải Châu 2, Quận Hải Châu, Đà Nẵng",Quận Hải Châu,Đà Nẵng,16.06818,108.217434,7.594,309,2375,0,,,,Đang cập nhật,True,False,False,False,,Quán ăn,Món Trung Hoa,https://down-vn.img.susercontent.com/vn-11134513-7r98o-lsttjj0ssqe18d@resize_ss640x400,https://www.foody.vn/da-nang/quan-an-dimsum-pasteur,/da-nang/quan-an-dimsum-pasteur/goi-mon
1070407,Mạnh Tài - Lẩu Bò & Gà Nướng,"36 Trần Văn Trà, Xã Hoà Châu, Huyện Hòa Vang, Đà Nẵng",Huyện Hòa Vang,Đà Nẵng,16.0049421,108.2100615,8.4,1,0,0,,,,Đang cập nhật,False,False,False,False,,Quán ăn,,https://down-vn.img.susercontent.com/vn-11134513-7r98o-lsv3j1pzbgsk76@resize_ss640x400,https://www.foody.vn/da-nang/manh-tai-lau-bo-ga-nuong,/da-nang/manh-tai-lau-bo-ga-nuong/goi-mon
20231,Bún Bò A Toàn,"21 Đặng Dung, P. Hoà Khánh Bắc, Quận Liên Chiểu, Đà Nẵng",Quận Liên Chiểu,Đà Nẵng,16.070783,108.150129,7.044,9,20,0,,,,Đang cập nhật,True,False,False,False,,Quán ăn,Món Việt,https://down-vn.img.susercontent.com/vn-11134513-7r98o-lstqncr0v6x069@resize_ss640x400,https://www.foody.vn/da-nang/quan-a-toan-bun-bo,/da-nang/quan-a-toan-bun-bo/goi-mon
1000048491,Bánh Mì Bà Lan - Đà Nẵng - 34 Trần Tống,"34 Trần Tống, P. Thạc Gián, Quận Thanh Khê, Đà Nẵng",Quận Thanh Khê,Đà Nẵng,16.0587696,108.2108099,2.6,1,1,0,,,,Đang cập nhật,False,False,False,False,,"Café/Dessert,, Quán ăn",Món Miền Trung,https://down-vn.img.susercontent.com/vn-11134513-7r98o-lsvfuets68jo7a@resize_ss640x400,https://www.foody.vn/da-nang/banh-mi-ba-lan-da-nang-34-tran-tong,/da-nang/banh-mi-ba-lan-da-nang-34-tran-tong/goi-mon
194148,Dì Lan - Mít Chuối Trộn - Hoàng Diệu,"Số 362 Hoàng Diệu, P. Bình Thuận, Quận Hải Châu, Đà Nẵng",Quận Hải Châu,Đà Nẵng,16.0565654,108.2169927,7.836,11,34,0,,,,Đang cập nhật,False,False,False,False,,Ăn vặt/vỉa hè,Món Việt,https://down-vn.img.susercontent.com/vn-11134513-7r98o-lstvvzfjiyzd56@resize_ss640x400,https://www.foody.vn/da-nang/di-lan-mit-chuoi-tron-hoang-dieu,/da-nang/di-lan-mit-chuoi-tron-hoang-dieu/goi-mon
732368,Mít Trộn - Nguyễn Hoàng,"75 Nguyễn Hoàng, Quận Hải Châu, Đà Nẵng",Quận Hải Châu,Đà Nẵng,16.063223,108.214208,7.0,1,7,0,,,,0932 422 331,False,False,False,False,,Ăn vặt/vỉa hè,Món Việt,https://down-vn.img.susercontent.com/vn-11134259-7r98o-lwf3hrat90wrd6@resize_ss640x400,https://www.foody.vn/da-nang/mit-tron-nguyen-hoang,
148940,Bà Già - Mít Trộn & Bột Lọc,"K47/25 Lý Thái Tổ, P. Thạc Gián, Quận Thanh Khê, Đà Nẵng",Quận Thanh Khê,Đà Nẵng,16.06496,108.209125,7.4,50,148,0,,,,Đang cập nhật,False,False,False,False,,Ăn vặt/vỉa hè,Món Miền Trung,https://down-vn.img.susercontent.com/vn-11134513-7r98o-lstud1trig0pb6@resize_ss640x400,https://www.foody.vn/da-nang/ba-gia-mit-tron-bot-loc,/da-nang/ba-gia-mit-tron-bot-loc/goi-mon
888424,Bún Đậu Cô Hạnh - Nguyễn Du,"153 Nguyễn Du, P. Thạch Thang, Quận Hải Châu, Đà Nẵng",Quận Hải Châu,Đà Nẵng,16.0781677,108.2172513,7.814,41,97,0,,,,0943806886,True,False,False,False,,Quán ăn,Món Bắc,https://down-vn.img.susercontent.com/vn-11134513-7r98o-lsu6z6ump19510@resize_ss640x400,https://www.foody.vn/da-nang/bun-dau-co-hanh,/da-nang/bun-dau-co-hanh/goi-mon
633896,Bé Vân - Gỏi Cá Trích,"Lô B3 Khu B1 Thăng Long, P. Khuê Trung, Quận Cẩm Lệ, Đà Nẵng",Quận Cẩm Lệ,Đà Nẵng,16.017044,108.211057,5.0,1,12,0,,,,Đang cập nhật,True,False,False,False,,"Quán ăn,, Quán nhậu",Món Việt,https://down-vn.img.susercontent.com/vn-11134513-7r98o-lstz428mdxg909@resize_ss640x400,https://www.foody.vn/da-nang/be-van-goi-ca-trich,/da-nang/be-van-goi-ca-trich/goi-mon
1000095581,Bà Lin - Mỳ Quảng & Bánh Tráng Cuốn Thịt Xíu - 29 Tháng 3,"309 Đường 29 Tháng 3, Quận Cẩm Lệ, Đà Nẵng",Quận Cẩm Lệ,Đà Nẵng,16.0146626,108.227297,9.6,1,1,0,,,,Đang cập nhật,True,False,False,False,,Shop Online,Món Miền Trung,https://down-vn.img.susercontent.com/vn-11134513-820l4-mj3jl6ddb212cc@resize_ss640x400,https://www.foody.vn/da-nang/ba-lin-my-quang-banh-trang-cuon-thit-xiu-29-thang-3,/da-nang/ba-lin-my-quang-banh-trang-cuon-thit-xiu-29-thang-3/goi-mon
290422,Cháo Dinh Dưỡng Bé Bống 3,"51 Trần Ngọc Sương, Quận Cẩm Lệ, Đà Nẵng",Quận Cẩm Lệ,Đà Nẵng,16.0061542981627,108.1944530457258,7.3,2,4,0,,,,Đang cập nhật,True,False,False,False,,Quán ăn,Món Việt,https://down-vn.img.susercontent.com/vn-11134259-7r98o-lwa2og64c5azc9@resize_ss640x400,https://www.foody.vn/da-nang/chao-dinh-duong-be-bong-3,
934962,Cháo Hến Bình Thái,"43 Bình Thái 1, Quận Cẩm Lệ, Đà Nẵng",Quận Cẩm Lệ,Đà Nẵng,16.014277,108.202832,4.6,2,16,0,,,,Đang cập nhật,True,False,False,False,,Ăn vặt/vỉa hè,Món Việt,https://down-vn.img.susercontent.com/vn-11134259-7r98o-lwep98shc4bf14@resize_ss640x400,https://www.foody.vn/da-nang/chao-hen-binh-thai,
926354,Chân Gà Nướng Hai Còi - 91 Nguyễn Văn Thoại,"91 Nguyễn Văn Thoại, P. An Hải Đông, Quận Sơn Trà, Đà Nẵng",Quận Sơn Trà,Đà Nẵng,16.054941,108.240772,6.572,7,17,0,,,,0902087612; 0905002380,True,False,False,False,,Quán ăn,Món Miền Trung,https://down-vn.img.susercontent.com/vn-11134513-7r98o-lsu7s7mbsvd0c1@resize_ss640x400,https://www.foody.vn/da-nang/hai-coi-91-nguyen-van-thoai,/da-nang/hai-coi-91-nguyen-van-thoai/goi-mon
944586,Thịt Nướng Tuyên Sơn,"Đối Diện 65 Nguyễn Lộ Trạch, P. Hoà Cường Nam, Quận Hải Châu, Đà Nẵng",Quận Hải Châu,Đà Nẵng,16.032331,108.228424,7.4,1,5,0,,,,Đang cập nhật,False,False,False,False,,Ăn vặt/vỉa hè,Món Việt,https://down-vn.img.susercontent.com/vn-11134513-7r98o-lsu86gh3aumx7b@resize_ss640x400,https://www.foody.vn/da-nang/thit-nuong-tuyen-son-944586,/da-nang/thit-nuong-tuyen-son-944586/goi-mon
867798,Lẩu Bò Hồng 2 - Nguyễn Đức Trung,"106 Nguyễn Đức Trung, P. Thanh Khê Đông, Quận Thanh Khê, Đà Nẵng",Quận Thanh Khê,Đà Nẵng,16.0671311,108.1880496,8.3,2,10,0,,,,Đang cập nhật,True,False,False,False,,Quán ăn,Món Việt,https://down-vn.img.susercontent.com/vn-11134513-7r98o-lsu6cqvh2kec07@resize_ss640x400,https://www.foody.vn/da-nang/lau-bo-hong-2-nguyen-duc-trung,/da-nang/lau-bo-hong-2-nguyen-duc-trung/goi-mon
218392,Cô Mười - Mì Quảng & Cháo Lươn,"Lạc Long Quân, Quận Liên Chiểu, Đà Nẵng",Quận Liên Chiểu,Đà Nẵng,16.0771128041889,108.1481195613741,7.0,1,1,0,,,,Đang cập nhật,False,False,False,False,,Quán ăn,Món Việt,https://down-vn.img.susercontent.com/vn-11134259-7r98o-lwhhg1brtdqz4b@resize_ss640x400,https://www.foody.vn/da-nang/co-muoi-mi-quang-chao-luon,
760059,Cơm Gà Thái Hòa,"20 Điện Biên Phủ, Quận Thanh Khê, Đà Nẵng",Quận Thanh Khê,Đà Nẵng,16.06618,108.206113,3.4,2,0,0,,,,Đang cập nhật,True,False,False,False,,Quán ăn,Món Việt,https://down-vn.img.susercontent.com/vn-11134259-7r98o-lwe400hey5lle0@resize_ss640x400,https://www.foody.vn/da-nang/com-ga-thai-hoa-dien-bien-phu,
1083118,Cô Nhâm - Miến Măng Gà & Bún Măng Gà - Tố Hữu,"22 Tố Hữu, P. Hòa Cường Nam, Quận Hải Châu, Đà Nẵng",Quận Hải Châu,Đà Nẵng,16.0348142,108.221503,4.6,1,0,0,,,,Đang cập nhật,False,False,False,False,,Quán ăn,,https://down-vn.img.susercontent.com/vn-11134513-7r98o-lsv4gw6c9ac9bd@resize_ss640x400,https://www.foody.vn/da-nang/co-nham-mien-mang-ga-bun-mang-ga-to-huu,/da-nang/co-nham-mien-mang-ga-bun-mang-ga-to-huu/goi-mon
1048940,Cô Nhâm - Miến Măng Gà & Bún Măng Gà - Ông Ích Khiêm,"20 Ông Ích Khiêm, P. Thanh Bình , Quận Hải Châu, Đà Nẵng",Quận Hải Châu,Đà Nẵng,16.078261,108.2116742,10.0,2,13,0,,,,Đang cập nhật,False,False,False,False,,Quán ăn,Món Việt,https://down-vn.img.susercontent.com/vn-11134513-7r98o-lsv1n6jemc3o41@resize_ss640x400,https://www.foody.vn/da-nang/co-nham-mien-mang-ga-bun-mang-ga-ong-ich-khiem,/da-nang/co-nham-mien-mang-ga-bun-mang-ga-ong-ich-khiem/goi-mon
1075471,Cơm Gà Xối Mỡ - Huynh Đệ,"12 Trần Đại Nghĩa, Quận Ngũ Hành Sơn, Đà Nẵng",Quận Ngũ Hành Sơn,Đà Nẵng,15.99514,108.25859,1.0,2,2,0,,,,Đang cập nhật,True,False,False,False,,Quán ăn,,https://down-vn.img.susercontent.com/vn-11134513-7r98o-lsv3zd89kl3846@resize_ss640x400,https://www.foody.vn/da-nang/com-ga-xoi-mo-huynh-de,/da-nang/com-ga-xoi-mo-huynh-de/goi-mon
756999,Bánh Mì Ốp La Heo Quay Bà Bảy,"Hầm Chui Điện Biên Phủ, Quận Thanh Khê, Đà Nẵng",Quận Thanh Khê,Đà Nẵng,16.066034,108.202773,8.076,8,26,0,,,,Đang cập nhật,False,False,False,False,,Ăn vặt/vỉa hè,Món Việt,https://down-vn.img.susercontent.com/vn-11134259-7r98o-lwi9r1z647vd43@resize_ss640x400,https://www.foody.vn/da-nang/banh-mi-op-la-heo-quay-ba-bay,
169208,Phở Bà Lệ,"621 Tôn Đức Thắng, P. Hòa Khánh Nam, Quận Liên Chiểu, Đà Nẵng",Quận Liên Chiểu,Đà Nẵng,16.0672698,108.1522723,6.45,4,9,0,,,,Đang cập nhật,True,False,False,False,,Quán ăn,Món Việt,https://down-vn.img.susercontent.com/vn-11134513-7ra0g-m70w8rm5ifflcc@resize_ss640x400,https://www.foody.vn/da-nang/pho-ba-le,/da-nang/pho-ba-le/goi-mon
932073,Phở Lý Quốc Sư - Nguyễn Phước Lan,"199 Nguyễn Phước Lan, P. Hòa Xuân, Quận Cẩm Lệ, Đà Nẵng",Quận Cẩm Lệ,Đà Nẵng,16.01974,108.22832,8.1,2,22,0,,,,"0908600060, 0901693333 (Mr. Hoàng Thạch)",True,False,False,False,,Quán ăn,Món Việt,https://down-vn.img.susercontent.com/vn-11134513-7r98o-lsu7vpdfrzr86c@resize_ss640x400,https://www.foody.vn/da-nang/pho-ly-quoc-su-nguyen-phuoc-lan,/da-nang/pho-ly-quoc-su-nguyen-phuoc-lan/goi-mon
999169,Phở & Mì Xíu Đêm Chợ Cồn,"243 Ông Ích Khiêm, P. Hải Châu 2, Quận Hải Châu, Đà Nẵng",Quận Hải Châu,Đà Nẵng,16.069314,108.213748,7.9,4,15,0,,,,Đang cập nhật,False,False,False,False,,Ăn vặt/vỉa hè,Món Bắc,https://down-vn.img.susercontent.com/vn-11134513-7r98o-lsu9cqz5az0k31@resize_ss640x400,https://www.foody.vn/da-nang/pho-mi-xiu-dem-cho-con,/da-nang/pho-mi-xiu-dem-cho-con/goi-mon
753699,Quán Minh Ký - Phở & Mì Xíu,"K430/1 Hùng Vương, P. Vĩnh Trung, Quận Thanh Khê, Đà Nẵng",Quận Thanh Khê,Đà Nẵng,16.066645,108.210516,8.576,9,13,0,,,,Đang cập nhật,False,False,False,False,,Quán ăn,Món Bắc,https://down-vn.img.susercontent.com/vn-11134513-7r98o-lsu3wkgqfnwk08@resize_ss640x400,https://www.foody.vn/da-nang/quan-minh-ky-pho-mi-xiu,/da-nang/quan-minh-ky-pho-mi-xiu/goi-mon
1020915,Đồng Tiến Bakery - Tô Hiệu,"Số 117 Tô Hiệu, P. Hòa Minh, Quận Liên Chiểu, Đà Nẵng",Quận Liên Chiểu,Đà Nẵng,16.0609695,108.1670521,1.0,1,0,0,,,,Đang cập nhật,True,False,False,False,,Tiệm bánh,Món Việt,https://down-vn.img.susercontent.com/vn-11134513-81ztc-mo4ys7id6v430b@resize_ss640x400,https://www.foody.vn/da-nang/dong-tien-bakery-to-hieu,/da-nang/dong-tien-bakery-to-hieu/goi-mon
11898,Cơm Gà Hồng Ngọc,"193 Nguyễn Chí Thanh, Quận Hải Châu, Đà Nẵng",Quận Hải Châu,Đà Nẵng,16.070189,108.221263,5.092,128,346,0,,,,Đang cập nhật,True,False,False,False,,Quán ăn,Món Việt,https://down-vn.img.susercontent.com/vn-11134513-7r98o-lstqas2fbah0b0@resize_ss640x400,https://www.foody.vn/da-nang/com-ga-hong-ngoc,/da-nang/com-ga-hong-ngoc/goi-mon
1210627,WangHeNiu - Lẩu Bò Triều Châu 旺和牛-潮汕牛肉火锅,"24 Pasteur, P. Hải Châu 1, Quận Hải Châu, Đà Nẵng",Quận Hải Châu,Đà Nẵng,16.0702889,108.2197445,5.0,1,2,0,,,,Đang cập nhật,True,False,False,False,,Quán ăn,,https://down-vn.img.susercontent.com/vn-11134513-7r98o-lviga8uof0r184@resize_ss640x400,https://www.foody.vn/da-nang/wangheniu-lau-bo-trieu-chau-%E6%97%BA%E5%92%8C%E7%89%9B-%E6%BD%AE%E6%B1%95%E7%89%9B%E8%82%89%E7%81%AB%E9%94%85,/da-nang/wangheniu-lau-bo-trieu-chau-%E6%97%BA%E5%92%8C%E7%89%9B-%E6%BD%AE%E6%B1%95%E7%89%9B%E8%82%89%E7%81%AB%E9%94%85/goi-mon
13161,Tư Hề - Đặc Sản Nướng,"H5/15 K408 Hoàng Diệu, Quận Hải Châu, Đà Nẵng",Quận Hải Châu,Đà Nẵng,16.054617,108.216812,7.31,11,91,0,,,,Đang cập nhật,True,False,False,False,,Quán ăn,Món Việt,https://down-vn.img.susercontent.com/vn-11134513-7r98o-m05undfegwpb31@resize_ss640x400,https://www.foody.vn/da-nang/tu-he-dac-san-nuong,/da-nang/tu-he-dac-san-nuong/goi-mon
686965,Hot Hot - Mì Cay 7 Cấp Độ - Ngô Văn Sở,"104 Ngô Văn Sở, P. Hoà Khánh Nam, Quận Liên Chiểu, Đà Nẵng",Quận Liên Chiểu,Đà Nẵng,16.0680245,108.1485603,6.44,35,123,0,,,,Đang cập nhật,True,False,False,False,,Quán ăn,Món Hàn,https://down-vn.img.susercontent.com/vn-11134513-7r98o-lsu13d5lz5qcb6@resize_ss640x400,https://www.foody.vn/da-nang/hot-hot-mi-cay-7-cap-do-ngo-van-so,/da-nang/hot-hot-mi-cay-7-cap-do-ngo-van-so/goi-mon
8839,Bánh Xèo & Nem Lụi Bà Ngọc Huế,"228 Đống Đa, Quận Hải Châu, Đà Nẵng",Quận Hải Châu,Đà Nẵng,16.077893,108.216598,7.972,63,144,0,,,,Đang cập nhật,True,False,False,False,,Quán ăn,Món Việt,https://down-vn.img.susercontent.com/vn-11134513-7r98o-lstq683d9p6sb3@resize_ss640x400,https://www.foody.vn/da-nang/ba-ngoc-hue-nem-lui-be-thui-bo-la-lot,/da-nang/ba-ngoc-hue-nem-lui-be-thui-bo-la-lot/goi-mon
312251,Cháo Vịt Đồng Quê,"16 Nguyễn Thị Minh Khai, Quận Hải Châu, Đà Nẵng",Quận Hải Châu,Đà Nẵng,16.075637,108.217729,8.2,1,9,0,,,,Đang cập nhật,True,False,False,False,,Quán ăn,Món Việt,https://down-vn.img.susercontent.com/vn-11134513-7r98o-lstynh9vxlztc2@resize_ss640x400,https://www.foody.vn/da-nang/chao-vit-dong-que,/da-nang/chao-vit-dong-que/goi-mon
903095,Ram Cuốn Cải H Vân,"K282/12 Lê Duẩn, P. Tân Chính, Quận Thanh Khê, Đà Nẵng",Quận Thanh Khê,Đà Nẵng,16.07,108.210899,6.354,13,41,0,,,,Đang cập nhật,False,False,False,False,,Quán ăn,Tây Nguyên,https://down-vn.img.susercontent.com/vn-11134513-7r98o-lsu7czao7gsk74@resize_ss640x400,https://www.foody.vn/da-nang/ram-cuon-cai-h-van,/da-nang/ram-cuon-cai-h-van/goi-mon
947236,Xôi Sườn Nướng Cô Thư,"416 Lê Duẩn, P. Chính Gián, Quận Thanh Khê, Đà Nẵng",Quận Thanh Khê,Đà Nẵng,16.067686,108.207809,9.342,7,18,0,,,,0703526129,False,False,False,False,,Ăn vặt/vỉa hè,Món Miền Trung,https://down-vn.img.susercontent.com/vn-11134513-7r98o-lsu87mrjexll28@resize_ss640x400,https://www.foody.vn/da-nang/xoi-suon-nuong-co-thu,/da-nang/xoi-suon-nuong-co-thu/goi-mon
704674,Bánh Mì Bà Lan - Triệu Nữ Vương,"64 Triệu Nữ Vương, P. Hải Châu 2, Quận Hải Châu, Đà Nẵng",Quận Hải Châu,Đà Nẵng,16.0653159,108.2164433,7.066,3,2,0,,,,Đang cập nhật,False,False,False,False,,Ăn vặt/vỉa hè,Món Miền Trung,https://down-vn.img.susercontent.com/vn-11134513-7r98o-lsu1slp4foas38@resize_ss640x400,https://www.foody.vn/da-nang/banh-mi-ba-lan-trieu-nu-vuong,/da-nang/banh-mi-ba-lan-trieu-nu-vuong/goi-mon
979047,Cơm Gà Hoà An - Cơm Gà Xé Bóp & Cơm Sườn Nướng - Hoà An 25,"21 Hoà An 25, P. Hoà An, Quận Cẩm Lệ, Đà Nẵng",Quận Cẩm Lệ,Đà Nẵng,16.0425171,108.1788534,8.466,3,47,0,,,,0935567127,True,False,False,False,,Quán ăn,Món Miền Trung,https://down-vn.img.susercontent.com/vn-11134513-7r98o-lsu8w29uczh56a@resize_ss640x400,https://www.foody.vn/da-nang/com-ga-hoa-an-com-ga-xe-bop-com-suon-nuong-hoa-an-25,/da-nang/com-ga-hoa-an-com-ga-xe-bop-com-suon-nuong-hoa-an-25/goi-mon
194812,Mì Quảng Bé Liên,"50 Nguyễn Thị Định, P. An Hải Bắc, Quận Sơn Trà, Đà Nẵng",Quận Sơn Trà,Đà Nẵng,16.082622,108.232555,6.76,5,22,0,,,,0983 235 234,True,False,False,False,,Quán ăn,Món Quảng,https://down-vn.img.susercontent.com/vn-11134513-7r98o-lstvvi07ggwp64@resize_ss640x400,https://www.foody.vn/da-nang/mi-quang-be-lien,/da-nang/mi-quang-be-lien/goi-mon
988892,Kebab Nova - Nguyễn Công Trứ,"171 Nguyễn Công Trứ, P. An Hải Đông, Quận Sơn Trà, Đà Nẵng",Quận Sơn Trà,Đà Nẵng,16.0668322,108.235958,9.0,1,2,0,,,,0935970709,False,False,False,False,,Ăn vặt/vỉa hè,Món Việt,https://down-vn.img.susercontent.com/vn-11134513-7r98o-lsu94xnoz9uh8b@resize_ss640x400,https://www.foody.vn/da-nang/kebab-nova-nguyen-cong-tru,/da-nang/kebab-nova-nguyen-cong-tru/goi-mon
962693,Bánh Chuối Chiên Sài Gòn - Nước Ép Trái Cây - Phạm Như Xương,"146 Phạm Như Xương, P. Hoà Khánh Nam, Quận Liên Chiểu, Đà Nẵng",Quận Liên Chiểu,Đà Nẵng,16.0651525,108.1500961,10.0,1,6,0,,,,Đang cập nhật,True,False,False,False,,Ăn vặt/vỉa hè,Món Việt,https://down-vn.img.susercontent.com/vn-11134513-7r98o-lsu8jzbyue2sb9@resize_ss640x400,https://www.foody.vn/da-nang/banh-chuoi-chien-sai-gon-nuoc-ep-trai-cay-pham-nhu-xuong,/da-nang/banh-chuoi-chien-sai-gon-nuoc-ep-trai-cay-pham-nhu-xuong/goi-mon
109018,Bánh Chuối Chiên & Trà Trái Cây Tươi - Ăn Vặt Bà Thuỷ - 661 Trần Nhân Tông,"661 Trần Nhân Tông, P. An Hải Bắc, Quận Sơn Trà, Đà Nẵng",Quận Sơn Trà,Đà Nẵng,16.0837891,108.2339108,6.634,6,81,0,,,,Đang cập nhật,True,False,False,False,,Café/Dessert,Món Việt,https://down-vn.img.susercontent.com/vn-11134513-7ra0g-m7eqn1hz1uqgf5@resize_ss640x400,https://www.foody.vn/da-nang/banh-chuoi-chien-tra-trai-cay-tuoi-an-vat-ba-thuy-661-tran-nhan-tong,/da-nang/banh-chuoi-chien-tra-trai-cay-tuoi-an-vat-ba-thuy-661-tran-nhan-tong/goi-mon
1000053089,Tâm Bakery - Bánh Mì Bơ Pate & Xôi Ngon 2 Vị,"113 Đống Đa, P. Thạch Thang, Quận Hải Châu, Đà Nẵng",Quận Hải Châu,Đà Nẵng,16.0791062,108.2177463,3.4,1,1,0,,,,Đang cập nhật,True,False,False,False,,Tiệm bánh,Món Miền Trung,https://down-vn.img.susercontent.com/vn-11134513-7r98o-lzylh3rbejs103@resize_ss640x400,https://www.foody.vn/da-nang/tam-bakery-banh-mi-bo-pate-xoi-ngon-2-vi,/da-nang/tam-bakery-banh-mi-bo-pate-xoi-ngon-2-vi/goi-mon
292317,Mì Quảng Bà Tỉnh,"QL14B, Huyện Hòa Vang, Đà Nẵng",Huyện Hòa Vang,Đà Nẵng,15.9997456939562,108.1432885676622,7.0,1,8,0,,,,Đang cập nhật,True,False,False,False,,Quán ăn,Món Quảng,https://down-vn.img.susercontent.com/vn-11134259-7r98o-lw9pkby0al7f89@resize_ss640x400,https://www.foody.vn/da-nang/mi-quang-ba-tinh,
179002,Lẩu Băng Chuyền Kichi Kichi - Vincom Center Đà Nẵng,"Tầng 4, Vincom Center, 910A Ngô Quyền, P. An Hải Bắc, Quận Sơn Trà, Đà Nẵng",Quận Sơn Trà,Đà Nẵng,16.071604,108.230672,8.41,257,1242,0,,,,(0236) 3 616  357 - (0236) 3 616 357,True,False,False,False,,Nhà hàng,Món Nhật,https://down-vn.img.susercontent.com/vn-11134259-7r98o-lw8izqyr892124@resize_ss640x400,https://www.foody.vn/da-nang/lau-bang-chuyen-kichi-kichi-vincom-center-da-nang,
711351,GoGi House - Quán Nướng Hàn Quốc - LOTTE Mart,"Tầng 1, LOTTE Mart, 6 Nại Nam, P. Hòa Cường Bắc, Quận Hải Châu, Đà Nẵng",Quận Hải Châu,Đà Nẵng,16.034834,108.229176,6.914,29,126,0,,,,Đang cập nhật,True,False,False,False,,Nhà hàng,Món Hàn,https://down-vn.img.susercontent.com/vn-11134513-7r98o-lsu22nysas2hb7@resize_ss640x400,https://www.foody.vn/da-nang/gogi-house-quan-nuong-han-quoc-lotte-mart,/da-nang/gogi-house-quan-nuong-han-quoc-lotte-mart/goi-mon
310644,Phở Hà Nội - Núi Thành,"219 Núi Thành, P. Hòa Cường Bắc , Quận Hải Châu, Đà Nẵng",Quận Hải Châu,Đà Nẵng,16.041615,108.221748,7.0,1,3,0,,,,Đang cập nhật,True,False,False,False,,Quán ăn,Hà Nội,https://down-vn.img.susercontent.com/vn-11134513-7r98o-lstymum53cuc3f@resize_ss640x400,https://www.foody.vn/da-nang/pho-ha-noi-nui-thanh,/da-nang/pho-ha-noi-nui-thanh/goi-mon
310106,Nghĩa Béo - Phở Hà Nội,"100 Đường 2 Tháng 9, Quận Hải Châu, Đà Nẵng",Quận Hải Châu,Đà Nẵng,16.055966,108.222081,7.0,4,9,0,,,,Đang cập nhật,False,False,False,False,,Quán ăn,Hà Nội,https://down-vn.img.susercontent.com/vn-11134513-7r98o-lstyoadlcf4p5c@resize_ss640x400,https://www.foody.vn/da-nang/quan-nghia-beo-pho-ha-noi,/da-nang/quan-nghia-beo-pho-ha-noi/goi-mon
861457,Phở 24/7 - Hà Bổng,"35 Hà Bổng, P. Phước Mỹ, Quận Sơn Trà, Đà Nẵng",Quận Sơn Trà,Đà Nẵng,16.067922,108.244361,6.7,2,21,0,,,,0912 197 216,True,False,False,False,,Quán ăn,Món Bắc,https://down-vn.img.susercontent.com/vn-11134513-7r98o-lsu67xrwdpy115@resize_ss640x400,https://www.foody.vn/da-nang/pho-24-7-ha-bong,/da-nang/pho-24-7-ha-bong/goi-mon
706677,Xôi Xưa Xôi Xéo Hà Nội - Phan Đăng Lưu,"24 Phan Đăng Lưu, P. Hòa Cường Bắc, Quận Hải Châu, Đà Nẵng",Quận Hải Châu,Đà Nẵng,16.0376023,108.2215986,8.128,22,81,0,,,,0964 811 708,False,False,False,False,,Ăn vặt/vỉa hè,Hà Nội,https://down-vn.img.susercontent.com/vn-11134513-7r98o-lsu1vi6pj1qx1d@resize_ss640x400,https://www.foody.vn/da-nang/xoi-xua-xoi-xeo-ha-noi-phan-dang-luu,/da-nang/xoi-xua-xoi-xeo-ha-noi-phan-dang-luu/goi-mon
88739,Chè Thủy,"47 Phạm Hồng Thái, P. Hải Châu 1, Quận Hải Châu, Đà Nẵng",Quận Hải Châu,Đà Nẵng,16.06743,108.220558,7.85,8,41,0,,,,Đang cập nhật,True,False,False,False,,Quán ăn,Món Việt,https://down-vn.img.susercontent.com/vn-11134513-7r98o-lstsd5jx4xqcff@resize_ss640x400,https://www.foody.vn/da-nang/che-kem-flan-sinh-to,/da-nang/che-kem-flan-sinh-to/goi-mon
213309,Bún Chả Cá Liên,"31 Tân An 1, P. Hoà Cường Bắc, Quận Hải Châu, Đà Nẵng",Quận Hải Châu,Đà Nẵng,16.037509,108.211269,7.458,17,56,0,,,,Đang cập nhật,True,False,False,False,,Quán ăn,Món Việt,https://down-vn.img.susercontent.com/vn-11134513-7r98o-lstwiyl1382h62@resize_ss640x400,https://www.foody.vn/da-nang/quan-lien-bun-banh-canh,/da-nang/quan-lien-bun-banh-canh/goi-mon
972086,Cơm Niêu Huế Khang Garden,"55 - 59 Hồ Nghinh, P. Phước Mỹ, Quận Sơn Trà, Đà Nẵng",Quận Sơn Trà,Đà Nẵng,16.076483,108.243065,8.4,1,5,0,,,,0902222344,True,False,False,False,,Nhà hàng,Món Miền Trung,https://down-vn.img.susercontent.com/vn-11134513-7r98o-lsu8rdfpflp510@resize_ss640x400,https://www.foody.vn/da-nang/com-nieu-hue-khang-garden,/da-nang/com-nieu-hue-khang-garden/goi-mon
124600,Cơm Huế Xưa 22 Thái Phiên - Thương Hiệu 30 Năm,"22 Thái Phiên, P. Phước Ninh, Quận Hải Châu, Đà Nẵng",Quận Hải Châu,Đà Nẵng,16.065047,108.223089,4.46,20,36,0,,,,(0236) 3 897 833,True,False,False,False,,"Quán ăn,, Giao cơm văn phòng",Món Miền Trung,https://down-vn.img.susercontent.com/vn-11134513-7r98o-lsttjuvjg90926@resize_ss640x400,https://www.foody.vn/da-nang/com-hue-xua-22-thai-phien-thuong-hieu-30-nam,/da-nang/com-hue-xua-22-thai-phien-thuong-hieu-30-nam/goi-mon
906460,Cơm Huế Như - Thái Phiên,"20 Thái Phiên, P. Phước Ninh, Quận Hải Châu, Đà Nẵng",Quận Hải Châu,Đà Nẵng,16.065045,108.223119,6.466,18,78,0,,,,098 1461769,True,False,False,False,,Quán ăn,Món Huế,https://down-vn.img.susercontent.com/vn-11134513-7r98o-lsu7f6ou0w496b@resize_ss640x400,https://www.foody.vn/da-nang/com-hue-nhu-thai-phien,/da-nang/com-hue-nhu-thai-phien/goi-mon
1047295,Cơm Bố Già,"172 Đống Đa, P. Thuận Phước, Quận Hải Châu, Đà Nẵng",Quận Hải Châu,Đà Nẵng,16.0792569,108.2175435,5.8,2,15,0,,,,0795555418,True,False,False,False,,Quán ăn,Món Việt,https://down-vn.img.susercontent.com/vn-11134513-7r98o-lsv1klpwg81w48@resize_ss640x400,https://www.foody.vn/da-nang/com-bo-gia,/da-nang/com-bo-gia/goi-mon
1077242,Cơm Tấm Sạch A Thiện,"08 Tiên Sơn 8, P. Hòa Cường Nam, Quận Hải Châu, Đà Nẵng",Quận Hải Châu,Đà Nẵng,16.035334,108.215918,7.8,2,0,0,,,,Đang cập nhật,True,False,False,False,,Quán ăn,,https://down-vn.img.susercontent.com/vn-11134513-7r98o-lsv40q4813no32@resize_ss640x400,https://www.foody.vn/da-nang/com-tam-sach-a-thien,/da-nang/com-tam-sach-a-thien/goi-mon
933914,Bún Ngon - Cơm Tấm Kim Ngân,"159 Phan Đăng Lưu, P. Hòa Cường Bắc, Quận Hải Châu, Đà Nẵng",Quận Hải Châu,Đà Nẵng,16.0358362,108.215075,4.68,5,7,0,,,,0945912779 ( Mr. Phan Đình Lương ) ,True,False,False,False,,Quán ăn,Món Việt,https://down-vn.img.susercontent.com/vn-11134513-7r98o-lsu7xte2j9g9ac@resize_ss640x400,https://www.foody.vn/da-nang/bun-ngon-com-tam-kim-ngan,/da-nang/bun-ngon-com-tam-kim-ngan/goi-mon
1029660,Joki - Hải Sản Hấp Thủy Nhiệt,"271 Chính Hữu, Quận Sơn Trà, Đà Nẵng",Quận Sơn Trà,Đà Nẵng,16.063334,108.239883,8.8,6,79,0,,,,Đang cập nhật,False,False,False,False,,Nhà hàng,Món Việt,https://down-vn.img.susercontent.com/vn-11134259-7r98o-lwe4rlgjujtl56@resize_ss640x400,https://www.foody.vn/da-nang/joki-hai-san-hap-thuy-nhiet,
46701,Phở Lân Béo,"156 Đường 30 Tháng 4, Quận Hải Châu, Đà Nẵng",Quận Hải Châu,Đà Nẵng,16.040167,108.215564,7.54,10,34,0,,,,0913 726 536,True,False,False,False,,Quán ăn,Món Quảng,https://down-vn.img.susercontent.com/vn-11134259-7r98o-lw8hdy2od0bdf3@resize_ss640x400,https://www.foody.vn/da-nang/pho-lan-beo-duong-30-thang-4,
787611,Simple Coffee - Phan Anh,"3 Phan Anh, P. Khuê Trung, Quận Cẩm Lệ, Đà Nẵng",Quận Cẩm Lệ,Đà Nẵng,16.035189,108.212562,8.112,9,51,0,,,,0935 605 041,True,False,False,False,,Café/Dessert,Món Việt,https://down-vn.img.susercontent.com/vn-11134513-7r98o-lsu5f8x5u5jt3d@resize_ss640x400,https://www.foody.vn/da-nang/simple-coffee-phan-anh,/da-nang/simple-coffee-phan-anh/goi-mon
942976,Bánh Đa Cua Hải Phòng - Tiểu La,"Số 140 Tiểu La, P. Hòa Cường Bắc, Quận Hải Châu, Đà Nẵng",Quận Hải Châu,Đà Nẵng,16.044415,108.216595,8.468,3,2,0,,,,0944075466,True,False,False,False,,Quán ăn,,https://down-vn.img.susercontent.com/vn-11134513-7r98o-lsu83ashnvlw37@resize_ss640x400,https://www.foody.vn/da-nang/banh-da-cua-hai-phong-tieu-la,/da-nang/banh-da-cua-hai-phong-tieu-la/goi-mon
1181444,Cơm Gà Hoàng Gia - 104 Lương Nhữ Hộc,"104 Lương Nhữ Hộc, P. Hoà Cường Bắc, Quận Hải Châu, Đà Nẵng",Quận Hải Châu,Đà Nẵng,16.0413083,108.2115605,10.0,10,2,0,,,,Đang cập nhật,True,False,False,False,,Quán ăn,,https://down-vn.img.susercontent.com/vn-11134513-7r98o-lsvc23s71daxf9@resize_ss640x400,https://www.foody.vn/da-nang/com-ga-hoang-gia-104-luong-nhu-hoc,/da-nang/com-ga-hoang-gia-104-luong-nhu-hoc/goi-mon
258824,Tây Hồ Quán - 86 Quang Trung,"86 Quang Trung, P. Thạch Thang, Quận Hải Châu, Đà Nẵng",Quận Hải Châu,Đà Nẵng,16.0746446,108.218678,7.328,57,180,0,,,,0972 702 568,True,False,False,False,,Quán ăn,Hà Nội,https://down-vn.img.susercontent.com/vn-11134513-7r98o-lstxnfpwqxmsdc@resize_ss640x400,https://www.foody.vn/da-nang/tay-ho-quan-86-quang-trung,/da-nang/tay-ho-quan-86-quang-trung/goi-mon
997569,Bún Riêu Cua Ốc Hà Nội - Lý Thái Tông,"39 Lý Thái Tông, P. Thanh Khê Tây, Quận Thanh Khê, Đà Nẵng",Quận Thanh Khê,Đà Nẵng,16.07492,108.175717,9.9,2,1,0,,,,0898385280,True,False,False,False,,Quán ăn,Hà Nội,https://down-vn.img.susercontent.com/vn-11134513-7r98o-lsu9b0z814g43a@resize_ss640x400,https://www.foody.vn/da-nang/bun-rieu-cua-oc-ha-noi-ly-thai-tong,/da-nang/bun-rieu-cua-oc-ha-noi-ly-thai-tong/goi-mon
932909,The Pizza Company - Nguyễn Văn Thoại,"173 Nguyễn Văn Thoại, P. An Hải Đông, Quận Sơn Trà, Đà Nẵng",Quận Sơn Trà,Đà Nẵng,16.055068,108.241985,7.382,22,92,0,,,,Đang cập nhật,True,False,False,False,,Nhà hàng,Ý,https://down-vn.img.susercontent.com/vn-11134513-81ztc-mp611wgopurzd2@resize_ss640x400,https://www.foody.vn/da-nang/the-pizza-company-nguyen-van-thoai,/da-nang/the-pizza-company-nguyen-van-thoai/goi-mon
704308,Bánh Bò Thốt Nốt - Trần Cao Vân,"560/6 Trần Cao Vân, P. Xuân Hà, Quận Thanh Khê, Đà Nẵng",Quận Thanh Khê,Đà Nẵng,16.07129,108.19459,7.0,1,4,0,,,,Đang cập nhật,False,False,False,False,,Ăn vặt/vỉa hè,Món Miền Nam,https://down-vn.img.susercontent.com/vn-11134513-7r98o-lsu1v8xr2ahlc9@resize_ss640x400,https://www.foody.vn/da-nang/banh-bo-thot-not-tran-cao-van,/da-nang/banh-bo-thot-not-tran-cao-van/goi-mon
857866,Toxic City Restaurant,"2 Trần Văn Trứ, P. Bình Hiên, Quận Hải Châu, Đà Nẵng",Quận Hải Châu,Đà Nẵng,16.057169,108.222875,6.52,20,86,0,,,,Đang cập nhật,True,False,False,False,,Nhà hàng,"Món Việt,, Quốc tế",https://down-vn.img.susercontent.com/vn-11134513-7r98o-lsu64rykxnes22@resize_ss640x400,https://www.foody.vn/da-nang/toxic-city-restaurant,/da-nang/toxic-city-restaurant/goi-mon
666163,Bé Hiền - Bánh Canh Cá Lóc,"268 Đống Đa, P. Thanh Bình, Quận Hải Châu, Đà Nẵng",Quận Hải Châu,Đà Nẵng,16.076712,108.215762,7.516,7,23,0,,,,0914 191 700,True,False,False,False,,Quán ăn,Món Việt,https://down-vn.img.susercontent.com/vn-11134513-7r98o-lsu0b3xujqv85c@resize_ss640x400,https://www.foody.vn/da-nang/be-hien-banh-canh-ca-loc,/da-nang/be-hien-banh-canh-ca-loc/goi-mon
247844,Trà Sữa Tùng Tea,"178/1 Lý Tự Trọng, P. Thanh Bình, Quận Hải Châu, Đà Nẵng",Quận Hải Châu,Đà Nẵng,16.0785991,108.2143041,8.206,38,156,0,,,,Đang cập nhật,False,False,False,False,,Ăn vặt/vỉa hè,Món Việt,https://down-vn.img.susercontent.com/vn-11134513-7r98o-lstxh5ibs2vt0e@resize_ss640x400,https://www.foody.vn/da-nang/tra-sua-tung-tea,/da-nang/tra-sua-tung-tea/goi-mon
1199573,Nhung Lê - Ram Cuốn Cải & Bún Mắm,"504 Hoàng Văn Thái, Quận Liên Chiểu, Đà Nẵng",Quận Liên Chiểu,Đà Nẵng,16.0487,108.146164,1.4,1,0,0,,,,Đang cập nhật,False,False,False,False,,Quán ăn,,https://down-vn.img.susercontent.com/vn-11134513-7r98o-lswied96curoac@resize_ss640x400,https://www.foody.vn/da-nang/nhung-le-ram-cuon-cai-bun-mam,/da-nang/nhung-le-ram-cuon-cai-bun-mam/goi-mon
125935,Cháo Vịt Hải - Lê Thanh Nghị,"271 Lê Thanh Nghị, P. Hòa Cường Nam, Quận Hải Châu, Đà Nẵng",Quận Hải Châu,Đà Nẵng,16.034201,108.218597,9.55,101,142,0,,,,Đang cập nhật,True,False,False,False,,Quán ăn,Món Việt,https://down-vn.img.susercontent.com/vn-11134513-7r98o-lsttjs83bxdwe2@resize_ss640x400,https://www.foody.vn/da-nang/chao-vit-hai-le-thanh-nghi,/da-nang/chao-vit-hai-le-thanh-nghi/goi-mon
94281,Mì Quảng Bà Mua - Ông Ích Đường,"58 Ông Ích Đường, P. Khuê Trung, Quận Cẩm Lệ, Đà Nẵng",Quận Cẩm Lệ,Đà Nẵng,16.0165003,108.2049461,5.942,7,14,0,,,,Đang cập nhật,True,False,False,False,,Quán ăn,Món Quảng,https://down-vn.img.susercontent.com/vn-11134513-7r98o-lstsi2emc1j8ef@resize_ss640x400,https://www.foody.vn/da-nang/mi-quang-ba-mua-ong-ich-duong,/da-nang/mi-quang-ba-mua-ong-ich-duong/goi-mon
1064236,Tứ Hải Quán - Cơm Gà Xối Mỡ,"2 Lê Sát, P. Hòa Cường Nam, Quận Hải Châu, Đà Nẵng",Quận Hải Châu,Đà Nẵng,16.0298846,108.2204208,7.6,1,36,0,,,,Đang cập nhật,True,False,False,False,,Quán ăn,Món Việt,https://down-vn.img.susercontent.com/vn-11134513-7r98o-lsv2y51cs3h5de@resize_ss640x400,https://www.foody.vn/da-nang/tu-hai-quan-com-ga-xoi-mo,/da-nang/tu-hai-quan-com-ga-xoi-mo/goi-mon
916004,Duyên - Cơm Gà Xối Mỡ - Núi Thành,"544 Núi Thành, P. Hòa Cường Nam, Quận Hải Châu, Đà Nẵng",Quận Hải Châu,Đà Nẵng,16.0324041,108.2227496,6.126,8,14,0,,,,0906414777,True,False,False,False,,Quán ăn,Món Miền Trung,https://down-vn.img.susercontent.com/vn-11134513-7ras8-md5meo495bocdd@resize_ss640x400,https://www.foody.vn/da-nang/duyen-com-ga-xoi-mo,/da-nang/duyen-com-ga-xoi-mo/goi-mon
980281,O Hồng - Cơm & Bún Hến,"248 Âu Cơ, P. Hoà Khánh Bắc, Quận Liên Chiểu, Đà Nẵng",Quận Liên Chiểu,Đà Nẵng,16.071191,108.143323,9.67,3,2,0,,,,0906416162,True,False,False,False,,Quán ăn,Món Miền Trung,https://down-vn.img.susercontent.com/vn-11134513-7r98o-lsu8yuv15tax15@resize_ss640x400,https://www.foody.vn/da-nang/o-hong-com-bun-hen,/da-nang/o-hong-com-bun-hen/goi-mon
732280,Pizza Time - 77 Đống Đa,"77 Đống Đa, P. Thạch Thang, Quận Hải Châu, Đà Nẵng",Quận Hải Châu,Đà Nẵng,16.079896,108.2182513,8.08,61,141,0,,,,0899 503 577,True,False,False,False,,Quán ăn,Ý,https://down-vn.img.susercontent.com/vn-11134513-7r98o-lsu2ybjaodl0aa@resize_ss640x400,https://www.foody.vn/da-nang/pizza-time-77-dong-da,/da-nang/pizza-time-77-dong-da/goi-mon
252519,Cabanon Cafe & Food,"24 Trần Quý Cáp, P. Thạch Thang, Quận Hải Châu, Đà Nẵng",Quận Hải Châu,Đà Nẵng,16.081322,108.220927,8.152,8,120,0,,,,Đang cập nhật,True,False,False,False,,Nhà hàng,Pháp,https://down-vn.img.susercontent.com/vn-11134513-7r98o-lstxjdg6soex79@resize_ss640x400,https://www.foody.vn/da-nang/cabanon-cafe-food,/da-nang/cabanon-cafe-food/goi-mon
741229,Quán Ăn Mụ Hiền - Đặc Sản Huế - Đà Nẵng,"20 Đường 3 Tháng 2, P. Thuận Phước, Quận Hải Châu, Đà Nẵng",Quận Hải Châu,Đà Nẵng,16.084248,108.221551,4.528,8,13,0,,,,0905 666 643,True,False,False,False,,Quán ăn,"Món Huế,, Món Quảng",https://down-vn.img.susercontent.com/vn-11134513-7r98o-lsu3dmra141wf0@resize_ss640x400,https://www.foody.vn/da-nang/quan-an-mu-hien-dac-san-hue-da-nang,/da-nang/quan-an-mu-hien-dac-san-hue-da-nang/goi-mon
235340,Muối Ớt Quán - Các Món Nhậu,"Đối Diện 67 Ngô Thì Nhậm, P. Hòa Khánh Bắc, Quận Liên Chiểu, Đà Nẵng",Quận Liên Chiểu,Đà Nẵng,16.071083,108.155187,6.462,16,138,0,,,,Đang cập nhật,True,False,False,False,,Quán nhậu,Món Việt,https://down-vn.img.susercontent.com/vn-11134513-7r98o-lstx7ai1ahllb2@resize_ss640x400,https://www.foody.vn/da-nang/muoi-ot-quan-cac-mon-nhau,/da-nang/muoi-ot-quan-cac-mon-nhau/goi-mon
1134581,Bún Đậu Gạo - 113 Phan Đăng Lưu,"113 Phan Đăng Lưu, P. Hoà Cường Nam, Quận Hải Châu, Đà Nẵng",Quận Hải Châu,Đà Nẵng,16.0360175,108.2166262,7.1,2,2,0,,,,Đang cập nhật,True,False,False,False,,Quán ăn,,https://down-vn.img.susercontent.com/vn-11134513-7r98o-lsv8fizu2kzo6e@resize_ss640x400,https://www.foody.vn/da-nang/bun-dau-gao-113-phan-dang-luu,/da-nang/bun-dau-gao-113-phan-dang-luu/goi-mon
954722,Bánh Mì Que Tứ Hải - Bùi Huy Bích,"20 Bùi Huy Bích, P. Nại Hiên Đông, Quận Sơn Trà, Đà Nẵng",Quận Sơn Trà,Đà Nẵng,16.0947252,108.232666,9.332,3,9,0,,,,0995328474,False,False,False,False,,Ăn vặt/vỉa hè,Món Việt,https://down-vn.img.susercontent.com/vn-11134513-7r98o-lsu8ekfq1tc47a@resize_ss640x400,https://www.foody.vn/da-nang/banh-mi-que-tu-hai-bui-huy-bich,/da-nang/banh-mi-que-tu-hai-bui-huy-bich/goi-mon
193619,Dasushi - Ăn Nhậu Kiểu Nhật,"266-268 Nguyễn Văn Linh, P. Thạc Gián, Quận Thanh Khê, Đà Nẵng",Quận Thanh Khê,Đà Nẵng,16.0592225,108.2070878,7.14,109,930,0,,,,Đang cập nhật,True,False,False,False,,Nhà hàng,Món Nhật,https://down-vn.img.susercontent.com/vn-11134513-7r98o-lstvub39ttqcf6@resize_ss640x400,https://www.foody.vn/da-nang/dasushi-an-nhau-kieu-nhat,/da-nang/dasushi-an-nhau-kieu-nhat/goi-mon
642772,Bánh Mì Chay Thiện Hiếu,"560 Điện Biên Phủ, P. Thanh Khê Đông, Quận Thanh Khê, Đà Nẵng",Quận Thanh Khê,Đà Nẵng,16.065725,108.184459,8.078,8,20,0,,,,Đang cập nhật,False,False,False,False,,Ăn vặt/vỉa hè,Món Việt,https://down-vn.img.susercontent.com/vn-11134513-7r98o-lstzgpqhs80pda@resize_ss640x400,https://www.foody.vn/da-nang/banh-mi-chay-thien-hieu,/da-nang/banh-mi-chay-thien-hieu/goi-mon
1001080,Cháo Dinh Dưỡng For You - Lương Nhữ Hộc,"11 Lương Nhữ Hộc, P. Hoà Cường Bắc, Quận Hải Châu, Đà Nẵng",Quận Hải Châu,Đà Nẵng,16.043654,108.211466,10.0,1,3,0,,,,0333376768 ( Mr. Tiến Anh),True,False,False,False,,Quán ăn,Món Việt,https://down-vn.img.susercontent.com/vn-11134513-7r98o-lsu9h3f4d9cp61@resize_ss640x400,https://www.foody.vn/da-nang/chao-dinh-duong-for-you-luong-nhu-hoc,/da-nang/chao-dinh-duong-for-you-luong-nhu-hoc/goi-mon
179985,Bánh Xèo Tôm Nhảy Năm Hiền,"46 Phan Thanh, P. Thạc Gián, Quận Thanh Khê, Đà Nẵng",Quận Thanh Khê,Đà Nẵng,16.064323,108.208062,7.252,129,546,0,,,,0905 684 246,True,False,False,False,,Quán ăn,Bình Định,https://down-vn.img.susercontent.com/vn-11134513-7r98o-lstvfcime8ih76@resize_ss640x400,https://www.foody.vn/da-nang/nam-hien-banh-xeo-tom-nhay,/da-nang/nam-hien-banh-xeo-tom-nhay/goi-mon
45090,Bánh Mì Que Tứ Hải - Núi Thành,"435 Núi Thành, Quận Hải Châu, Đà Nẵng",Quận Hải Châu,Đà Nẵng,16.073589,108.214222,7.2,2,8,0,,,,Đang cập nhật,False,False,False,False,,Ăn vặt/vỉa hè,,https://down-vn.img.susercontent.com/vn-11134259-7r98o-lwh62kg52m6z34@resize_ss640x400,https://www.foody.vn/da-nang/banh-mi-que-tu-hai-nui-thanh,
3233,Phì Lũ 1,"225 Nguyễn Chí Thanh, Quận Hải Châu, Đà Nẵng",Quận Hải Châu,Đà Nẵng,16.067027,108.2209,6.928,171,423,0,,,,(0236) 3 823 772,True,False,False,False,,"Nhà hàng,, Tiệc cưới/Hội nghị",Món Trung Hoa,https://down-vn.img.susercontent.com/vn-11134513-7r98o-lstpwql70qe1d6@resize_ss640x400,https://www.foody.vn/da-nang/phi-lu-1,/da-nang/phi-lu-1/goi-mon
1150679,Bánh Canh - Bà Sen,"221 Nguyễn Chí Thanh, P. Hải Châu 1, Quận Hải Châu, Đà Nẵng",Quận Hải Châu,Đà Nẵng,16.0673818,108.2210803,10.0,6,18,0,,,,Đang cập nhật,True,False,False,False,,Quán ăn,,https://down-vn.img.susercontent.com/vn-11134513-7r98o-lsv9o9rews61df@resize_ss640x400,https://www.foody.vn/da-nang/banh-canh-ba-sen,/da-nang/banh-canh-ba-sen/goi-mon
757045,Diopside - Cake & Cafe,"32 Dã Tượng, P. Mân Thái, Quận Sơn Trà, Đà Nẵng",Quận Sơn Trà,Đà Nẵng,16.090405,108.241431,8.976,8,54,0,,,,Đang cập nhật,True,False,False,False,,Café/Dessert,Món Việt,https://down-vn.img.susercontent.com/vn-11134513-7r98o-lsu430nmnfkpdc@resize_ss640x400,https://www.foody.vn/da-nang/diopside-cake-cafe,/da-nang/diopside-cake-cafe/goi-mon
643069,Hải Vân Quán - Hải Sản Tươi Sống,"Ngã Ba Lê Văn Huân - Suối Đá 3, Quận Sơn Trà, Đà Nẵng",Quận Sơn Trà,Đà Nẵng,16.103041,108.2603,8.18,9,55,0,,,,Đang cập nhật,True,False,False,False,,"Quán ăn,, Quán nhậu",Món Việt,https://down-vn.img.susercontent.com/vn-11134513-7r98o-lstzge0gxsxwb4@resize_ss640x400,https://www.foody.vn/da-nang/hai-van-quan-hai-san-tuoi-song,/da-nang/hai-van-quan-hai-san-tuoi-song/goi-mon
906713,Seolhwa Dessert Cafe,"8 Hồ Xuân Hương, P. Mỹ An, Quận Ngũ Hành Sơn, Đà Nẵng",Quận Ngũ Hành Sơn,Đà Nẵng,16.038743,108.243595,9.534,3,9,0,,,,0855977960,True,False,False,False,,Café/Dessert,Món Việt,https://down-vn.img.susercontent.com/vn-11134513-7r98o-lsu7gv77iif86b@resize_ss640x400,https://www.foody.vn/da-nang/sky-park-coffee,/da-nang/sky-park-coffee/goi-mon
975901,Kebab Nova - Nguyễn Phan Vinh,"21 Nguyễn Phan Vinh, P. Thọ Quang, Quận Sơn Trà, Đà Nẵng",Quận Sơn Trà,Đà Nẵng,16.100914,108.250382,7.75,4,2,0,,,,Đang cập nhật,False,False,False,False,,Ăn vặt/vỉa hè,Món Việt,https://down-vn.img.susercontent.com/vn-11134513-7r98o-lsu8u088prq18f@resize_ss640x400,https://www.foody.vn/da-nang/kebab-nova-nguyen-phan-vinh,/da-nang/kebab-nova-nguyen-phan-vinh/goi-mon
1071931,LiJi Cake - Shop Online,"2/26 Huyền Quang, P.Thọ Quang, Quận Sơn Trà, Đà Nẵng",Quận Sơn Trà,Đà Nẵng,16.0980548,108.2478632,9.4,14,15,0,,,,Đang cập nhật,False,False,False,False,,"Ăn vặt/vỉa hè,, Shop Online",,https://down-vn.img.susercontent.com/vn-11134513-7r98o-lsv3l44mflj8bc@resize_ss640x400,https://www.foody.vn/da-nang/liji-cake-shop-online,/da-nang/liji-cake-shop-online/goi-mon
6323,Bún Chả Cá Bà Hoa,"27 Lê Hồng Phong, P. Phước Ninh, Quận Hải Châu, Đà Nẵng",Quận Hải Châu,Đà Nẵng,16.063955,108.221512,6.568,25,105,0,,,,Đang cập nhật,True,False,False,False,,Quán ăn,Món Miền Trung,https://down-vn.img.susercontent.com/vn-11134513-7r98o-lstq1rx3nxl07c@resize_ss640x400,https://www.foody.vn/da-nang/bun-cha-ca-ba-hoa,/da-nang/bun-cha-ca-ba-hoa/goi-mon
17051,Mì Quảng Bà Hoa - Tôn Thất Đạm,"53 Tôn Thất Đạm, P. Xuân Hà, Quận Thanh Khê, Đà Nẵng",Quận Thanh Khê,Đà Nẵng,16.0716401,108.2013465,7.36,5,31,0,,,,0937 514 196,True,False,False,False,,Quán ăn,Món Quảng,https://down-vn.img.susercontent.com/vn-11134513-7r98o-lstqim6qgres2f@resize_ss640x400,https://www.foody.vn/da-nang/mi-quang-ba-hoa-ton-that-dam,/da-nang/mi-quang-ba-hoa-ton-that-dam/goi-mon
678275,Coconut People - Nhà Hàng Hàn Quốc - Trần Bạch Đằng," 49 Trần Bạch Đằng, P. Mỹ An, Quận Ngũ Hành Sơn, Đà Nẵng",Quận Ngũ Hành Sơn,Đà Nẵng,16.0567606,108.2456324,7.7,2,38,0,,,,0906 917 459,True,False,False,False,,Nhà hàng,Món Hàn,https://down-vn.img.susercontent.com/vn-11134513-7r98o-lsu0rojthc5g6e@resize_ss640x400,https://www.foody.vn/da-nang/coconut-people-nha-hang-han-quoc,/da-nang/coconut-people-nha-hang-han-quoc/goi-mon
131117,Bánh Mì Bà Lan - Lê Duẩn,"424 Lê Duẩn, Quận Thanh Khê, Đà Nẵng",Quận Thanh Khê,Đà Nẵng,16.067305,108.207747,7.484,12,51,0,,,,Đang cập nhật,False,False,False,False,,Ăn vặt/vỉa hè,Món Quảng,https://down-vn.img.susercontent.com/vn-11134513-7r98o-lsttqtnyg98k52@resize_ss640x400,https://www.foody.vn/da-nang/banh-mi-ba-lan-le-duan,/da-nang/banh-mi-ba-lan-le-duan/goi-mon
900437,Bánh Canh Nam Phổ - Trưng Nữ Vương,"Đầu K74 Trưng Nữ Vương, P. Bình Hiền, Quận Hải Châu, Đà Nẵng",Quận Hải Châu,Đà Nẵng,16.059422,108.221643,8.65,4,11,0,,,,Đang cập nhật,False,False,False,False,,Ăn vặt/vỉa hè,Món Việt,https://down-vn.img.susercontent.com/vn-11134513-7r98o-lsu79evk4ty1ff@resize_ss640x400,https://www.foody.vn/da-nang/banh-canh-nam-pho-trung-nu-vuong,/da-nang/banh-canh-nam-pho-trung-nu-vuong/goi-mon
648634,Thủy Tú - Cháo Vịt & Gỏi Vịt,"71 Nguyễn Văn Thoại, Quận Sơn Trà, Đà Nẵng",Quận Sơn Trà,Đà Nẵng,16.0541421919088,108.2390025258064,9.0,1,1,0,,,,Đang cập nhật,False,False,False,False,,Quán ăn,Món Việt,https://down-vn.img.susercontent.com/vn-11134259-7r98o-lwaz6j82cjx747@resize_ss640x400,https://www.foody.vn/da-nang/thuy-tu-chao-vit-goi-vit,
127321,Quán 32 - Đặc Sản Gà Lên Mâm,"342 Nguyễn Hữu Thọ, Quận Hải Châu, Đà Nẵng",Quận Hải Châu,Đà Nẵng,16.0351672,108.2095223,7.466,3,14,0,,,,Đang cập nhật,True,False,False,False,,Quán ăn,Món Việt,https://down-vn.img.susercontent.com/vn-11134259-7r98o-lw9yd9gbtjh525@resize_ss640x400,https://www.foody.vn/da-nang/quan-32-dac-san-ga-len-mam,
63321,Bà Xin - Cá Nục Hấp,"K528/32 Ông Ích Khiêm, P. Hải Châu 2, Quận Hải Châu, Đà Nẵng",Quận Hải Châu,Đà Nẵng,16.063694,108.215288,7.45,35,144,0,,,,Đang cập nhật,False,False,False,False,,Quán ăn,Món Miền Trung,https://down-vn.img.susercontent.com/vn-11134513-7r98o-lstrwkc13f7o63@resize_ss640x400,https://www.foody.vn/da-nang/ba-xin-ca-nuc-hap,/da-nang/ba-xin-ca-nuc-hap/goi-mon
942202,ABC Bakery - 30 Tháng 4,"109 Đường 30 Tháng 4, P. Hòa Cường Bắc, Quận Hải Châu, Đà Nẵng",Quận Hải Châu,Đà Nẵng,16.039984,108.218083,7.292,15,65,0,,,,Đang cập nhật,True,False,False,False,,Tiệm bánh,Món Việt,https://down-vn.img.susercontent.com/vn-11134259-7r98o-lw8krtqhjt21e7@resize_ss640x400,https://www.foody.vn/da-nang/abc-bakery-30-thang-4,/da-nang/abc-bakery-30-thang-4/goi-mon
961142,Gà Nướng Cơm Lam,"100 Lê Đại Hành, P. Khuê Trung, Quận Cẩm Lệ, Đà Nẵng",Quận Cẩm Lệ,Đà Nẵng,16.023336,108.203444,6.8,2,7,0,,,,0911.051.444/0916.505.502,True,False,False,False,,Quán ăn,Món Việt,https://down-vn.img.susercontent.com/vn-11134513-7r98o-lsu8i2pp9br801@resize_ss640x400,https://www.foody.vn/da-nang/ga-nuong-com-lam,/da-nang/ga-nuong-com-lam/goi-mon
88699,Giải Khát 186 - Rau Câu Trái Dừa,"186 Bạch Đằng, Quận Hải Châu, Đà Nẵng",Quận Hải Châu,Đà Nẵng,16.065765,108.224391,7.666,6,21,0,,,,Đang cập nhật,False,False,False,False,,Ăn vặt/vỉa hè,Món Việt,https://down-vn.img.susercontent.com/vn-11134259-7r98o-lwi9xdrctn1729@resize_ss640x400,https://www.foody.vn/da-nang/giai-khat-186-rau-cau-trai-dua,
1056520,Bánh Bao Thọ Phát - Ông Ích Khiêm,"177 Ông Ích Khiêm, Quận Hải Châu, Đà Nẵng",Quận Hải Châu,Đà Nẵng,16.07109,108.213388,6.7,2,10,0,,,,Đang cập nhật,True,False,False,False,,Tiệm bánh,Món Việt,https://down-vn.img.susercontent.com/vn-11134513-7r98o-lsv2ck57qw7te5@resize_ss640x400,https://www.foody.vn/da-nang/banh-bao-tho-phat-ong-ich-khiem,/da-nang/banh-bao-tho-phat-ong-ich-khiem/goi-mon
1003655,Mì Quảng Gà Đá - Điện Biên Phủ,"46 Điện Biên Phủ, P. Chính Gián, Quận Thanh Khê, Đà Nẵng",Quận Thanh Khê,Đà Nẵng,16.0661,108.203323,10.0,1,3,0,,,,Đang cập nhật,False,False,False,False,,Quán ăn,Món Miền Trung,https://down-vn.img.susercontent.com/vn-11134259-7r98o-lwdiq30pdhi13d@resize_ss640x400,https://www.foody.vn/da-nang/mi-quang-ga-da-dien-bien-phu,
919917,Chicland Lounge ,"Roofop Tầng 21 Chicland Hotel, 210 Võ Nguyên Giáp, (Gần Ks Alacarte), Quận Sơn Trà, Đà Nẵng",Quận Sơn Trà,Đà Nẵng,16.068053,108.245003,9.398,3,20,0,,,,Đang cập nhật,True,False,False,False,,Bar/Pub,,https://down-vn.img.susercontent.com/vn-11134259-7r98o-lw9r35sxsgd529@resize_ss640x400,https://www.foody.vn/da-nang/chicland-lounge,
895496,Vua Ốc - Đồng Giá 45K - 241 Trần Đại Nghĩa,"241 Trần Đại Nghĩa, P. Hoà Hải, Quận Ngũ Hành Sơn, Đà Nẵng",Quận Ngũ Hành Sơn,Đà Nẵng,15.9776647,108.2551262,8.258,14,60,0,,,,Đang cập nhật,False,False,False,False,,Quán ăn,,https://down-vn.img.susercontent.com/vn-11134513-7r98o-lsu761xv5cbdcd@resize_ss640x400,https://www.foody.vn/da-nang/vua-oc-dong-gia-45k-241-tran-dai-nghia,/da-nang/vua-oc-dong-gia-45k-241-tran-dai-nghia/goi-mon
72568,Ram Cuốn Cải Cô Tiến,"K59/12 Đường Bắc Đẩu, P. Thanh Bình, Quận Hải Châu, Đà Nẵng",Quận Hải Châu,Đà Nẵng,16.0766491,108.2110162,7.534,12,42,0,,,,Đang cập nhật,False,False,False,False,,Ăn vặt/vỉa hè,Món Miền Trung,https://down-vn.img.susercontent.com/vn-11134513-7r98o-lsts2iyb0ybo1a@resize_ss640x400,https://www.foody.vn/da-nang/ram-cuon-cai-co-tien,/da-nang/ram-cuon-cai-co-tien/goi-mon
665975,Bánh Tráng Nướng Đà Lạt - Nguyễn Du,"41 Nguyễn Du, P. Thạch Thang, Quận Hải Châu, Đà Nẵng",Quận Hải Châu,Đà Nẵng,16.078661,108.221196,8.202,16,59,0,,,,Đang cập nhật,False,False,False,False,,Ăn vặt/vỉa hè,Đà Lạt,https://down-vn.img.susercontent.com/vn-11134513-7r98o-lsu0br6yiqis89@resize_ss640x400,https://www.foody.vn/da-nang/banh-trang-nuong-da-lat-nguyen-du,/da-nang/banh-trang-nuong-da-lat-nguyen-du/goi-mon
6318,Bún Thịt Nướng Bà Trai - Đống Đa,"194 Đống Đa, P. Thuận Phước, Quận Hải Châu, Đà Nẵng",Quận Hải Châu,Đà Nẵng,16.078728,108.217301,7.192,64,259,0,,,,Đang cập nhật,False,False,False,False,,Quán ăn,Món Việt,https://down-vn.img.susercontent.com/vn-11134513-7r98o-lstq1srwev15f9@resize_ss640x400,https://www.foody.vn/da-nang/bun-thit-nuong-ba-trai-dong-da,/da-nang/bun-thit-nuong-ba-trai-dong-da/goi-mon
991314,Cháo Lòng Kho Đạn,"Đầu Hẻm 23 Đào Duy Từ, Quận Hải Châu, Đà Nẵng",Quận Hải Châu,Đà Nẵng,16.068344,108.213439,7.4,2,14,0,,,,Đang cập nhật,False,False,False,False,,Ăn vặt/vỉa hè,Món Việt,https://down-vn.img.susercontent.com/vn-11134513-7r98o-lsu96pi7joas75@resize_ss640x400,https://www.foody.vn/da-nang/chao-long-kho-dan,/da-nang/chao-long-kho-dan/goi-mon
917535,Bánh Tráng Kẹp - Núi Thành,"K193 Núi Thành, Quận Hải Châu, Đà Nẵng",Quận Hải Châu,Đà Nẵng,16.046001,108.221231,8.2,1,4,0,,,,Đang cập nhật,False,False,False,False,,Ăn vặt/vỉa hè,,https://down-vn.img.susercontent.com/vn-11134259-7r98o-lwb4drtcb5y1f6@resize_ss640x400,https://www.foody.vn/da-nang/banh-trang-kep-nui-thanh,
928743,Paparoti Anh Hoàng,"8 Lê Độ, Quận Thanh Khê, Đà Nẵng",Quận Thanh Khê,Đà Nẵng,16.0706766,108.2011974,8.44,15,50,0,,,,Đang cập nhật,True,False,False,False,,Tiệm bánh,Món Việt,https://down-vn.img.susercontent.com/vn-11134513-7r98o-lsu7t3j13vt05a@resize_ss640x400,https://www.foody.vn/da-nang/paparoti-anh-hoang,/da-nang/paparoti-anh-hoang/goi-mon
76714,Cá Nục Quán,"203 Hàn Thuyên, Quận Hải Châu, Đà Nẵng",Quận Hải Châu,Đà Nẵng,16.039111,108.214559,6.798,73,236,0,,,,Đang cập nhật,False,False,False,False,,Quán ăn,Món Quảng,https://down-vn.img.susercontent.com/vn-11134513-7r98o-lsts4vy6olg97a@resize_ss640x400,https://www.foody.vn/da-nang/ca-nuc-quan,/da-nang/ca-nuc-quan/goi-mon
1000032946,KONG MILKTEA - Trà Sữa & Ăn Vặt - Tôn Đản,"1079 Tôn Đản, P. Hòa Thọ Tây, Quận Cẩm Lệ, Đà Nẵng",Quận Cẩm Lệ,Đà Nẵng,16.0169361,108.1897882,9.71,17,23,0,,,,Đang cập nhật,True,False,False,False,,"Ăn vặt/vỉa hè,, Café/Dessert","Món Bắc,, Món Miền Trung,, Món Miền Nam",https://down-vn.img.susercontent.com/vn-11134513-7r98o-lsveu06o509l32@resize_ss640x400,https://www.foody.vn/da-nang/kong-milktea-tra-sua-an-vat-ton-dan.bucmeg,/da-nang/kong-milktea-tra-sua-an-vat-ton-dan.bucmeg/goi-mon
655650,Izakaya - Nhà Hàng Nhật  Bản,"55B Nguyễn Chí Thanh, Quận Hải Châu, Đà Nẵng",Quận Hải Châu,Đà Nẵng,16.075328,108.220521,7.652,12,64,0,,,,Đang cập nhật,True,False,False,False,,Nhà hàng,Món Nhật,https://down-vn.img.susercontent.com/vn-11134259-7r98o-lwd3hawq1syhd5@resize_ss640x400,https://www.foody.vn/da-nang/izakaya-nha-hang-nhat-ban,
993071,C.Tao - Chinese Restaurant - Đường 2 Tháng 9,"Lô A15-A16, Khu B3-1, Đường 2 Tháng 9, P. Bình Hiên, Quận Hải Châu, Đà Nẵng",Quận Hải Châu,Đà Nẵng,16.056444,108.222424,8.338,13,124,0,,,,Đang cập nhật,True,False,False,False,,Nhà hàng,Món Việt,https://down-vn.img.susercontent.com/vn-11134513-7r98o-lsu98mkugs7818@resize_ss640x400,https://www.foody.vn/da-nang/c-tao-chinese-restaurant,/da-nang/c-tao-chinese-restaurant/goi-mon
158472,Vịt Quay Lộc Phúc,"187 Nguyễn Lương Bằng, P. Hòa Khánh Bắc, Quận Liên Chiểu, Đà Nẵng",Quận Liên Chiểu,Đà Nẵng,16.081066,108.1465,7.734,6,34,0,,,,Đang cập nhật,True,False,False,False,,Quán nhậu,Món Miền Trung,https://down-vn.img.susercontent.com/vn-11134513-7r98o-lstup4ol5i8p3e@resize_ss640x400,https://www.foody.vn/da-nang/vit-quay-loc-phuc,/da-nang/vit-quay-loc-phuc/goi-mon
684661,Trà Sữa Ông Thọ - Bàu Tràm 2,"44 Bàu Tràm 2, P. Khuê Trung, Quận Cẩm Lệ, Đà Nẵng",Quận Cẩm Lệ,Đà Nẵng,16.0325699,108.2113291,6.634,54,113,0,,,,0905 545 557,True,False,False,False,,Ăn vặt/vỉa hè,Món Việt,https://down-vn.img.susercontent.com/vn-11134259-7r98o-lweg64pe7mxn1d@resize_ss640x400,https://www.foody.vn/da-nang/tra-sua-ong-tho-bau-tram-2,/da-nang/tra-sua-ong-tho-bau-tram-2/goi-mon
189658,Quán 46 - Bia Tươi Sài Gòn,"46 Huỳnh Ngọc Huệ, Quận Thanh Khê, Đà Nẵng",Quận Thanh Khê,Đà Nẵng,16.0635582825101,108.1837761774659,5.8,1,14,0,,,,Đang cập nhật,False,False,False,False,,Quán nhậu,Món Việt,https://down-vn.img.susercontent.com/vn-11134259-7r98o-lwe0o9ndbzrt17@resize_ss640x400,https://www.foody.vn/da-nang/quan-46-bia-tuoi-sai-gon,
1018387,Istanbul Anatolian Kebab House,"58 Lê Quang Đạo, P. Mỹ An, Quận Ngũ Hành Sơn, Đà Nẵng",Quận Ngũ Hành Sơn,Đà Nẵng,16.0513662,108.24509,9.6,1,1,0,,,,0564263989,True,False,False,False,,Quán ăn,Món Việt,https://down-vn.img.susercontent.com/vn-11134513-7r98o-lsu9vdlvwzwka9@resize_ss640x400,https://www.foody.vn/da-nang/istanbul-anatolian-kebab-house,/da-nang/istanbul-anatolian-kebab-house/goi-mon
722588,Dê Hùng - Đặc Sản Dê Hương Sơn,"83 - 85 - 87 Đặng Huy Tá, P. Hòa Minh, Quận Liên Chiểu, Đà Nẵng",Quận Liên Chiểu,Đà Nẵng,16.068329,108.17025,8.2,1,26,0,,,,Đang cập nhật,True,False,False,False,,Quán ăn,Món Miền Trung,https://down-vn.img.susercontent.com/vn-11134513-7r98o-lsu2jpsc1ozoa5@resize_ss640x400,https://www.foody.vn/da-nang/de-hung-dac-san-de-huong-son,/da-nang/de-hung-dac-san-de-huong-son/goi-mon
668485,Kitsune Cafe & Studio,"15 Lê Hữu Trác, P. An Hải Đông, Quận Sơn Trà, Đà Nẵng",Quận Sơn Trà,Đà Nẵng,16.057287,108.236421,9.034,6,12,0,,,,Đang cập nhật,True,False,False,False,,"Café/Dessert,, Chụp hình cưới",Món Việt,https://down-vn.img.susercontent.com/vn-11134513-7r98o-lsu0ey2af6ise9@resize_ss640x400,https://www.foody.vn/da-nang/kitsune-cafe-studio,/da-nang/kitsune-cafe-studio/goi-mon
948275,Secret Garden - Bingsu & Kem Trứng,"37B Phạm Quang Ảnh, Quận Sơn Trà, Đà Nẵng",Quận Sơn Trà,Đà Nẵng,16.0582748,108.2363569,8.15,12,48,0,,,,0931992312,True,False,False,False,,Café/Dessert,Món Việt,https://down-vn.img.susercontent.com/vn-11134513-7r98o-lsu88p47ai10dc@resize_ss640x400,https://www.foody.vn/da-nang/secret-garden-bingsu-kem-trung,/da-nang/secret-garden-bingsu-kem-trung/goi-mon
901557,SMILES Gelato And Tea House,"248 Phạm Cự Lượng, P. An Hải Đông, Quận Sơn Trà, Đà Nẵng",Quận Sơn Trà,Đà Nẵng,16.056203,108.237476,8.04,10,30,0,,,,Đang cập nhật,True,False,False,False,,Café/Dessert,,https://down-vn.img.susercontent.com/vn-11134513-7r98o-lsu7b1vjsmmx89@resize_ss640x400,https://www.foody.vn/da-nang/smile-gelato-tea-house,/da-nang/smile-gelato-tea-house/goi-mon
292301,Mì Gà Thủy Chung,"Hòa Nhơn, Huyện Hòa Vang, Đà Nẵng",Huyện Hòa Vang,Đà Nẵng,16.0013709882943,108.1461880356073,8.1,2,9,0,,,,(0236) 6 275 472,True,False,False,False,,Quán ăn,Món Miền Trung,https://down-vn.img.susercontent.com/vn-11134259-7r98o-lw8h7wietdy321@resize_ss640x400,https://www.foody.vn/da-nang/mi-ga-thuy-chung,
786358,Cafe & Trà Sữa BandB - Trần Quốc Toản,"34B Trần Quốc Toản, P. Phước Ninh, Quận Hải Châu, Đà Nẵng",Quận Hải Châu,Đà Nẵng,16.0663443,108.2230858,6.302,49,99,0,,,,0902838783,True,False,False,False,,Ăn vặt/vỉa hè,Món Việt,https://down-vn.img.susercontent.com/vn-11134513-7r98o-lsu5ceyb20905e@resize_ss640x400,https://www.foody.vn/da-nang/cafe-tra-sua-bandb-tran-quoc-toan,/da-nang/cafe-tra-sua-bandb-tran-quoc-toan/goi-mon
1049287,Trà Sữa Xingfu Cha - Trần Cao Vân,"892 Trần Cao Vân, P. Thanh Khê Đông, Quận Thanh Khê, Đà Nẵng",Quận Thanh Khê,Đà Nẵng,16.067778,108.182358,8.2,4,5,0,,,,Đang cập nhật,True,False,False,False,,Café/Dessert,Đài Loan,https://down-vn.img.susercontent.com/vn-11134513-81ztc-mnmbgseuvj0icb@resize_ss640x400,https://www.foody.vn/da-nang/tra-sua-xingfu-cha-tran-cao-van,/da-nang/tra-sua-xingfu-cha-tran-cao-van/goi-mon
725326,Bánh Tráng Kẹp Dì Em,"250 - 254 Nguyễn Hoàng, Quận Hải Châu, Đà Nẵng",Quận Hải Châu,Đà Nẵng,16.062705,108.213945,7.022,9,25,0,,,,Đang cập nhật,False,False,False,False,,Ăn vặt/vỉa hè,Món Miền Trung,https://down-vn.img.susercontent.com/vn-11134259-7r98o-lwaglx6rxj2z4a@resize_ss640x400,https://www.foody.vn/da-nang/banh-trang-kep-di-em,
794803,Bún Đậu Hàng Khay - Tôn Đức Thắng,"583 Tôn Đức Thắng, P. Hòa Khánh Bắc, Quận Liên Chiểu, Đà Nẵng",Quận Liên Chiểu,Đà Nẵng,16.0666133,108.1529929,8.68,10,33,0,,,,Đang cập nhật,True,False,False,False,,Quán ăn,Món Việt,https://down-vn.img.susercontent.com/vn-11134513-7r98o-lsu5oh8vipi164@resize_ss640x400,https://www.foody.vn/da-nang/bun-dau-hang-khay-ton-duc-thang,/da-nang/bun-dau-hang-khay-ton-duc-thang/goi-mon
943676,Quán Chay An Lạc Tâm - Lê Quý Đôn,"41 Lê Quý Đôn, P. Bình Thuận, Quận Hải Châu, Đà Nẵng",Quận Hải Châu,Đà Nẵng,16.055632,108.22041,7.546,15,19,0,,,,0914414810 ( Mr. Nguyễn Quốc Lập ),True,False,False,False,,Ăn chay,Món Việt,https://down-vn.img.susercontent.com/vn-11134513-7r98o-lsu841kehb5w6c@resize_ss640x400,https://www.foody.vn/da-nang/quan-chay-an-lac-tam-le-quy-don,/da-nang/quan-chay-an-lac-tam-le-quy-don/goi-mon
16374,Gà Ác & Bồ Câu Tiềm - Phan Châu Trinh,"443 Phan Châu Trinh , Quận Hải Châu, Đà Nẵng",Quận Hải Châu,Đà Nẵng,16.053826,108.219157,8.32,5,7,0,,,,Đang cập nhật,True,False,False,False,,Quán ăn,Món Việt,https://down-vn.img.susercontent.com/vn-11134513-7r98o-lstqhidcqcasa5@resize_ss640x400,https://www.foody.vn/da-nang/ga-ac-bo-cau-tiem-phan-chu-trinh,/da-nang/ga-ac-bo-cau-tiem-phan-chu-trinh/goi-mon
103727,Quán Trang - Trứng Lộn Xào Me,"36 Trần Kế Xương, Quận Hải Châu, Đà Nẵng",Quận Hải Châu,Đà Nẵng,16.067182,108.216798,6.814,15,44,0,,,,Đang cập nhật,False,False,False,False,,Ăn vặt/vỉa hè,Món Việt,https://down-vn.img.susercontent.com/vn-11134513-7r98o-lstssayoztms30@resize_ss640x400,https://www.foody.vn/da-nang/quan-trang-trung-lon-xao-me,/da-nang/quan-trang-trung-lon-xao-me/goi-mon
145721,Bún Bà Cương - Nguyễn Lương Bằng,"312 Nguyễn Lương Bằng, P. Hoà Khánh Bắc, Quận Liên Chiểu, Đà Nẵng",Quận Liên Chiểu,Đà Nẵng,16.084843,108.145147,7.368,19,74,0,,,,Đang cập nhật,True,False,False,False,,Quán ăn,Món Miền Trung,https://down-vn.img.susercontent.com/vn-11134513-7r98o-lstu9d2fserof0@resize_ss640x400,https://www.foody.vn/da-nang/bun-ba-cuong-nguyen-luong-bang,/da-nang/bun-ba-cuong-nguyen-luong-bang/goi-mon
1124684,CafeHolic - Lê Lợi,"52 Lê Lợi, P. Thạch Thang, Quận Hải Châu, Đà Nẵng",Quận Hải Châu,Đà Nẵng,16.0788612,108.2192889,9.4,1,3,0,,,,Đang cập nhật,True,False,False,False,,Café/Dessert,,https://down-vn.img.susercontent.com/vn-11134513-7r98o-lsv7t5aj4byxa5@resize_ss640x400,https://www.foody.vn/da-nang/cafeholic-le-loi,/da-nang/cafeholic-le-loi/goi-mon
6327,Ốc Cay Hà Nội - Ông Ích Khiêm,"176 - 178 Ông Ích Khiêm, P. Tam Thuận, Quận Thanh Khê, Đà Nẵng",Quận Thanh Khê,Đà Nẵng,16.072646,108.212972,6.698,83,354,0,,,,Đang cập nhật,False,False,False,False,,Quán ăn,Món Việt,https://down-vn.img.susercontent.com/vn-11134513-7r98o-lstq1u1yjglg61@resize_ss640x400,https://www.foody.vn/da-nang/oc-cay-ha-noi-ong-ich-khiem,/da-nang/oc-cay-ha-noi-ong-ich-khiem/goi-mon
724433,Pum - Trà Sữa & Bún Đậu,"19 Nguyễn Chánh, Quận Liên Chiểu, Đà Nẵng",Quận Liên Chiểu,Đà Nẵng,16.082225,108.147382,8.132,3,10,0,,,,Đang cập nhật,False,False,False,False,,Ăn vặt/vỉa hè,Món Việt,https://down-vn.img.susercontent.com/vn-11134513-7r98o-lsu2ltosz1z84a@resize_ss640x400,https://www.foody.vn/da-nang/pum-tra-sua-bun-dau,/da-nang/pum-tra-sua-bun-dau/goi-mon
7817,Phở Bắc 63,"203 Đống Đa, Quận Hải Châu, Đà Nẵng",Quận Hải Châu,Đà Nẵng,16.076251,108.215739,6.99,33,56,0,,,,(0236) 3 834 085,True,False,False,False,,Quán ăn,Món Bắc,https://down-vn.img.susercontent.com/vn-11134513-7r98o-lstq4bhxnezd7c@resize_ss640x400,https://www.foody.vn/da-nang/pho-bac-63,/da-nang/pho-bac-63/goi-mon
753318,Món Ngon Xứ Quảng,"Lô A19 Võ Văn Kiệt, Quận Sơn Trà, Đà Nẵng",Quận Sơn Trà,Đà Nẵng,16.063055,108.241942,8.3,2,33,0,,,,Đang cập nhật,True,False,False,False,,Nhà hàng,Món Quảng,https://down-vn.img.susercontent.com/vn-11134259-7r98o-lw9su0i4kb8b80@resize_ss640x400,https://www.foody.vn/da-nang/mon-ngon-xu-quang,
298341,Quỳnh Như Restaurant - Hải Sản Tươi Sống,"246 Hồ Nghinh, P. Phước Mỹ, Quận Sơn Trà, Đà Nẵng",Quận Sơn Trà,Đà Nẵng,16.0662414,108.2434094,8.2,1,34,0,,,,0946 635 006,True,False,False,False,,Nhà hàng,Món Việt,https://down-vn.img.susercontent.com/vn-11134513-7r98o-lstyf98h5fwkbd@resize_ss640x400,https://www.foody.vn/da-nang/quynh-nhu-restaurant-hai-san-tuoi-song,/da-nang/quynh-nhu-restaurant-hai-san-tuoi-song/goi-mon
740226,Lẩu Nướng Nhà Hường Phát,"36 - 38 Dương Tử Giang, P. Khuê Mỹ, Quận Ngũ Hành Sơn, Đà Nẵng",Quận Ngũ Hành Sơn,Đà Nẵng,16.023328,108.241403,8.05,4,31,0,,,,Đang cập nhật,True,False,False,False,,Quán ăn,Món Việt,https://down-vn.img.susercontent.com/vn-11134513-7r98o-lsu3bzad230k2a@resize_ss640x400,https://www.foody.vn/da-nang/lau-nuong-nha-huong-phat,/da-nang/lau-nuong-nha-huong-phat/goi-mon
177203,Cơm Gà Mỹ Vân - Nguyễn Công Trứ,"185 Nguyễn Công Trứ, P. An Hải Bắc, Quận Sơn Trà, Đà Nẵng",Quận Sơn Trà,Đà Nẵng,16.0668179,108.2363388,5.4,1,8,0,,,,Đang cập nhật,True,False,False,False,,Quán ăn,Món Miền Trung,https://down-vn.img.susercontent.com/vn-11134513-7r98o-lstvcpn0t31547@resize_ss640x400,https://www.foody.vn/da-nang/com-ga-my-van-nguyen-cong-tru,/da-nang/com-ga-my-van-nguyen-cong-tru/goi-mon
663007,Cơm Gà Hùng Ký,"37 Nam Trân, P. Hòa Minh, Quận Liên Chiểu, Đà Nẵng",Quận Liên Chiểu,Đà Nẵng,16.0591719,108.1716135,7.14,10,51,0,,,,Đang cập nhật,True,False,False,False,,Quán ăn,Món Việt,https://down-vn.img.susercontent.com/vn-11134513-7r98o-lsu0afn03z5w94@resize_ss640x400,https://www.foody.vn/da-nang/com-ga-hung-ky,/da-nang/com-ga-hung-ky/goi-mon
691523,Bánh Mì Ông Tý - Quang Trung,"184 Quang Trung, Quận Hải Châu, Đà Nẵng",Quận Hải Châu,Đà Nẵng,16.073582,108.213527,9.0,1,4,0,,,,0906 099 012,False,False,False,False,,Ăn vặt/vỉa hè,Món Quảng,https://down-vn.img.susercontent.com/vn-11134513-7r98o-lsu19nxq3yroca@resize_ss640x400,https://www.foody.vn/da-nang/banh-mi-ong-ty-quang-trung,/da-nang/banh-mi-ong-ty-quang-trung/goi-mon
85820,Bánh Mì Ông Tý - Hùng Vương,"272 Hùng Vương, Quận Hải Châu, Đà Nẵng",Quận Hải Châu,Đà Nẵng,16.067341,108.214578,7.252,50,92,0,,,,0906 099 012,False,False,False,False,,Ăn vặt/vỉa hè,Món Việt,https://down-vn.img.susercontent.com/vn-11134513-7r98o-lstsac3nll1gb1@resize_ss640x400,https://www.foody.vn/da-nang/banh-mi-ong-ty,/da-nang/banh-mi-ong-ty/goi-mon
16006,Bánh Mì Ông Tý - Trưng Nữ Vương,"189 Trưng Nữ Vương, Quận Hải Châu, Đà Nẵng",Quận Hải Châu,Đà Nẵng,16.054424,108.219801,6.298,23,15,0,,,,0906 099 012,False,False,False,False,,Ăn vặt/vỉa hè,Món Việt,https://down-vn.img.susercontent.com/vn-11134513-7r98o-lstqh5ywvnic69@resize_ss640x400,https://www.foody.vn/da-nang/banh-mi-ong-ty-trung-nu-vuong,/da-nang/banh-mi-ong-ty-trung-nu-vuong/goi-mon
284267,Bông Food & Drink - Hàm Tử,"38 Hàm Tử, P. Mỹ An, Quận Ngũ Hành Sơn, Đà Nẵng",Quận Ngũ Hành Sơn,Đà Nẵng,16.047246,108.237931,7.25,119,360,0,,,,0937 974 223,True,False,False,False,,Café/Dessert,Món Việt,https://down-vn.img.susercontent.com/vn-11134513-7r98o-lsty3kpqj5i18d@resize_ss640x400,https://www.foody.vn/da-nang/bong-food-drink,/da-nang/bong-food-drink/goi-mon
643086,Trà Sữa Ông Nội Quán - Ông Ích Khiêm,"273 Ông Ích Khiêm, P. Vĩnh Trung, Quận Thanh Khê, Đà Nẵng",Quận Thanh Khê,Đà Nẵng,16.067225,108.214128,7.586,32,341,0,,,,Đang cập nhật,False,False,False,False,,Café/Dessert,Món Nhật,https://down-vn.img.susercontent.com/vn-11134513-7r98o-lstzh8t7va8pf9@resize_ss640x400,https://www.foody.vn/da-nang/ong-noi-quan-tra-sua-nhat-ban,/da-nang/ong-noi-quan-tra-sua-nhat-ban/goi-mon
1030252,Quán Xưa - Bún Đậu Mắm Tôm,"5 Thanh Khê 6, P. Thanh Khê Tây, Quận Thanh Khê, Đà Nẵng",Quận Thanh Khê,Đà Nẵng,16.074757,108.1760375,8.4,1,39,0,,,,Đang cập nhật,False,False,False,False,,Quán ăn,Món Bắc,https://down-vn.img.susercontent.com/vn-11134513-7r98o-lsuahajfes3o23@resize_ss640x400,https://www.foody.vn/da-nang/quan-xua-bun-dau-mam-tom,/da-nang/quan-xua-bun-dau-mam-tom/goi-mon
8502,Gà Rán KFC - Nguyễn Văn Linh,"148 Nguyễn Văn Linh, P. Nam Dương, Quận Hải Châu, Đà Nẵng",Quận Hải Châu,Đà Nẵng,16.060438,108.213664,7.156,142,533,0,,,,1900 6886,True,False,False,False,,Nhà hàng,Mỹ,https://down-vn.img.susercontent.com/vn-11134513-7r98o-lstq5grr93gkaa@resize_ss640x400,https://www.foody.vn/da-nang/ga-ran-kfc-nguyen-van-linh,/da-nang/ga-ran-kfc-nguyen-van-linh/goi-mon
761765,Huyền - Bánh Canh Cá Lóc Huế,"49 Huỳnh Ngọc Huệ, P. Thanh Khê Đông, Quận Thanh Khê, Đà Nẵng",Quận Thanh Khê,Đà Nẵng,16.063416,108.184207,5.668,3,12,0,,,,Đang cập nhật,True,False,False,False,,Quán ăn,Món Huế,https://down-vn.img.susercontent.com/vn-11134513-7r98o-lsu495n39kucd0@resize_ss640x400,https://www.foody.vn/da-nang/huyen-banh-canh-ca-loc-hue,/da-nang/huyen-banh-canh-ca-loc-hue/goi-mon
767422,Dimsum Viên Gia,"95 Tố Hữu, P. Hoà Cường Nam, Quận Hải Châu, Đà Nẵng",Quận Hải Châu,Đà Nẵng,16.0342827,108.218033,8.066,27,120,0,,,,Đang cập nhật,False,False,False,False,,Quán ăn,Món Trung Hoa,https://down-vn.img.susercontent.com/vn-11134513-7r98o-lsu4jwqgsudge5@resize_ss640x400,https://www.foody.vn/da-nang/dimsum-vien-gia,/da-nang/dimsum-vien-gia/goi-mon
1011774,Tiệm Bánh Rau Câu Tự Nhiên,"Khu Đô Thị Nam Hòa Xuân, P. Hòa Quý, Quận Ngũ Hành Sơn, Đà Nẵng",Quận Ngũ Hành Sơn,Đà Nẵng,16.014407,108.240107,9.0,1,2,0,,,,0932410789,True,False,False,False,,Tiệm bánh,Món Việt,https://down-vn.img.susercontent.com/vn-11134513-7r98o-lsu9n6lxm0g413@resize_ss640x400,https://www.foody.vn/da-nang/tiem-banh-rau-cau-tu-nhien,/da-nang/tiem-banh-rau-cau-tu-nhien/goi-mon
799034,Ti Na - Chè Dừa Dầm & Chè Thái - Ngô Quyền,"1015 Ngô Quyền, P. An Hải Bắc, Quận Sơn Trà, Đà Nẵng",Quận Sơn Trà,Đà Nẵng,16.067012,108.232793,5.744,14,73,0,,,,0979 888 007,False,False,False,False,,Quán ăn,Món Việt,https://down-vn.img.susercontent.com/vn-11134513-7r98o-lsu5r94jcw491c@resize_ss640x400,https://www.foody.vn/da-nang/ti-na-che-dua-dam-che-thai,/da-nang/ti-na-che-dua-dam-che-thai/goi-mon
1030366,Đặc Sản Đà Nẵng,"196 Hùng Vương, P. Hải Châu 2, Quận Hải Châu, Đà Nẵng",Quận Hải Châu,Đà Nẵng,16.067974,108.217128,5.0,1,0,0,,,,Đang cập nhật,True,False,False,False,,Ăn vặt/vỉa hè,Món Việt,https://down-vn.img.susercontent.com/vn-11134513-7r98o-lsuah0s5otjt7c@resize_ss640x400,https://www.foody.vn/da-nang/dac-san-da-nang,/da-nang/dac-san-da-nang/goi-mon
1059538,"Tiệm Cơm Cô Liên - Cơm, Mỳ & Soup - Lý Văn Tố","34/2 Lý Văn Tố, P. An Hải Bắc, Quận Sơn Trà, Đà Nẵng",Quận Sơn Trà,Đà Nẵng,16.0674125,108.2410998,9.328,16,195,0,,,,Đang cập nhật,False,False,False,False,,Quán ăn,Món Việt,https://down-vn.img.susercontent.com/vn-11134513-7ras8-mbvsz5v4zyxac4@resize_ss640x400,https://www.foody.vn/da-nang/tiem-com-co-lien-com-my-soup-ly-van-to,/da-nang/tiem-com-co-lien-com-my-soup-ly-van-to/goi-mon
148006,"Highlands Coffee - Trà, Cà Phê & Bánh - Vincom Đà Nẵng","Tầng Trệt, Vincom Center, 910A Ngô Quyền, P. An Hải Bắc, Quận Sơn Trà, Đà Nẵng",Quận Sơn Trà,Đà Nẵng,16.071604,108.230672,7.714,111,552,0,,,,01223 033 951,True,False,False,False,,Café/Dessert,Món Việt,https://down-vn.img.susercontent.com/vn-11134513-81ztc-moj10b4zqbk1fb@resize_ss640x400,https://www.foody.vn/da-nang/highlands-coffee-tra-ca-phe-banh-vincom-da-nang,/da-nang/highlands-coffee-tra-ca-phe-banh-vincom-da-nang/goi-mon
242757,Mì Quảng Bà Toại,"Quốc Lộ 1A, Miếu Bông, Xã Hòa Phước, Quận Cẩm Lệ, Đà Nẵng",Quận Cẩm Lệ,Đà Nẵng,15.9788276418209,108.2083587145492,7.6,1,15,0,,,,Đang cập nhật,True,False,False,False,,Quán ăn,Món Quảng,https://down-vn.img.susercontent.com/vn-11134259-7r98o-lwdtjud88gkb3f@resize_ss640x400,https://www.foody.vn/da-nang/mi-quang-ba-toai,
124298,Bánh Tráng Cô Tý,"172 Lê Đình Dương, P. Phước Ninh, Quận Hải Châu, Đà Nẵng",Quận Hải Châu,Đà Nẵng,16.061568,108.220396,7.064,74,263,0,,,,Đang cập nhật,False,False,False,False,,Ăn vặt/vỉa hè,Món Miền Trung,https://down-vn.img.susercontent.com/vn-11134513-7r98o-lstti5h9c4ux94@resize_ss640x400,https://www.foody.vn/da-nang/banh-trang-co-ty,/da-nang/banh-trang-co-ty/goi-mon
1031816,Tàu Hủ Singapore 1995,"Số 104, Phạm Như Xương, Quận Liên Chiểu, Đà Nẵng",Quận Liên Chiểu,Đà Nẵng,16.065364,108.149375,7.6,1,3,0,,,,Đang cập nhật,True,False,False,False,,Ăn vặt/vỉa hè,Singapore,https://down-vn.img.susercontent.com/vn-11134513-7r98o-lsual6jajjr817@resize_ss640x400,https://www.foody.vn/da-nang/tau-hu-singapore-1995,/da-nang/tau-hu-singapore-1995/goi-mon
916002,Joy Chè,"16 Lê Doãn Nhạ, P. Hòa Khánh Nam, Quận Liên Chiểu, Đà Nẵng",Quận Liên Chiểu,Đà Nẵng,16.0691008,108.1522484,7.608,23,43,0,,,,0984210536,True,False,False,False,,Café/Dessert,Món Việt,https://down-vn.img.susercontent.com/vn-11134513-7r98o-lsu7mlw901i1de@resize_ss640x400,https://www.foody.vn/da-nang/joy-che,/da-nang/joy-che/goi-mon
1000029732,Vin Tea - Cafe Muối & Trà Sữa - Phan Châu Trinh,"187 Phan Châu Trinh, P. Phước Ninh, Quận Hải Châu, Đà Nẵng",Quận Hải Châu,Đà Nẵng,16.0630943,108.2194284,10.0,1,0,0,,,,Đang cập nhật,True,False,False,False,,Shop Online,Món Việt,https://down-vn.img.susercontent.com/vn-11134513-7ras8-m6222v9aak3aca@resize_ss640x400,https://www.foody.vn/da-nang/vin-tea-cafe-muoi-tra-sua-phan-chau-trinh,/da-nang/vin-tea-cafe-muoi-tra-sua-phan-chau-trinh/goi-mon
939834,Cơm Tấm Bảo Ngọc,"320 Hoàng Diệu, P. Bình Hiên, Quận Hải Châu, Đà Nẵng",Quận Hải Châu,Đà Nẵng,16.0578967,108.2169959,5.576,8,12,0,,,,0903525142 - 0905085800,True,False,False,False,,Quán ăn,Món Miền Trung,https://down-vn.img.susercontent.com/vn-11134513-7r98o-lsu81ep3b7a14d@resize_ss640x400,https://www.foody.vn/da-nang/com-tam-bao-ngoc,/da-nang/com-tam-bao-ngoc/goi-mon
1032100,Nước Mía & Bún Bò Huế - SÚP,"537 Trần Nhân Tông, P. An Hải Bắc, Quận Sơn Trà, Đà Nẵng",Quận Sơn Trà,Đà Nẵng,16.0843913,108.2345937,8.6,1,0,0,,,,Đang cập nhật,True,False,False,False,,Ăn vặt/vỉa hè,Món Việt,https://down-vn.img.susercontent.com/vn-11134513-7r98o-lsuan416ubo918@resize_ss640x400,https://www.foody.vn/da-nang/nuoc-mia-bun-bo-hue-sup,/da-nang/nuoc-mia-bun-bo-hue-sup/goi-mon
890934,Gà Rán & Burger Lotteria - Sơn Trà Coopmart,"Tầng 1, Co.op Mart Sơn Trà (Ngã Tư Trần Nhân Tông - Bình Than), P. Nại Hiên Đông, Quận Sơn Trà, Đà Nẵng",Quận Sơn Trà,Đà Nẵng,16.094165,108.242543,8.2,3,4,0,,,,Đang cập nhật,True,False,False,False,,Nhà hàng,Món Á,https://down-vn.img.susercontent.com/vn-11134259-7r98o-lwazymlibqvt5e@resize_ss640x400,https://www.foody.vn/da-nang/ga-ran-burger-lotteria-son-tra-coopmart,/da-nang/ga-ran-burger-lotteria-son-tra-coopmart/goi-mon
11919,Bún Chả Cá Ông Tạ - Nguyễn Chí Thanh,"113A Nguyễn Chí Thanh, Quận Hải Châu, Đà Nẵng",Quận Hải Châu,Đà Nẵng,16.074208,108.22082,7.35,54,140,0,,,,Đang cập nhật,True,False,False,False,,Quán ăn,Món Việt,https://down-vn.img.susercontent.com/vn-11134513-7r98o-lstqaxmh6jes0d@resize_ss640x400,https://www.foody.vn/da-nang/bun-cha-ca-ong-ta-nguyen-chi-thanh,/da-nang/bun-cha-ca-ong-ta-nguyen-chi-thanh/goi-mon
232581,Cơm Hến - Bún Hến Thanh,"158 Huỳnh Thúc Kháng, P. Bình Hiên, Quận Hải Châu, Đà Nẵng",Quận Hải Châu,Đà Nẵng,16.0578665,108.2179459,7.006,57,158,0,,,,Đang cập nhật,True,False,False,False,,"Quán ăn,, Giao cơm văn phòng",Món Huế,https://down-vn.img.susercontent.com/vn-11134513-7r98o-lstx5b8vkae11f@resize_ss640x400,https://www.foody.vn/da-nang/com-hen-bun-hen-thanh,/da-nang/com-hen-bun-hen-thanh/goi-mon
1126776,Bánh Cuốn Tiến Hưng - Cơ Sở 2,"95 Núi Thành, P. Hòa Thuận Đông, Quận Hải Châu, Đà Nẵng",Quận Hải Châu,Đà Nẵng,16.05041,108.22068,6.2,1,0,0,,,,Đang cập nhật,True,False,False,False,,Quán ăn,,https://down-vn.img.susercontent.com/vn-11134259-7r98o-lwg0gbiz844b1e@resize_ss640x400,https://www.foody.vn/da-nang/banh-cuon-tien-hung-co-so-2,/da-nang/banh-cuon-tien-hung-co-so-2/goi-mon
854673,Nhung - Bánh Chuối Chiên & Bánh Tét Chiên,"292 Trần Cao Vân, P. Tam Thuận, Quận Thanh Khê, Đà Nẵng",Quận Thanh Khê,Đà Nẵng,16.071378,108.20285,4.4,1,10,0,,,,0787652401,True,False,False,False,,Ăn vặt/vỉa hè,Món Việt,https://down-vn.img.susercontent.com/vn-11134513-7r98o-lsu632msoh3ta4@resize_ss640x400,https://www.foody.vn/da-nang/nhung-banh-chuoi-chien-banh-tet-chien,/da-nang/nhung-banh-chuoi-chien-banh-tet-chien/goi-mon
197322,Cơm Tấm Sài Gòn Hồng Phúc - 202 Nguyễn Công Trứ,"202 Nguyễn Công Trứ, Quận Sơn Trà, Đà Nẵng",Quận Sơn Trà,Đà Nẵng,16.066896,108.235108,6.354,13,55,0,,,,Đang cập nhật,True,False,False,False,,Quán ăn,Món Miền Nam,https://down-vn.img.susercontent.com/vn-11134513-7r98o-lstvzd3vgvyc81@resize_ss640x400,https://www.foody.vn/da-nang/com-tam-sai-gon-hong-phuc-202-nguyen-cong-tru,/da-nang/com-tam-sai-gon-hong-phuc-202-nguyen-cong-tru/goi-mon
111433,Cơm Gà Cấp Tiến - Nguyễn Hoàng,"190 Nguyễn Hoàng, Quận Thanh Khê, Đà Nẵng",Quận Thanh Khê,Đà Nẵng,16.060562,108.213449,6.94,13,57,0,,,,Đang cập nhật,True,False,False,False,,Quán ăn,Món Miền Trung,https://down-vn.img.susercontent.com/vn-11134513-7r98o-lstt1k4dgivt23@resize_ss640x400,https://www.foody.vn/da-nang/com-ga-cap-tien-nguyen-hoang,/da-nang/com-ga-cap-tien-nguyen-hoang/goi-mon
125020,Cơm Gà Vân - Lê Đình Lý,"177 Lê Đình Lý, Quận Hải Châu, Đà Nẵng",Quận Hải Châu,Đà Nẵng,16.051747,108.209996,6.0,7,35,0,,,,Đang cập nhật,True,False,False,False,,Quán ăn,Tây Nguyên,https://down-vn.img.susercontent.com/vn-11134513-7r98o-lsttj00amf9gcc@resize_ss640x400,https://www.foody.vn/da-nang/com-ga-van-le-dinh-ly,/da-nang/com-ga-van-le-dinh-ly/goi-mon
971336,Cơm Gà Kim Ngân - Nguyễn Hoàng,"100 Nguyễn Hoàng, P. Vĩnh Trung, Quận Thanh Khê, Đà Nẵng",Quận Thanh Khê,Đà Nẵng,16.063178,108.214048,8.0,1,6,0,,,,0901214011 ( Mr. Trường ) ,True,False,False,False,,Quán ăn,Món Miền Trung,https://down-vn.img.susercontent.com/vn-11134513-7r98o-lsu8oxkc0tdw6f@resize_ss640x400,https://www.foody.vn/da-nang/com-ga-kim-ngan-nguyen-hoang,/da-nang/com-ga-kim-ngan-nguyen-hoang/goi-mon
102777,Mỹ Linh - Cơm Gà Tam Kỳ,"222C Hải Phòng, P. Tam Thuận, Quận Thanh Khê, Đà Nẵng",Quận Thanh Khê,Đà Nẵng,16.070862,108.208138,6.028,8,22,0,,,,0935 338 208,True,False,False,False,,Quán ăn,Món Quảng,https://down-vn.img.susercontent.com/vn-11134513-7r98o-lstsqx102izdcb@resize_ss640x400,https://www.foody.vn/da-nang/my-linh-com-ga-tam-ky,/da-nang/my-linh-com-ga-tam-ky/goi-mon
1000000248,Duyên - Cơm Gà Xối Mỡ - Hoàng Diệu,"264 Hoàng Diệu, P. Nam Dương, Quận Hải Châu, Đà Nẵng",Quận Hải Châu,Đà Nẵng,16.0593241,108.2168654,8.97,7,4,0,,,,Đang cập nhật,True,False,False,False,,Quán ăn,Món Việt,https://down-vn.img.susercontent.com/vn-11134513-7r98o-lsvdq5sv6ojo12@resize_ss640x400,https://www.foody.vn/da-nang/duyen-com-ga-xoi-mo-hoang-dieu,/da-nang/duyen-com-ga-xoi-mo-hoang-dieu/goi-mon
694580,Xôi Chiên Phương Food - Gà Chiên Mắm & Ăn Vặt,"288 Đống Đa, P. Thanh Bình, Quận Hải Châu, Đà Nẵng",Quận Hải Châu,Đà Nẵng,16.076166,108.21561,8.36,95,190,0,,,,Đang cập nhật,True,False,False,False,,Shop Online,Món Miền Trung,https://down-vn.img.susercontent.com/vn-11134513-7r98o-lyuat3905cipc0@resize_ss640x400,https://www.foody.vn/da-nang/xoi-chien-phuong-food-ga-chien-mam-an-vat,/da-nang/xoi-chien-phuong-food-ga-chien-mam-an-vat/goi-mon
1112821,Mì Kung Fu,"124B Đường 2/9, Quận Hải Châu, Đà Nẵng",Quận Hải Châu,Đà Nẵng,,,8.5,2,4,0,,,,Đang cập nhật,True,False,False,False,,,,,,
949442,Ẩm Thực Đồng Xanh,"03 Nguyễn Tất Thành, Quận Hải Châu, Đà Nẵng",Quận Hải Châu,Đà Nẵng,16.086874,108.214875,10.0,1,26,0,,,,09354493860,True,False,False,False,,Nhà hàng,Món Miền Trung,https://down-vn.img.susercontent.com/vn-11134513-7r98o-lsu8a79y1adg53@resize_ss640x400,https://www.foody.vn/da-nang/am-thuc-dong-xanh,/da-nang/am-thuc-dong-xanh/goi-mon
12383,Quán 61 - Đặc Sản Gà Đèo Le,"61 Cao Thắng, Quận Hải Châu, Đà Nẵng",Quận Hải Châu,Đà Nẵng,16.076852,108.21354,7.236,6,9,0,,,,(0236) 3 516 294,True,False,False,False,,Quán ăn,Món Quảng,https://down-vn.img.susercontent.com/vn-11134259-7r98o-lwgnv4fqz6jff8@resize_ss640x400,https://www.foody.vn/da-nang/quan-61-dac-san-ga-deo-le,
748027,Bánh Canh Vịt Hoa - Phạm Như Xương,"56 Phạm Như Xương, Quận Liên Chiểu, Đà Nẵng",Quận Liên Chiểu,Đà Nẵng,16.0637451,108.1542189,8.4,1,7,0,,,,0903 087 370,True,False,False,False,,Quán ăn,Món Việt,https://down-vn.img.susercontent.com/vn-11134513-7r98o-lsu3oess7u6xc4@resize_ss640x400,https://www.foody.vn/da-nang/banh-canh-chao-vit-hoa-pham-nhu-xuong,/da-nang/banh-canh-chao-vit-hoa-pham-nhu-xuong/goi-mon
19001,Bún Bò Hiến Hằng,"172 Núi Thành, Quận Hải Châu, Đà Nẵng",Quận Hải Châu,Đà Nẵng,16.045958,108.221158,7.538,13,34,0,,,,Đang cập nhật,True,False,False,False,,Quán ăn,Món Việt,https://down-vn.img.susercontent.com/vn-11134513-7r98o-lstqlm38k9fo86@resize_ss640x400,https://www.foody.vn/da-nang/bun-bo-hien-hang,/da-nang/bun-bo-hien-hang/goi-mon
1135023,Sushi Time - 768 Tôn Đức Thắng,"768 Tôn Đức Thắng, P. Hoà Khánh Nam, Quận Liên Chiểu, Đà Nẵng",Quận Liên Chiểu,Đà Nẵng,16.0670988,108.1529199,6.1,2,0,0,,,,Đang cập nhật,True,False,False,False,,Quán ăn,,https://down-vn.img.susercontent.com/vn-11134513-7r98o-lsv8eq46bzyc0e@resize_ss640x400,https://www.foody.vn/da-nang/sushi-time-768-ton-duc-thang,/da-nang/sushi-time-768-ton-duc-thang/goi-mon
214582,Bún Cua Đồng 101 - Nguyễn Hữu Thọ,"36 Nguyễn Hữu Thọ, P. Hòa Thuận Tây, Quận Hải Châu, Đà Nẵng",Quận Hải Châu,Đà Nẵng,16.049852,108.208827,7.698,14,62,0,,,,0934 993 101,False,False,False,False,,Quán ăn,Món Việt,https://down-vn.img.susercontent.com/vn-11134513-7r98o-lstwjsa3mrpgd2@resize_ss640x400,https://www.foody.vn/da-nang/bun-cua-dong-101-nguyen-huu-tho,/da-nang/bun-cua-dong-101-nguyen-huu-tho/goi-mon
982673,"Cơm Ngon Thảo My - Cơm Gà, Cơm Sườn & Cơm Cá","50 Tôn Đức Thắng, P. Hòa Minh, Quận Liên Chiểu, Đà Nẵng",Quận Liên Chiểu,Đà Nẵng,16.0617944,108.177545,5.602,3,9,0,,,,Đang cập nhật,True,False,False,False,,Quán ăn,Món Việt,https://down-vn.img.susercontent.com/vn-11134513-7r98o-lsu8zui10azdca@resize_ss640x400,https://www.foody.vn/da-nang/com-ngon-thao-my-com-ga-com-suon-com-ca,/da-nang/com-ngon-thao-my-com-ga-com-suon-com-ca/goi-mon
1027530,Bún Chả Cá Tam Giác - Ngô Quyền,"663 Ngô Quyền, P. An Hải Bắc, Quận Sơn Trà, Đà Nẵng",Quận Sơn Trà,Đà Nẵng,16.0763506,108.2312872,7.8,1,8,0,,,,Đang cập nhật,True,False,False,False,,Quán ăn,Món Miền Trung,https://down-vn.img.susercontent.com/vn-11134513-7r98o-lsua94d5wclg8c@resize_ss640x400,https://www.foody.vn/da-nang/bun-cha-ca-tam-giac-ngo-quyen,/da-nang/bun-cha-ca-tam-giac-ngo-quyen/goi-mon
312893,Phở Hà Thành - 50 Phan Đăng Lưu,"50 Phan Đăng Lưu, P. Hòa Cường Bắc, Quận Hải Châu, Đà Nẵng",Quận Hải Châu,Đà Nẵng,16.037152,108.220258,8.9,2,12,0,,,,Đang cập nhật,True,False,False,False,,Quán ăn,Hà Nội,https://down-vn.img.susercontent.com/vn-11134513-7r98o-lstyn6yd1akkfe@resize_ss640x400,https://www.foody.vn/da-nang/pho-ha-thanh-50-phan-dang-luu,/da-nang/pho-ha-thanh-50-phan-dang-luu/goi-mon
139686,Phở Hà Thành - Cách Mạng Tháng 8,"230 Cách Mạng Tháng 8, P. Khuê Trung, Quận Cẩm Lệ, Đà Nẵng",Quận Cẩm Lệ,Đà Nẵng,16.0183163,108.2070069,6.3,2,14,0,,,,Đang cập nhật,True,False,False,False,,Quán ăn,Hà Nội,https://down-vn.img.susercontent.com/vn-11134513-7r98o-lstu1wvi98ecd2@resize_ss640x400,https://www.foody.vn/da-nang/pho-ha-thanh-cach-mang-thang-8,/da-nang/pho-ha-thanh-cach-mang-thang-8/goi-mon
1071085,Gỏi Sứa Ku Ken - Trưng Nữ Vương,"Số 169E Trưng Nữ Vương, Quận Hải Châu, Đà Nẵng",Quận Hải Châu,Đà Nẵng,16.054842,108.220398,8.694,11,2,0,,,,Đang cập nhật,False,False,False,False,,Quán ăn,,https://down-vn.img.susercontent.com/vn-11134513-7r98o-lsv3muras5hgfe@resize_ss640x400,https://www.foody.vn/da-nang/goi-sua-ku-ken-trung-nu-vuong,/da-nang/goi-sua-ku-ken-trung-nu-vuong/goi-mon
16655,Lẩu Bò Già Lang,"Lô 26 Phan Thành Tài, Quận Hải Châu, Đà Nẵng",Quận Hải Châu,Đà Nẵng,16.054001,108.220959,7.526,30,236,0,,,,0908 197 872,True,False,False,False,,Quán ăn,Món Việt,https://down-vn.img.susercontent.com/vn-11134513-7r98o-lstqi2wso98k04@resize_ss640x400,https://www.foody.vn/da-nang/lau-bo-gia-lang,/da-nang/lau-bo-gia-lang/goi-mon
878187,Thông Anh Quán - Hải Sản Tươi Sống Bình Dân,"43 Nguyễn Sáng, Quận Sơn Trà, Đà Nẵng",Quận Sơn Trà,Đà Nẵng,16.087906,108.246811,7.9,2,34,0,,,, 093 519 04 68,True,False,False,False,,Quán nhậu,Món Việt,https://down-vn.img.susercontent.com/vn-11134513-7r98o-lsu6qotmj35w00@resize_ss640x400,https://www.foody.vn/da-nang/thong-anh-quan-hai-san-tuoi-song-binh-dan,/da-nang/thong-anh-quan-hai-san-tuoi-song-binh-dan/goi-mon
36228,"Al Fresco's - Pizza, Mỳ Ý, Sườn, Steak Bò Bít Tết - Trần Phú","210 Trần Phú, P. Phước Ninh, Quận Hải Châu, Đà Nẵng",Quận Hải Châu,Đà Nẵng,16.064167,108.22336,7.824,367,2132,0,,,,Đang cập nhật,True,False,False,False,,Nhà hàng,Ý,https://down-vn.img.susercontent.com/vn-11134513-7r98o-lyonbda1lndt84@resize_ss640x400,https://www.foody.vn/da-nang/al-fresco-s-pizza-my-y-suon-steak-bo-bit-tet-tran-phu,/da-nang/al-fresco-s-pizza-my-y-suon-steak-bo-bit-tet-tran-phu/goi-mon
183050,Cô Nguyệt - Cơm Xèo - Hủ Tiếu & Bánh Canh,"25 Phạm Văn Bạch, P. Hòa Cường Nam, Quận Hải Châu, Đà Nẵng",Quận Hải Châu,Đà Nẵng,16.0319665,108.2281131,7.53,14,49,0,,,,Đang cập nhật,True,False,False,False,,Quán ăn,Món Miền Trung,https://down-vn.img.susercontent.com/vn-11134513-7r98o-lstvicvrdx95ac@resize_ss640x400,https://www.foody.vn/da-nang/co-nguyet-com-xeo-hu-tieu-banh-canh,/da-nang/co-nguyet-com-xeo-hu-tieu-banh-canh/goi-mon
18216,Bà Tám - Hải Sản Tươi Sống,"596/14 Hoàng Diệu, P. Hoà Thuận Đông, Quận Hải Châu, Đà Nẵng",Quận Hải Châu,Đà Nẵng,16.0497647,108.2179459,6.292,35,166,0,,,,Đang cập nhật,False,False,False,False,,Quán ăn,Món Việt,https://down-vn.img.susercontent.com/vn-11134513-7r98o-lstqkizns2x0d5@resize_ss640x400,https://www.foody.vn/da-nang/ba-tam-hai-san-tuoi-song,/da-nang/ba-tam-hai-san-tuoi-song/goi-mon
1028226,Trà Sữa Money - Lê Thanh Nghị,"265 Lê Thanh Nghị, P. Hoà Cường Nam, Quận Hải Châu, Đà Nẵng",Quận Hải Châu,Đà Nẵng,16.034508,108.21858,6.232,25,62,0,,,,Đang cập nhật,True,False,False,False,,Café/Dessert,Món Việt,https://down-vn.img.susercontent.com/vn-11134259-7r98o-lwads3x5ltqxbe@resize_ss640x400,https://www.foody.vn/da-nang/tra-sua-money-le-thanh-nghi,/da-nang/tra-sua-money-le-thanh-nghi/goi-mon
310643,Bún Chả Cá Bình Dân,"168 Núi Thành, Quận Hải Châu, Đà Nẵng",Quận Hải Châu,Đà Nẵng,16.046899,108.221125,7.2,1,6,0,,,,Đang cập nhật,True,False,False,False,,Quán ăn,Món Việt,https://down-vn.img.susercontent.com/vn-11134259-7r98o-lwburqhyodsr29@resize_ss640x400,https://www.foody.vn/da-nang/bun-cha-ca-binh-dan,
72563,Bánh Mì Nướng Lạng Sơn - Trần Cao Vân,"612 Trần Cao Vân, P. Xuân Hà, Quận Thanh Khê, Đà Nẵng",Quận Thanh Khê,Đà Nẵng,16.0712745,108.1917929,7.284,31,123,0,,,,Đang cập nhật,True,False,False,False,,Ăn vặt/vỉa hè,Món Việt,https://down-vn.img.susercontent.com/vn-11134513-7r98o-lsts2fcgaz6h3b@resize_ss640x400,https://www.foody.vn/da-nang/banh-mi-nuong-lang-son,/da-nang/banh-mi-nuong-lang-son/goi-mon
1063383,Gà Rán Chicken Plus - Phan Tứ,"10 Phan Tứ, P. Mỹ An, Quận Ngũ Hành Sơn, Đà Nẵng",Quận Ngũ Hành Sơn,Đà Nẵng,16.0451267,108.2413563,9.8,2,0,0,,,,Đang cập nhật,True,False,False,False,,Ăn vặt/vỉa hè,Món Việt,https://down-vn.img.susercontent.com/vn-11134513-7r98o-lsv2z99zw6mx3c@resize_ss640x400,https://www.foody.vn/da-nang/ga-ran-chicken-plus-phan-tu,/da-nang/ga-ran-chicken-plus-phan-tu/goi-mon
858771,Bánh Bèo Nguyện - Bánh Bèo Nóng & Bánh Ướt,"133 Đỗ Quang, P. Vĩnh Trung, Quận Thanh Khê, Đà Nẵng",Quận Thanh Khê,Đà Nẵng,16.058216,108.212378,8.512,21,64,0,,,,0909531169,True,False,False,False,,Quán ăn,Món Miền Trung,https://down-vn.img.susercontent.com/vn-11134513-7r98o-lsu65t1go7mh60@resize_ss640x400,https://www.foody.vn/da-nang/banh-beo-nguyen-banh-beo-nong-banh-uot,/da-nang/banh-beo-nguyen-banh-beo-nong-banh-uot/goi-mon
969515,Nhà Hàng Hongkong Vinh Hạnh,"92 Phan Châu Trinh, P. Phước Ninh, Quận Hải Châu, Đà Nẵng",Quận Hải Châu,Đà Nẵng,16.065784,108.21989,7.966,12,179,0,,,,Đang cập nhật,True,False,False,False,,Nhà hàng,Món Trung Hoa,https://down-vn.img.susercontent.com/vn-11134513-7r98o-lsu8oc1niguc6e@resize_ss640x400,https://www.foody.vn/da-nang/nha-hang-hongkong-vinh-hanh,/da-nang/nha-hang-hongkong-vinh-hanh/goi-mon
89067,Bún Bò Vỹ Dạ,"26 Lê Quí Đôn, P. Bình Thuận, Quận Hải Châu, Đà Nẵng",Quận Hải Châu,Đà Nẵng,16.055799,108.222107,6.86,20,64,0,,,,0934 844 969,False,False,False,False,,Quán ăn,Món Huế,https://down-vn.img.susercontent.com/vn-11134513-7r98o-lstsdh6m71dwa5@resize_ss640x400,https://www.foody.vn/da-nang/bun-bo-vy-da,/da-nang/bun-bo-vy-da/goi-mon
656869,Ốc Chảo Đà Nẵng,"15 Lê Tấn Trung, P. Thọ Quang, Quận Sơn Trà, Đà Nẵng",Quận Sơn Trà,Đà Nẵng,16.09957,108.249108,7.468,26,144,0,,,,Đang cập nhật,False,False,False,False,,Ăn vặt/vỉa hè,Món Miền Trung,https://down-vn.img.susercontent.com/vn-11134513-7ras8-m2lvfhoxe4sae1@resize_ss640x400,https://www.foody.vn/da-nang/oc-chao-da-nang,/da-nang/oc-chao-da-nang/goi-mon
73268,Bánh Canh Cá Lóc - Phan Đăng Lưu,"198 Phan Đăng Lưu, P. Hòa Cường Bắc, Quận Hải Châu, Đà Nẵng",Quận Hải Châu,Đà Nẵng,16.036748,108.2126148,8.402,3,8,0,,,,Đang cập nhật,False,False,False,False,,Quán ăn,Món Quảng,https://down-vn.img.susercontent.com/vn-11134513-7r98o-lsts3a3tahmsad@resize_ss640x400,https://www.foody.vn/da-nang/banh-canh-ca-loc-phan-dang-luu,/da-nang/banh-canh-ca-loc-phan-dang-luu/goi-mon
230966,Mì Quảng Bà Mua - Ngũ Hành Sơn,"40 Ngũ Hành Sơn, Quận Ngũ Hành Sơn, Đà Nẵng",Quận Ngũ Hành Sơn,Đà Nẵng,16.05032,108.237684,6.174,31,117,0,,,,Đang cập nhật,True,False,False,False,,Quán ăn,Món Quảng,https://down-vn.img.susercontent.com/vn-11134513-7r98o-lstx4j0ivlj8b4@resize_ss640x400,https://www.foody.vn/da-nang/mi-quang-ba-mua-ngu-hanh-son,/da-nang/mi-quang-ba-mua-ngu-hanh-son/goi-mon
231012,Quán Việt - Ẩm Thực Miền Bắc & Cơm Văn Phòng,"113 Nguyễn Chí Thanh, P. Hải Châu 1, Quận Hải Châu, Đà Nẵng",Quận Hải Châu,Đà Nẵng,16.0740829,108.2208993,5.92,57,245,0,,,,Đang cập nhật,True,False,False,False,,"Quán ăn,, Giao cơm văn phòng",Món Bắc,https://down-vn.img.susercontent.com/vn-11134513-7r98o-lstx3lzv71z8ef@resize_ss640x400,https://www.foody.vn/da-nang/quan-viet-am-thuc-mien-bac-com-van-phong,/da-nang/quan-viet-am-thuc-mien-bac-com-van-phong/goi-mon
117686,Nhân Méo - Hải Sản Bình Dân,"138 - 140 Đường 3 Tháng 2, Quận Hải Châu, Đà Nẵng",Quận Hải Châu,Đà Nẵng,16.086187,108.218105,7.092,24,213,0,,,,Đang cập nhật,False,False,False,False,,Quán ăn,Món Việt,https://down-vn.img.susercontent.com/vn-11134513-7r98o-lstt9enxznvdff@resize_ss640x400,https://www.foody.vn/da-nang/quan-nhan-meo,/da-nang/quan-nhan-meo/goi-mon
204116,"Chân Gà Sả Ớt Kai Nguyễn - Trà Trái Cây, Trà Sữa & Ăn Vặt - Shop Online","100 Nguyễn Công Trứ, P. An Hải Bắc, Quận Sơn Trà, Đà Nẵng",Quận Sơn Trà,Đà Nẵng,16.06825,108.23086,7.144,44,142,0,,,,0934 730 576 - 0934 900 140 - 01206 031 234,False,False,False,False,,Shop Online,Món Việt,https://down-vn.img.susercontent.com/vn-11134513-7r98o-lstw6gtv913883@resize_ss640x400,https://www.foody.vn/da-nang/chan-ga-sa-ot-kai-nguyen-tra-trai-cay-tra-sua-an-vat-shop-online,/da-nang/chan-ga-sa-ot-kai-nguyen-tra-trai-cay-tra-sua-an-vat-shop-online/goi-mon
6321,Quán Bún Xương - Trần Phú,"89 Trần Phú, P. Hải Châu 1, Quận Hải Châu, Đà Nẵng",Quận Hải Châu,Đà Nẵng,16.069713,108.224004,8.3,6,22,0,,,,Đang cập nhật,False,False,False,False,,Quán ăn,Món Việt,https://down-vn.img.susercontent.com/vn-11134513-7r98o-lstq1qqdegn8e1@resize_ss640x400,https://www.foody.vn/da-nang/quan-bun-xuong,/da-nang/quan-bun-xuong/goi-mon
703361,Bánh Mì Trung Lương,"120 Hoàng Hoa Thám, P. Tân Chính, Quận Thanh Khê, Đà Nẵng",Quận Thanh Khê,Đà Nẵng,16.068661,108.209943,7.3,18,78,0,,,,Đang cập nhật,False,False,False,False,,Tiệm bánh,Món Việt,https://down-vn.img.susercontent.com/vn-11134513-7ras8-mbt3tf9vlugibc@resize_ss640x400,https://www.foody.vn/da-nang/banh-mi-trung-luong,/da-nang/banh-mi-trung-luong/goi-mon
188616,Highlands Coffee - Sân Bay Đà Nẵng,"Tầng 2, Sân Bay Đà Nẵng, Quận Hải Châu, Đà Nẵng",Quận Hải Châu,Đà Nẵng,16.0435879085258,108.1997829303145,7.94,44,195,0,,,,Đang cập nhật,True,False,False,False,,Café/Dessert,Món Việt,https://down-vn.img.susercontent.com/vn-11134259-7r98o-lw9leb6lm5ejad@resize_ss640x400,https://www.foody.vn/da-nang/highlands-coffee-san-bay-da-nang,
965987,Bún Đậu Ngõ - 92 Tô Hiệu,"92 Tô Hiệu, P. Hoà Minh, Quận Liên Chiểu, Đà Nẵng",Quận Liên Chiểu,Đà Nẵng,16.0601149,108.1676754,7.84,5,5,0,,,,Đang cập nhật,True,False,False,False,,Quán ăn,Hà Nội,https://down-vn.img.susercontent.com/vn-11134513-7r98o-lsu8mneu8r0kb6@resize_ss640x400,https://www.foody.vn/da-nang/bun-dau-ngo-92-to-hieu,/da-nang/bun-dau-ngo-92-to-hieu/goi-mon
759275,Bánh Tráng Thịt Heo Bông Lúa,"106 Tô Hiệu, P. Hòa Minh, Quận Liên Chiểu, Đà Nẵng",Quận Liên Chiểu,Đà Nẵng,16.0608269,108.1676058,8.24,10,35,0,,,,Đang cập nhật,True,False,False,False,,Quán ăn,Món Quảng,https://down-vn.img.susercontent.com/vn-11134513-7r98o-lsu46ex1rw6137@resize_ss640x400,https://www.foody.vn/da-nang/banh-trang-thit-heo-bong-lua,/da-nang/banh-trang-thit-heo-bong-lua/goi-mon
1038024,Quán 239 - Bia Hơi Hà Nội & Hải Sản Bình Dân - Phan Đăng Lưu,"218 Phan Đăng Lưu, P. Khuê Trung, Quận Cẩm Lệ, Đà Nẵng",Quận Cẩm Lệ,Đà Nẵng,16.0364974,108.2117271,8.6,5,4,0,,,,Đang cập nhật,True,False,False,False,,Café/Dessert,Món Việt,https://down-vn.img.susercontent.com/vn-11134513-7ra0g-m9spbb1cvhhg5b@resize_ss640x400,https://www.foody.vn/da-nang/quan-239-bia-hoi-ha-noi-hai-san-binh-dan-phan-dang-luu,/da-nang/quan-239-bia-hoi-ha-noi-hai-san-binh-dan-phan-dang-luu/goi-mon
633539,Xo Sài Gòn - Pizza & Coffee,"281 Hồ Tùng Mậu, P. Hoà Minh, Quận Liên Chiểu, Đà Nẵng",Quận Liên Chiểu,Đà Nẵng,16.074441,108.158161,5.474,11,21,0,,,,Đang cập nhật,True,False,False,False,,Café/Dessert,Món Việt,https://down-vn.img.susercontent.com/vn-11134513-7r98o-lstz3zk29tp55f@resize_ss640x400,https://www.foody.vn/da-nang/xo-sai-gon-pizza-coffee,/da-nang/xo-sai-gon-pizza-coffee/goi-mon
980287,Sương Phan - Bún Lòng Xào Nghệ - Shop Online,"104 Trần Nguyên Đán, P. Hòa Minh, Quận Liên Chiểu, Đà Nẵng",Quận Liên Chiểu,Đà Nẵng,16.079374,108.157712,9.4,4,7,0,,,,0793758250,True,False,False,False,,Shop Online,Món Miền Trung,https://down-vn.img.susercontent.com/vn-11134513-7r98o-lsu8ywhaty8pf4@resize_ss640x400,https://www.foody.vn/da-nang/suong-phan-bun-long-xao-nghe-shop-online,/da-nang/suong-phan-bun-long-xao-nghe-shop-online/goi-mon
920281,Lê Fa - Hủ Tiếu,"356/52 Hoàng Diệu, P. Bình Thuận, Quận Hải Châu, Đà Nẵng",Quận Hải Châu,Đà Nẵng,16.056574,108.215483,7.566,6,20,0,,,,"0935501541, 09355015412",True,False,False,False,,Quán ăn,Món Việt,https://down-vn.img.susercontent.com/vn-11134513-7r98o-lsu7q0hbm1ms93@resize_ss640x400,https://www.foody.vn/da-nang/le-fa-hu-tieu,/da-nang/le-fa-hu-tieu/goi-mon
159199,Mote Pizza - Lê Lợi,"146 Lê Lợi, P. Hải Châu 1, Quận Hải Châu, Đà Nẵng",Quận Hải Châu,Đà Nẵng,16.073215,108.22021,7.642,232,866,0,,,,01212 866 612,True,False,False,False,,Quán ăn,Quốc tế,https://down-vn.img.susercontent.com/vn-11134513-7ras8-m212i794drdqa9@resize_ss640x400,https://www.foody.vn/da-nang/mote-pizza-le-loi,/da-nang/mote-pizza-le-loi/goi-mon
285754,Chân Gà Sả Ớt Hà An,"40 Trưng Nhị, Quận Hải Châu, Đà Nẵng",Quận Hải Châu,Đà Nẵng,16.0444398,108.211615,7.172,29,73,0,,,,0913 415 603,True,False,False,False,,Ăn vặt/vỉa hè,Món Việt,https://down-vn.img.susercontent.com/vn-11134513-7r98o-lsty4kzhgclgfb@resize_ss640x400,https://www.foody.vn/da-nang/ha-an-chan-ga-sa-ot,/da-nang/ha-an-chan-ga-sa-ot/goi-mon
316235,Bình Định Quán - Nhậu Bình Dân,"Lô 16 Nguyễn Sinh Sắc, Quận Liên Chiểu, Đà Nẵng",Quận Liên Chiểu,Đà Nẵng,16.077604,108.163633,4.0,1,30,0,,,,Đang cập nhật,True,False,False,False,,Quán nhậu,Món Việt,https://down-vn.img.susercontent.com/vn-11134259-7r98o-lwb36dwwfjyxd6@resize_ss640x400,https://www.foody.vn/da-nang/binh-dinh-quan-nhau-binh-dan,
1081845,Trứng Gà Nướng Lan Nguyễn,"149 Nguyễn Công Trứ, P. An Hải Bắc, Quận Sơn Trà, Đà Nẵng",Quận Sơn Trà,Đà Nẵng,16.0669591,108.2355226,7.8,1,2,0,,,,Đang cập nhật,True,False,False,False,,Quán ăn,,https://down-vn.img.susercontent.com/vn-11134513-7r98o-lsv4ei8m0l2160@resize_ss640x400,https://www.foody.vn/da-nang/trung-ga-nuong-lan-nguyen,/da-nang/trung-ga-nuong-lan-nguyen/goi-mon
41696,Bánh Mì Yến,"552 Hoàng Diệu, P. Bình Thuận, Quận Hải Châu, Đà Nẵng",Quận Hải Châu,Đà Nẵng,16.0511719,108.2180223,7.298,18,40,0,,,,0905 335 877,False,False,False,False,,Tiệm bánh,Món Việt,https://down-vn.img.susercontent.com/vn-11134513-7r98o-lstrijklr3r816@resize_ss640x400,https://www.foody.vn/da-nang/banh-mi-yen,/da-nang/banh-mi-yen/goi-mon
902874,Bún Bò 170 - Lê Duẩn,"170 Lê Duẩn, Quận Hải Châu, Đà Nẵng",Quận Hải Châu,Đà Nẵng,16.07058,108.214095,7.8,2,29,0,,,,Đang cập nhật,False,False,False,False,,Quán ăn,Món Miền Trung,https://down-vn.img.susercontent.com/vn-11134259-7r98o-lwfwueldcna370@resize_ss640x400,https://www.foody.vn/da-nang/bun-bo-170-le-duan,
18700,Gà Rán & Burger Lotteria - LOTTE Mart,"Tầng 1, LOTTE Mart, 6 Nại Nam, P. Hòa Cường Bắc, Quận Hải Châu, Đà Nẵng",Quận Hải Châu,Đà Nẵng,16.0351521,108.228966,7.402,148,716,0,,,,Đang cập nhật,True,False,False,False,,Nhà hàng,Món Hàn,https://down-vn.img.susercontent.com/vn-11134259-7r98o-lw8dnet3w72x4b@resize_ss640x400,https://www.foody.vn/da-nang/ga-ran-burger-lotteria-lotte-mart,/da-nang/ga-ran-burger-lotteria-lotte-mart/goi-mon
173102,Quán 50/50 - Bia Tươi & Nhậu Bình Dân,"3 Nguyễn Huy Tưởng, P. Hòa Minh, Quận Liên Chiểu, Đà Nẵng",Quận Liên Chiểu,Đà Nẵng,16.0560566988256,108.1690132990479,3.1,2,1,0,,,,Đang cập nhật,False,False,False,False,,Quán nhậu,Món Việt,https://down-vn.img.susercontent.com/vn-11134259-7r98o-lw8iyk5zuymz24@resize_ss640x400,https://www.foody.vn/da-nang/quan-50-50-bia-tuoi-nhau-binh-dan,
22468,Lẩu Bò Ba Duệ,"35 Cô Giang, P. Phước Ninh, Quận Hải Châu, Đà Nẵng",Quận Hải Châu,Đà Nẵng,16.06168,108.221725,6.706,36,167,0,,,,0905 090 605,False,False,False,False,,Quán ăn,Món Việt,https://down-vn.img.susercontent.com/vn-11134259-7r98o-lwf2t6otrrvd58@resize_ss640x400,https://www.foody.vn/da-nang/lau-bo-ba-due,/da-nang/lau-bo-ba-due/goi-mon
216484,Bê Thui Cầu Mống Quế Sơn,"23 Nguyễn Tri Phương, P. Thạc Gián, Quận Thanh Khê, Đà Nẵng",Quận Thanh Khê,Đà Nẵng,16.0579261,108.2066232,5.1,2,15,0,,,,(0236) 3 656 152,True,False,False,False,,Quán ăn,Món Quảng,https://down-vn.img.susercontent.com/vn-11134513-7r98o-lstwm98vfwd58f@resize_ss640x400,https://www.foody.vn/da-nang/be-thui-cau-mong-que-son,/da-nang/be-thui-cau-mong-que-son/goi-mon
685050,Cơm Tấm Gia Hân,"122 Nguyễn Hoàng, P. Nam Dương, Quận Hải Châu, Đà Nẵng",Quận Hải Châu,Đà Nẵng,16.062677,108.213952,7.016,12,52,0,,,,0905 932 678,True,False,False,False,,Quán ăn,Món Miền Nam,https://down-vn.img.susercontent.com/vn-11134513-7r98o-lsu10v8zjkbd8b@resize_ss640x400,https://www.foody.vn/da-nang/com-tam-gia-han,/da-nang/com-tam-gia-han/goi-mon
969128,Ốc Hút Bà Hạnh - Điện Phương,"31 Sư Vạn Hạnh, Quận Ngũ Hành Sơn, Đà Nẵng",Quận Ngũ Hành Sơn,Đà Nẵng,16.000071,108.258395,7.602,3,6,0,,,,Đang cập nhật,False,False,False,False,,Ăn vặt/vỉa hè,Món Miền Trung,https://down-vn.img.susercontent.com/vn-11134259-7r98o-lwakzmwla31592@resize_ss640x400,https://www.foody.vn/da-nang/oc-hut-ba-hanh-dien-phuong,/da-nang/oc-hut-ba-hanh-dien-phuong/goi-mon
937017,Ông Mẫn - Bánh Xôi Tiêu,"196 Hà Huy Giáp, Quận Cẩm Lệ, Đà Nẵng",Quận Cẩm Lệ,Đà Nẵng,16.035718,108.21078,6.32,5,32,0,,,,0763 782 783 - 0702 69 57 69,False,False,False,False,,Quán ăn,Món Việt,https://down-vn.img.susercontent.com/vn-11134513-7r98o-lsu80qp2flj85b@resize_ss640x400,https://www.foody.vn/da-nang/ong-man-banh-xoi-tieu,/da-nang/ong-man-banh-xoi-tieu/goi-mon
907356,"Bao Fam - Bánh Bao Kẹp, Cơm & Mỳ Miến","564 Trưng Nữ Vương, P. Hòa Thuận Tây, Quận Hải Châu, Đà Nẵng",Quận Hải Châu,Đà Nẵng,16.045347,108.209295,8.108,22,159,0,,,,Đang cập nhật,True,False,False,False,,Quán ăn,Đài Loan,https://down-vn.img.susercontent.com/vn-11134513-7r98o-lsu7fx49clg901@resize_ss640x400,https://www.foody.vn/da-nang/bao-fam-banh-bao-kep-com-my-mien,/da-nang/bao-fam-banh-bao-kep-com-my-mien/goi-mon
138582,Quán Nhậu Minh Phượng,"279 Yên Khê 2, P. Thanh Khê Tây, Quận Thanh Khê, Đà Nẵng",Quận Thanh Khê,Đà Nẵng,16.0686187,108.181015,8.18,10,102,0,,,,0906 091 916,True,False,False,False,,Quán nhậu,Món Miền Trung,https://down-vn.img.susercontent.com/vn-11134513-7r98o-lstu0ci4qz7oa2@resize_ss640x400,https://www.foody.vn/da-nang/quan-nhau-minh-phuong,/da-nang/quan-nhau-minh-phuong/goi-mon
101472,Bánh Bơ - Bà Huyện Thanh Quan,"56 Bà Huyện Thanh Quan, Quận Ngũ Hành Sơn, Đà Nẵng",Quận Ngũ Hành Sơn,Đà Nẵng,16.043491,108.244345,7.266,58,120,0,,,,Đang cập nhật,False,False,False,False,,Ăn vặt/vỉa hè,Món Việt,https://down-vn.img.susercontent.com/vn-11134513-7r98o-lstsp91ruaop4e@resize_ss640x400,https://www.foody.vn/da-nang/banh-bo-ba-huyen-thanh-quan,/da-nang/banh-bo-ba-huyen-thanh-quan/goi-mon
105485,Hải Sản Cổ Ký,"80 Hồ Hán Thương, P. Nại Hiên Đông, Quận Sơn Trà, Đà Nẵng",Quận Sơn Trà,Đà Nẵng,16.0937643,108.2308691,6.33,14,148,0,,,,Đang cập nhật,True,False,False,False,,Quán ăn,Món Quảng,https://down-vn.img.susercontent.com/vn-11134513-7r98o-lstsufuoh7kpc2@resize_ss640x400,https://www.foody.vn/da-nang/hai-san-co-ky,/da-nang/hai-san-co-ky/goi-mon
717137,Starbucks Coffee - Bạch Đằng,"Hilton Complex, 50 Bạch Đằng, P. Hải Châu 1, Quận Hải Châu, Đà Nẵng",Quận Hải Châu,Đà Nẵng,16.072854,108.224527,7.614,129,630,0,,,,Đang cập nhật,True,False,False,False,,Café/Dessert,Món Âu,https://down-vn.img.susercontent.com/vn-11134513-7r98o-lsu2an99vsuc17@resize_ss640x400,https://www.foody.vn/da-nang/starbucks-coffee-bach-dang,/da-nang/starbucks-coffee-bach-dang/goi-mon
277130,Cơm Gà Nam Chợ Mới - Hoàng Diệu,"589 Hoàng Diệu, P. Hòa Thuận Đông, Quận Hải Châu, Đà Nẵng",Quận Hải Châu,Đà Nẵng,16.0497361,108.2181121,5.726,24,93,0,,,,Đang cập nhật,True,False,False,False,,"Quán ăn,, Giao cơm văn phòng",Món Việt,https://down-vn.img.susercontent.com/vn-11134513-7r98o-lva6r4m1pox0fd@resize_ss640x400,https://www.foody.vn/da-nang/com-ga-nam-cho-moi-hoang-dieu,/da-nang/com-ga-nam-cho-moi-hoang-dieu/goi-mon
956955,Xôi Út Gạo 1975 - Bánh Mì Chảo,"76 Lý Thái Tổ, P. Thạc Gián, Quận Thanh Khê, Đà Nẵng",Quận Thanh Khê,Đà Nẵng,16.0664885,108.2084829,9.134,3,30,0,,,,Đang cập nhật,False,False,False,False,,Ăn vặt/vỉa hè,Món Việt,https://down-vn.img.susercontent.com/vn-11134513-7r98o-lsu8gwez5nesec@resize_ss640x400,https://www.foody.vn/da-nang/xoi-ut-gao-1975-banh-mi-chao,/da-nang/xoi-ut-gao-1975-banh-mi-chao/goi-mon
229405,Zé Food - Món Hàn Quốc,"218/3 Đống Đa, P. Thuận Phước, Quận Hải Châu, Đà Nẵng",Quận Hải Châu,Đà Nẵng,16.078216,108.216782,6.7,537,3117,0,,,,Đang cập nhật,True,False,False,False,,Quán ăn,Món Hàn,https://down-vn.img.susercontent.com/vn-11134513-7ras8-mb8hnui1ecoxc0@resize_ss640x400,https://www.foody.vn/da-nang/ze-food-yen-bai,/da-nang/ze-food-yen-bai/goi-mon
93625,Bánh Tráng Kẹp Bé Tý,"K195/01 Hà Huy Tập, Quận Thanh Khê, Đà Nẵng",Quận Thanh Khê,Đà Nẵng,16.069908,108.19169,7.138,39,230,0,,,,Đang cập nhật,False,False,False,False,,Ăn vặt/vỉa hè,Món Quảng,https://down-vn.img.susercontent.com/vn-11134513-7r98o-lstshybkb8nt4a@resize_ss640x400,https://www.foody.vn/da-nang/banh-trang-kep-ba-ty,/da-nang/banh-trang-kep-ba-ty/goi-mon
654972,Tiến Thành - Nhậu Bình Dân,"3 Thái Phiên, Quận Hải Châu, Đà Nẵng",Quận Hải Châu,Đà Nẵng,16.064877,108.223713,8.666,3,7,0,,,,Đang cập nhật,False,False,False,False,,Quán nhậu,,https://down-vn.img.susercontent.com/vn-11134259-7r98o-lwfja2fptkgrc8@resize_ss640x400,https://www.foody.vn/da-nang/tien-thanh-nhau-binh-dan,
239341,Bánh Tráng Kẹp Cô Hồng,"732 Nguyễn Lương Bằng, Quận Liên Chiểu, Đà Nẵng",Quận Liên Chiểu,Đà Nẵng,16.1090845313522,108.1305651831942,7.55,4,24,0,,,,Đang cập nhật,False,False,False,False,,Ăn vặt/vỉa hè,Món Quảng,https://down-vn.img.susercontent.com/vn-11134259-7r98o-lwbp5wcnucpl0e@resize_ss640x400,https://www.foody.vn/da-nang/banh-trang-kep-co-hong,
93754,Xôi Bà Bé,"K47/18 Lý Thái Tổ, P. Thạc Gián, Quận Thanh Khê, Đà Nẵng",Quận Thanh Khê,Đà Nẵng,16.0654457,108.2089727,7.708,78,231,0,,,,Đang cập nhật,False,False,False,False,,Ăn vặt/vỉa hè,Món Quảng,https://down-vn.img.susercontent.com/vn-11134513-7r98o-lstsivtfalz863@resize_ss640x400,https://www.foody.vn/da-nang/xoi-ba-be,/da-nang/xoi-ba-be/goi-mon
8095,Cao Lầu Hoài Phố,"255 Nguyễn Chí Thanh, P. Phước Ninh, Quận Hải Châu, Đà Nẵng",Quận Hải Châu,Đà Nẵng,16.065903,108.220798,6.9,12,46,0,,,,Đang cập nhật,True,False,False,False,,Quán ăn,Món Quảng,https://down-vn.img.susercontent.com/vn-11134513-7r98o-lstq4vaqob7o63@resize_ss640x400,https://www.foody.vn/da-nang/cao-lau-hoai-pho,/da-nang/cao-lau-hoai-pho/goi-mon
1000027090,TeeBoo’s Food - Cao Lầu - Trần Tấn Mới,"114 Trần Tấn Mới, P. Hòa Thuận Tây, Quận Hải Châu, Đà Nẵng",Quận Hải Châu,Đà Nẵng,16.0405036,108.20889,9.0,1,0,0,,,,Đang cập nhật,True,False,False,False,,"Quán ăn,, Shop Online",Món Miền Trung,https://down-vn.img.susercontent.com/vn-11134513-7r98o-lsvecc60vh5l8f@resize_ss640x400,https://www.foody.vn/da-nang/teeboo-s-food-cao-lau-tran-tan-moi.obapkg,/da-nang/teeboo-s-food-cao-lau-tran-tan-moi.obapkg/goi-mon
661320,Cao Lầu Phố Hội,"163 Phan Đăng Lưu, P. Hoà Cường Bắc, Quận Hải Châu, Đà Nẵng",Quận Hải Châu,Đà Nẵng,16.0357763,108.2149851,8.62,21,77,0,,,,Đang cập nhật,True,False,False,False,,Quán ăn,Món Quảng,https://down-vn.img.susercontent.com/vn-11134513-7r98o-lsu04dqsz0d595@resize_ss640x400,https://www.foody.vn/da-nang/cao-lau-pho-hoi,/da-nang/cao-lau-pho-hoi/goi-mon
269438,Pizza 4P's - Pizza Kiểu Nhật - Hoàng Văn Thụ,"8 Hoàng Văn Thụ, Quận Hải Châu, Đà Nẵng",Quận Hải Châu,Đà Nẵng,16.062684,108.222789,8.28,141,1041,0,,,,Đang cập nhật,True,False,False,False,,Nhà hàng,Ý,https://down-vn.img.susercontent.com/vn-11134513-7r98o-lstxtkkdkdy103@resize_ss640x400,https://www.foody.vn/da-nang/pizza-4p-s-pizza-kieu-nhat-hoang-van-thu,/da-nang/pizza-4p-s-pizza-kieu-nhat-hoang-van-thu/goi-mon
666656,Lẩu Bò Học,"386 Đường 2 Tháng 9, P. Hoà Cường Bắc, Quận Hải Châu, Đà Nẵng",Quận Hải Châu,Đà Nẵng,16.0383758,108.2233573,7.828,7,21,0,,,,Đang cập nhật,False,False,False,False,,Quán ăn,Món Miền Trung,https://down-vn.img.susercontent.com/vn-11134513-7r98o-lsu0c0pclord16@resize_ss640x400,https://www.foody.vn/da-nang/lau-bo-hoc,/da-nang/lau-bo-hoc/goi-mon
141526,Bánh Bèo Bà Thiên,"15 Phạm Hồng Thái, Quận Hải Châu, Đà Nẵng",Quận Hải Châu,Đà Nẵng,16.067542,108.22156,8.2,1,7,0,,,,Đang cập nhật,False,False,False,False,,Ăn vặt/vỉa hè,Món Miền Trung,https://down-vn.img.susercontent.com/vn-11134259-7r98o-lwaevbwnewgpc5@resize_ss640x400,https://www.foody.vn/da-nang/banh-beo-ba-thien,
10046,Dạ Bến Bờ 1 - Ẩm Thực Đồng Quê,"313 Chương Dương, P. Mỹ An, Quận Ngũ Hành Sơn, Đà Nẵng",Quận Ngũ Hành Sơn,Đà Nẵng,16.037066,108.237593,5.78,23,129,0,,,,Đang cập nhật,True,False,False,False,,Quán ăn,Món Việt,https://down-vn.img.susercontent.com/vn-11134513-7r98o-lstq7z0b789l28@resize_ss640x400,https://www.foody.vn/da-nang/da-ben-bo-1-am-thuc-dong-que,/da-nang/da-ben-bo-1-am-thuc-dong-que/goi-mon
996978,Quán Thanh - Phở Việt,"67 Đống Đa , Quận Hải Châu, Đà Nẵng",Quận Hải Châu,Đà Nẵng,16.080226,108.218415,8.35,4,33,0,,,,Đang cập nhật,True,False,False,False,,Quán ăn,Món Việt,https://down-vn.img.susercontent.com/vn-11134259-7r98o-lwgampor0tzt40@resize_ss640x400,https://www.foody.vn/da-nang/quan-thanh-pho-viet,
172934,Nhà Quê - Gà 3 Món,"141 Nguyễn Đình Tứ, P. Hòa An, Quận Cẩm Lệ, Đà Nẵng",Quận Cẩm Lệ,Đà Nẵng,16.048885,108.172917,10.0,1,14,0,,,,Đang cập nhật,True,False,False,False,,Quán nhậu,Món Việt,https://down-vn.img.susercontent.com/vn-11134513-7r98o-lstv6319z4xw68@resize_ss640x400,https://www.foody.vn/da-nang/nha-que-ga-3-mon,/da-nang/nha-que-ga-3-mon/goi-mon
191250,Quán Bà Hoa - Bánh Xèo & Bún,"270 Bế Văn Đàn, P. Hòa Khê, Quận Thanh Khê, Đà Nẵng",Quận Thanh Khê,Đà Nẵng,16.0653335,108.1925587,7.0,2,8,0,,,,Đang cập nhật,True,False,False,False,,Quán ăn,Món Việt,https://down-vn.img.susercontent.com/vn-11134513-7r98o-lstvstkk5c490e@resize_ss640x400,https://www.foody.vn/da-nang/quan-ba-hoa-banh-xeo-bun,/da-nang/quan-ba-hoa-banh-xeo-bun/goi-mon
135494,"Bánh Cá, Ăn Vặt & Trà Sữa Sóc Nâu - Hoàng Diệu","467 Hoàng Diệu, P. Bình Thuận, Quận Hải Châu, Đà Nẵng",Quận Hải Châu,Đà Nẵng,16.053753,108.217505,7.264,87,323,0,,,,Đang cập nhật,False,False,False,False,,Ăn vặt/vỉa hè,Món Nhật,https://down-vn.img.susercontent.com/vn-11134513-7r98o-lsttvvj0cudg34@resize_ss640x400,https://www.foody.vn/da-nang/banh-ca-taiyaki-soc-nau-hoang-dieu,/da-nang/banh-ca-taiyaki-soc-nau-hoang-dieu/goi-mon
1048625,Khói - Craft Beer & Food,"1 Giang Châu 2, P. Khuê Mỹ, Quận Ngũ Hành Sơn, Đà Nẵng",Quận Ngũ Hành Sơn,Đà Nẵng,16.030034,108.23795,9.3,2,222,0,,,,Đang cập nhật,False,False,False,False,,Nhà hàng,Món Việt,https://down-vn.img.susercontent.com/vn-11134513-7r98o-lsv1ok068ec907@resize_ss640x400,https://www.foody.vn/da-nang/khoi-craft-beer-food,/da-nang/khoi-craft-beer-food/goi-mon
5699,Bánh Tráng Thịt Heo Bà Hường - Duy Tân,"126 Duy Tân, Quận Hải Châu, Đà Nẵng",Quận Hải Châu,Đà Nẵng,16.051139,108.208057,7.464,51,220,0,,,,Đang cập nhật,True,False,False,False,,Nhà hàng,Món Miền Trung,https://down-vn.img.susercontent.com/vn-11134513-7r98o-lstq0tbkamkkd2@resize_ss640x400,https://www.foody.vn/da-nang/banh-trang-thit-heo-ba-huong-ham-nghi,/da-nang/banh-trang-thit-heo-ba-huong-ham-nghi/goi-mon
1028437,Bánh Mì Thẻo Thẻo,"191 Trưng Nữ Vương, P. Hòa Thuận Đông, Quận Hải Châu, Đà Nẵng",Quận Hải Châu,Đà Nẵng,16.054151,108.219615,1.0,1,0,0,,,,Đang cập nhật,True,False,False,False,,Ăn vặt/vỉa hè,Món Việt,https://down-vn.img.susercontent.com/vn-11134513-7r98o-lsuabc575h381d@resize_ss640x400,https://www.foody.vn/da-nang/banh-mi-theo-theo,/da-nang/banh-mi-theo-theo/goi-mon
889823,Cơm Gà Bà Thu - Nguyễn Tri Phương,"340A Nguyễn Tri Phương, P. vĩnh Trung, Quận Thanh Khê, Đà Nẵng",Quận Thanh Khê,Đà Nẵng,16.056057,108.208898,5.0,2,16,0,,,,0966933023,True,False,False,False,,Quán ăn,Món Việt,https://down-vn.img.susercontent.com/vn-11134513-7r98o-lsu70icx68ck77@resize_ss640x400,https://www.foody.vn/da-nang/com-ga-ba-thu-nguyen-tri-phuong,/da-nang/com-ga-ba-thu-nguyen-tri-phuong/goi-mon
264609,New 62 Restaurant - Hải Sản Tươi Sống,"07 Tản Đà, P. Thạc Gián, Quận Thanh Khê, Đà Nẵng",Quận Thanh Khê,Đà Nẵng,16.0627061,108.2094038,6.806,22,147,0,,,,Đang cập nhật,True,False,False,False,,Nhà hàng,Món Việt,https://down-vn.img.susercontent.com/vn-11134513-7r98o-lstxt5880edg78@resize_ss640x400,https://www.foody.vn/da-nang/new-62-restaurant-hai-san-tuoi-song,/da-nang/new-62-restaurant-hai-san-tuoi-song/goi-mon
859720,Edo Sushi - Ngô Thì Nhậm,"64 Ngô Thì Nhậm, Quận Liên Chiểu, Đà Nẵng",Quận Liên Chiểu,Đà Nẵng,16.071491,108.156437,7.866,3,0,0,,,,Đang cập nhật,False,False,False,False,,Quán ăn,Món Nhật,https://down-vn.img.susercontent.com/vn-11134259-7r98o-lw9xkfbszp3v81@resize_ss640x400,https://www.foody.vn/da-nang/edo-sushi-ngo-thi-nham,
697021,Quán Cô Hồng - Đặc Sản Đà Nẵng - Lê Hồng Phong,"38 Lê Hồng Phong, P. Phước Ninh, Quận Hải Châu, Đà Nẵng",Quận Hải Châu,Đà Nẵng,16.0640248,108.2219189,7.684,24,61,0,,,,Đang cập nhật,True,False,False,False,,Quán ăn,Món Việt,https://down-vn.img.susercontent.com/vn-11134513-7r98o-lsu1ho26h4ucf8@resize_ss640x400,https://www.foody.vn/da-nang/quan-co-hong-dac-san-da-nang-le-hong-phong,/da-nang/quan-co-hong-dac-san-da-nang-le-hong-phong/goi-mon
97599,On The Radio Pub,"35 Thái Phiên, Quận Hải Châu, Đà Nẵng",Quận Hải Châu,Đà Nẵng,16.064756,108.222534,7.72,82,389,0,,,,0905 225 797,False,False,False,False,,Bar/Pub,Món Việt,https://down-vn.img.susercontent.com/vn-11134259-7r98o-lwia0g1vdvbt8e@resize_ss640x400,https://www.foody.vn/da-nang/on-the-radio-pub,
164048,The Light Cafe,"252 Nguyễn Lương Bằng, P. Hòa Khánh Bắc, Quận Liên Chiểu, Đà Nẵng",Quận Liên Chiểu,Đà Nẵng,16.081671,108.146464,5.9,4,21,0,,,,Đang cập nhật,True,False,False,False,,Café/Dessert,Món Việt,https://down-vn.img.susercontent.com/vn-11134513-7r98o-lstuvh9mnau1a4@resize_ss640x400,https://www.foody.vn/da-nang/the-light-cafe,/da-nang/the-light-cafe/goi-mon
279158,Cháo Chờ Nhàn ,"22 Phan Văn Định, Quận Liên Chiểu, Đà Nẵng",Quận Liên Chiểu,Đà Nẵng,16.089457,108.14695,7.398,3,13,0,,,,Đang cập nhật,False,False,False,False,,Quán ăn,Món Việt,https://down-vn.img.susercontent.com/vn-11134259-7r98o-lwe10oov53vf14@resize_ss640x400,https://www.foody.vn/da-nang/chao-cho-nhan,
639931,Bún Chả Cá Bà Lý,"707 Trần Cao Vân, P. Thanh Khê Đông, Quận Thanh Khê, Đà Nẵng",Quận Thanh Khê,Đà Nẵng,16.0687259,108.1834675,10.0,3,17,0,,,,Đang cập nhật,False,False,False,False,,Quán ăn,Món Việt,https://down-vn.img.susercontent.com/vn-11134513-7r98o-lstzc9hgaimc4d@resize_ss640x400,https://www.foody.vn/da-nang/bun-cha-ca-ba-ly,/da-nang/bun-cha-ca-ba-ly/goi-mon
45105,Phở Hồng,"10 Lý Tự Trọng, P. Thạch Thang, Quận Hải Châu, Đà Nẵng",Quận Hải Châu,Đà Nẵng,16.077635,108.221877,4.914,7,21,0,,,,Đang cập nhật,True,False,False,False,,Quán ăn,Món Bắc,https://down-vn.img.susercontent.com/vn-11134513-7r98o-lstrmt1h64ecc9@resize_ss640x400,https://www.foody.vn/da-nang/pho-hong,/da-nang/pho-hong/goi-mon
851746,Mini Tea - Trà Sữa & Ăn Vặt,"111 Đặng Dung, Quận Liên Chiểu, Đà Nẵng",Quận Liên Chiểu,Đà Nẵng,16.06799,108.151421,8.24,5,62,0,,,,Đang cập nhật,False,False,False,False,,"Ăn vặt/vỉa hè,, Café/Dessert",Món Việt,https://down-vn.img.susercontent.com/vn-11134513-7r98o-lsu61aty1n0kc4@resize_ss640x400,https://www.foody.vn/da-nang/mini-tea-tra-sua-an-vat,/da-nang/mini-tea-tra-sua-an-vat/goi-mon
649191,Roma Pizza,"Số 36 Ngô Thì Nhậm, Quận Liên Chiểu, Đà Nẵng",Quận Liên Chiểu,Đà Nẵng,16.069813,108.152985,7.836,35,222,0,,,,0905 854 435,True,False,False,False,,Nhà hàng,Ý,https://down-vn.img.susercontent.com/vn-11134513-7r98o-lstzoip6mll0e7@resize_ss640x400,https://www.foody.vn/da-nang/roma-pizza,/da-nang/roma-pizza/goi-mon
209196,Kiên Vũ Cafe,"8 Ngô Văn Sở, Hòa Khánh Bắc, Quận Liên Chiểu, Đà Nẵng",Quận Liên Chiểu,Đà Nẵng,16.0690501787738,108.1510267406702,4.5,2,8,0,,,,Đang cập nhật,True,False,False,False,,Café/Dessert,Món Việt,https://down-vn.img.susercontent.com/vn-11134259-7r98o-lwhxauy3p8ez4b@resize_ss640x400,https://www.foody.vn/da-nang/kien-vu-cafe,
117236,Lão Đại Seafood,"A2 - 1 Võ Văn Kiệt, Quận Sơn Trà, Đà Nẵng",Quận Sơn Trà,Đà Nẵng,16.061975,108.235355,7.574,145,564,0,,,,Đang cập nhật,True,False,False,False,,Nhà hàng,Món Miền Trung,https://down-vn.img.susercontent.com/vn-11134513-7r98o-lstt8cihtjgkbb@resize_ss640x400,https://www.foody.vn/da-nang/lao-dai-beer,/da-nang/lao-dai-beer/goi-mon
310670,Quán Chay Liên Hương,"204/7 Hải Phòng, Quận Thanh Khê, Đà Nẵng",Quận Thanh Khê,Đà Nẵng,16.070942,108.209062,10.0,2,11,0,,,,0906 877 626,True,False,False,False,,Ăn chay,Món Việt,https://down-vn.img.susercontent.com/vn-11134513-7r98o-lstylyage9qc03@resize_ss640x400,https://www.foody.vn/da-nang/quan-chay-lien-huong,/da-nang/quan-chay-lien-huong/goi-mon
986724,Tiệm Cơm Bếp Nhà Quê,"587 Núi Thành, P. Hoà Cường Nam, Quận Hải Châu, Đà Nẵng",Quận Hải Châu,Đà Nẵng,16.0303139,108.222843,8.762,16,92,0,,,,0905895957,True,False,False,False,,Quán ăn,Món Việt,https://down-vn.img.susercontent.com/vn-11134513-7r98o-lsu91wgase5516@resize_ss640x400,https://www.foody.vn/da-nang/tiem-com-bep-nha-que,/da-nang/tiem-com-bep-nha-que/goi-mon
902120,Quán Mì A Chúng - Phạm Hồng Thái,"35 Phạm Hồng Thái, Quận Hải Châu, Đà Nẵng",Quận Hải Châu,Đà Nẵng,16.067556,108.221325,7.4,3,6,0,,,,02363843080,True,False,False,False,,Quán ăn,Tây Nguyên,https://down-vn.img.susercontent.com/vn-11134513-7r98o-lsu7bn34r7wkb3@resize_ss640x400,https://www.foody.vn/da-nang/quan-mi-a-chung-pham-hong-thai,/da-nang/quan-mi-a-chung-pham-hong-thai/goi-mon
134611,Hải Sản Nghêu,"01 Bàu Hạc 1, Quận Thanh Khê, Đà Nẵng",Quận Thanh Khê,Đà Nẵng,16.0643025,108.2141576,7.472,14,68,0,,,,0905 201 783,False,False,False,False,,Quán ăn,Món Việt,https://down-vn.img.susercontent.com/vn-11134513-7r98o-lsttuud2s5g9f7@resize_ss640x400,https://www.foody.vn/da-nang/hai-san-ngheu,/da-nang/hai-san-ngheu/goi-mon
212791,Quán Hải - Phở & Mì Xíu,"10 Lý Thái Tổ, Quận Thanh Khê, Đà Nẵng",Quận Thanh Khê,Đà Nẵng,16.066493,108.209947,7.0,1,5,0,,,,Đang cập nhật,True,False,False,False,,Ăn vặt/vỉa hè,Món Việt,https://down-vn.img.susercontent.com/vn-11134259-7r98o-lwh97b11tx3v62@resize_ss640x400,https://www.foody.vn/da-nang/quan-hai-pho-mi-xiu,
119214,Bánh Mì & Bánh Bao Ba Hưng Bakery - 16 Phan Đăng Lưu,"16 Phan Đăng Lưu, P. Hòa Cường Bắc, Quận Hải Châu, Đà Nẵng",Quận Hải Châu,Đà Nẵng,16.037554,108.221861,5.526,11,24,0,,,,(0236) 3 799 319 ,True,False,False,False,,Tiệm bánh,Món Việt,https://down-vn.img.susercontent.com/vn-11134513-7r98o-lsttbn5s70yhfd@resize_ss640x400,https://www.foody.vn/da-nang/banh-mi-banh-bao-ba-hung-bakery-16-phan-dang-luu,/da-nang/banh-mi-banh-bao-ba-hung-bakery-16-phan-dang-luu/goi-mon
738122,Cháo Dinh Dưỡng For You - Quang Trung,"194 - 196 Quang Trung, P. Thanh Bình, Quận Hải Châu, Đà Nẵng",Quận Hải Châu,Đà Nẵng,16.073471,108.213225,1.0,1,2,0,,,,0961 733 733,True,False,False,False,,Quán ăn,Món Việt,https://down-vn.img.susercontent.com/vn-11134513-7r98o-lsu38f08s538aa@resize_ss640x400,https://www.foody.vn/da-nang/chao-dinh-duong-for-you,/da-nang/chao-dinh-duong-for-you/goi-mon
32888,Bún Riêu Cua 8 - Yên Bái,"10/15 Yên Bái (Vào Kiệt Rẽ Tay Trái), Quận Hải Châu, Đà Nẵng",Quận Hải Châu,Đà Nẵng,16.071481,108.222665,7.8,9,30,0,,,,Đang cập nhật,False,False,False,False,,Quán ăn,Món Việt,https://down-vn.img.susercontent.com/vn-11134513-7r98o-lstr665nkb6hbc@resize_ss640x400,https://www.foody.vn/da-nang/bun-rieu-cua-8-yen-bai,/da-nang/bun-rieu-cua-8-yen-bai/goi-mon
1027669,Cơm Gà An Hoàng,"19 Đống Đa, P. Thuận Phước, Quận Hải Châu, Đà Nẵng",Quận Hải Châu,Đà Nẵng,16.0820829,108.2199241,10.0,1,0,0,,,,Đang cập nhật,True,False,False,False,,Quán ăn,Món Việt,https://down-vn.img.susercontent.com/vn-11134513-7r98o-lsuaalbwe2mc23@resize_ss640x400,https://www.foody.vn/da-nang/com-ga-an-hoang,/da-nang/com-ga-an-hoang/goi-mon
217949,Bánh Gato Bà Thêm,"75/7 Lý Tự Trọng, Quận Hải Châu, Đà Nẵng",Quận Hải Châu,Đà Nẵng,16.07679,108.216253,6.834,12,36,0,,,,Đang cập nhật,True,False,False,False,,Tiệm bánh,Món Việt,https://down-vn.img.susercontent.com/vn-11134513-7r98o-lstwnpp0otqxd8@resize_ss640x400,https://www.foody.vn/da-nang/banh-gato-ba-them,/da-nang/banh-gato-ba-them/goi-mon
800041,Trà Sữa Pozaa Tea - Điện Biên Phủ,"82 Điện Biên Phủ, P. Chính Gián, Quận Thanh Khê, Đà Nẵng",Quận Thanh Khê,Đà Nẵng,16.066086,108.2003383,6.52,46,114,0,,,,Đang cập nhật,True,False,False,False,,Café/Dessert,Đài Loan,https://down-vn.img.susercontent.com/vn-11134513-7r98o-lsu5tddhrzbt24@resize_ss640x400,https://www.foody.vn/da-nang/tra-sua-pozaa-tea-dien-bien-phu,/da-nang/tra-sua-pozaa-tea-dien-bien-phu/goi-mon
1000000127,Xôi Chiên - Mì Trộn Tô Tô & Bánh Cuốn Tây Sơn,"192 Hoài Thanh, P. Mỹ An, Quận Ngũ Hành Sơn, Đà Nẵng",Quận Ngũ Hành Sơn,Đà Nẵng,16.038717,108.2408637,8.948,12,39,0,,,,Đang cập nhật,True,False,False,False,,Shop Online,Món Việt,https://down-vn.img.susercontent.com/vn-11134513-7r98o-lsvdqo8u71dw1a@resize_ss640x400,https://www.foody.vn/da-nang/xoi-chien-mi-tron-to-to-banh-cuon-tay-son,/da-nang/xoi-chien-mi-tron-to-to-banh-cuon-tay-son/goi-mon
15941,Mì Quảng Bà Ngân 3,"Lô 22 Phan Thành Tài, P. Bình Thuận, Quận Hải Châu, Đà Nẵng",Quận Hải Châu,Đà Nẵng,16.0540988,108.2205726,6.738,23,52,0,,,,Đang cập nhật,True,False,False,False,,Quán ăn,Món Quảng,https://down-vn.img.susercontent.com/vn-11134513-7r98o-lstqgshcm7q1cc@resize_ss640x400,https://www.foody.vn/da-nang/mi-quang-ba-ngan-3,/da-nang/mi-quang-ba-ngan-3/goi-mon
162854,Quán Cháo Mai Lộc,"168 Huỳnh Ngọc Huệ, P. Hòa Khê, Quận Thanh Khê, Đà Nẵng",Quận Thanh Khê,Đà Nẵng,16.05562,108.187757,9.3,2,1,0,,,,Đang cập nhật,False,False,False,False,,Quán ăn,Món Miền Trung,https://down-vn.img.susercontent.com/vn-11134513-7r98o-lstuudze4v4pad@resize_ss640x400,https://www.foody.vn/da-nang/quan-chao-mai-loc,/da-nang/quan-chao-mai-loc/goi-mon
1011759,Hawa's Food - Gà Rán Hàn Quốc - Shop Online,"94 Lê Thanh Nghị, P. Hòa Cường Bắc, Quận Hải Châu, Đà Nẵng",Quận Hải Châu,Đà Nẵng,16.041782,108.217656,8.766,12,41,0,,,,0935565759,False,False,False,False,,Shop Online,Món Hàn,https://down-vn.img.susercontent.com/vn-11134259-7r98o-lwe263rz48gp32@resize_ss640x400,https://www.foody.vn/da-nang/hawa-s-food-ga-ran-han-quoc-shop-online,
235667,Bánh Mì Chay - Trần Tống,"9 Trần Tống (Gần Giao Lộ Trần Tống - Lê Đình Lý), P. Thạc Gián, Quận Thanh Khê, Đà Nẵng",Quận Thanh Khê,Đà Nẵng,16.05861,108.211202,8.286,14,42,0,,,,Đang cập nhật,False,False,False,False,,Ăn vặt/vỉa hè,Món Việt,https://down-vn.img.susercontent.com/vn-11134513-7r98o-lstx8bet9zgk1b@resize_ss640x400,https://www.foody.vn/da-nang/banh-mi-chay,/da-nang/banh-mi-chay/goi-mon
206834,Quán Tý - Bún Chả Cá,"156 Nguyễn Duy Hiệu, P. An Hải Đông, Quận Sơn Trà, Đà Nẵng",Quận Sơn Trà,Đà Nẵng,16.0563089793302,108.2413950562477,8.7,2,1,0,,,,Đang cập nhật,False,False,False,False,,Quán ăn,Món Việt,https://down-vn.img.susercontent.com/vn-11134259-7r98o-lwayl2psux21c1@resize_ss640x400,https://www.foody.vn/da-nang/quan-ty-bun-cha-ca,
1000000254,Xôi Cô Hai,"63 Đặng Vũ Hỷ, P. Phước Mỹ, Quận Sơn Trà, Đà Nẵng",Quận Sơn Trà,Đà Nẵng,16.059468,108.240085,7.64,5,6,0,,,,Đang cập nhật,False,False,False,False,,Ăn vặt/vỉa hè,Món Việt,https://down-vn.img.susercontent.com/vn-11134513-7r98o-lsvdse0psntlcc@resize_ss640x400,https://www.foody.vn/da-nang/xoi-co-hai,/da-nang/xoi-co-hai/goi-mon
250558,Family Indian Restaurant - Nguyễn Công Trứ,"K231/39 Nguyễn Công Trứ, Quận Sơn Trà, Đà Nẵng",Quận Sơn Trà,Đà Nẵng,16.065077,108.241755,7.694,17,190,0,,,,0942 605 254,True,False,False,False,,Quán ăn,Món Ấn Độ,https://down-vn.img.susercontent.com/vn-11134513-7r98o-lstxjjyxakskd9@resize_ss640x400,https://www.foody.vn/da-nang/quan-an-an-do-family-indian-restaurant-2,/da-nang/quan-an-an-do-family-indian-restaurant-2/goi-mon
1076765,Bún Mắm Sơn Dương - An Trung Đông 7,"105 An Trung Đông 7, P. An Hải Đông, Quận Sơn Trà, Đà Nẵng",Quận Sơn Trà,Đà Nẵng,16.0601515,108.2377796,7.5,2,1,0,,,,Đang cập nhật,True,False,False,False,,Quán ăn,,https://down-vn.img.susercontent.com/vn-11134513-7r98o-lsv402l4gq6xbc@resize_ss640x400,https://www.foody.vn/da-nang/bun-mam-son-duong-an-trung-dong-7,/da-nang/bun-mam-son-duong-an-trung-dong-7/goi-mon
669530,Bánh Xèo Cô Phụng - 10 Huỳnh Ngọc Huệ,"10 Huỳnh Ngọc Huệ (số mới), P. Hòa Khê, Quận Thanh Khê, Đà Nẵng",Quận Thanh Khê,Đà Nẵng,16.064601,108.183678,10.0,2,5,0,,,,Đang cập nhật,True,False,False,False,,Quán ăn,Món Miền Trung,https://down-vn.img.susercontent.com/vn-11134513-7r98o-lsu0fxq48gck24@resize_ss640x400,https://www.foody.vn/da-nang/banh-xeo-co-phung-10-huynh-ngoc-hue,/da-nang/banh-xeo-co-phung-10-huynh-ngoc-hue/goi-mon
6758,Lẩu Bò Lan - Trần Phú,"255 Trần Phú, P. Phước Ninh, Quận Hải Châu, Đà Nẵng",Quận Hải Châu,Đà Nẵng,16.0628924,108.2234579,6.316,53,182,0,,,,Đang cập nhật,False,False,False,False,,Quán ăn,Món Việt,https://down-vn.img.susercontent.com/vn-11134513-7r98o-lstq2qrio8uc45@resize_ss640x400,https://www.foody.vn/da-nang/lau-bo-lan-tran-phu,/da-nang/lau-bo-lan-tran-phu/goi-mon
185027,Cơm Tấm Thanh Huyền,"189 Lê Đại Hành, Quận Cẩm Lệ, Đà Nẵng",Quận Cẩm Lệ,Đà Nẵng,16.0229301057889,108.2033958658576,6.0,2,1,0,,,,0905 456 372,True,False,False,False,,Quán ăn,Món Miền Trung,https://down-vn.img.susercontent.com/vn-11134259-7r98o-lwaifz87yh230a@resize_ss640x400,https://www.foody.vn/da-nang/com-tam-thanh-huyen,
12250,Quán 48 - Cháo Gà & Vịt,"48 Trưng Nữ Vương, Quận Hải Châu, Đà Nẵng",Quận Hải Châu,Đà Nẵng,16.059836,108.222279,6.448,81,262,0,,,,Đang cập nhật,True,False,False,False,,Quán ăn,Món Việt,https://down-vn.img.susercontent.com/vn-11134513-7r98o-lstqb932erh569@resize_ss640x400,https://www.foody.vn/da-nang/quan-48-chao-ga-vit,/da-nang/quan-48-chao-ga-vit/goi-mon
172800,Cô Phương - Bò Khô & Gan Rim,"K586/38 Ông Ích Khiêm, P. Nam Dương, Quận Hải Châu, Đà Nẵng",Quận Hải Châu,Đà Nẵng,16.062055,108.21617,7.312,16,70,0,,,,Đang cập nhật,False,False,False,False,,Ăn vặt/vỉa hè,Món Quảng,https://down-vn.img.susercontent.com/vn-11134513-7r98o-lstv77tw9znoaf@resize_ss640x400,https://www.foody.vn/da-nang/co-phuong-bo-kho-gan-rim,/da-nang/co-phuong-bo-kho-gan-rim/goi-mon
311454,Babylon Steak Garden Restaurant - Võ Nguyên Giáp,"422 Võ Nguyên Giáp, Quận Ngũ Hành Sơn, Đà Nẵng",Quận Ngũ Hành Sơn,Đà Nẵng,16.0417967,108.2484097,7.95,4,37,0,,,,Đang cập nhật,True,False,False,False,,Nhà hàng,"Món Hàn,, Món Thái",https://down-vn.img.susercontent.com/vn-11134513-7r98o-lstymg1qg62s5c@resize_ss640x400,https://www.foody.vn/da-nang/babylon-steak-garden-restaurant-vo-nguyen-giap,/da-nang/babylon-steak-garden-restaurant-vo-nguyen-giap/goi-mon
8088,Bún Chả Cá Bà Lữ,"319 Hùng Vương, P. Vĩnh Trung, Quận Thanh Khê, Đà Nẵng",Quận Thanh Khê,Đà Nẵng,16.0673928,108.211587,7.43,132,383,0,,,,0935 585 652,True,False,False,False,,Quán ăn,Món Huế,https://down-vn.img.susercontent.com/vn-11134513-7r98o-lstq53a6znpgec@resize_ss640x400,https://www.foody.vn/da-nang/bun-cha-ca-ba-lu,/da-nang/bun-cha-ca-ba-lu/goi-mon
1074470,Bún Chả Cá Phương Trị,"52 Trưng Nữ Vương, P. Bình Hiên, Quận Hải Châu, Đà Nẵng",Quận Hải Châu,Đà Nẵng,16.059926,108.221939,8.466,6,0,0,,,,Đang cập nhật,True,False,False,False,,Quán ăn,,https://down-vn.img.susercontent.com/vn-11134513-7r98o-lsv3wu5gupj8dc@resize_ss640x400,https://www.foody.vn/da-nang/bun-cha-ca-phuong-tri,/da-nang/bun-cha-ca-phuong-tri/goi-mon
88717,Chè Nóng - Phan Châu Trinh,"255 Phan Châu Trinh, P. Bình Hiên, Quận Hải Châu, Đà Nẵng",Quận Hải Châu,Đà Nẵng,16.057842,108.218918,7.342,31,77,0,,,,Đang cập nhật,False,False,False,False,,Ăn vặt/vỉa hè,Món Việt,https://down-vn.img.susercontent.com/vn-11134513-7r98o-lstsduyfyn4pf1@resize_ss640x400,https://www.foody.vn/da-nang/che-nong-phan-chau-trinh,/da-nang/che-nong-phan-chau-trinh/goi-mon
152604,Da Heo Chiên Lyly - Shop Online,"294 Nguyễn Hoàng, Quận Hải Châu, Đà Nẵng",Quận Hải Châu,Đà Nẵng,16.064337,108.192354,7.168,12,34,0,,,,0905 276 710,True,False,False,False,,Shop Online,Món Việt,https://down-vn.img.susercontent.com/vn-11134259-7r98o-lw8sdxs6uvvd9e@resize_ss640x400,https://www.foody.vn/da-nang/da-heo-chien-lyly-shop-online,
294907,Ăn Vặt 3Colu - Hà Huy Tập,"52 Hà Huy Tập, P. Xuân Hà, Quận Thanh Khê, Đà Nẵng",Quận Thanh Khê,Đà Nẵng,16.068465,108.192016,7.126,81,583,0,,,,Đang cập nhật,False,False,False,False,,Ăn vặt/vỉa hè,Món Việt,https://down-vn.img.susercontent.com/vn-11134513-7r98o-lstycz07hfo940@resize_ss640x400,https://www.foody.vn/da-nang/an-vat-3colu-ha-huy-tap,/da-nang/an-vat-3colu-ha-huy-tap/goi-mon
92000,Phố Cổ Hà Nội - Nem Chua Rán Số 1 - Ông Ích Đường,"61 Ông Ích Đường, P. Hòa Thọ Đông, Quận Cẩm Lệ, Đà Nẵng",Quận Cẩm Lệ,Đà Nẵng,16.0207671,108.2029248,7.338,49,96,0,,,,Đang cập nhật,False,False,False,False,,Ăn vặt/vỉa hè,Hà Nội,https://down-vn.img.susercontent.com/vn-11134513-7r98o-lstsh84qmy6xa1@resize_ss640x400,https://www.foody.vn/da-nang/pho-co-ha-noi-nem-chua-ran-so-1-ong-ich-duong,/da-nang/pho-co-ha-noi-nem-chua-ran-so-1-ong-ich-duong/goi-mon
690064,Bánh Xèo Bà Tuyết,"K25/16 Trần Quốc Toản, P. Phước Ninh, Quận Hải Châu, Đà Nẵng",Quận Hải Châu,Đà Nẵng,16.066046,108.223005,8.65,54,48,0,,,,Đang cập nhật,True,False,False,False,,Quán ăn,Món Việt,https://down-vn.img.susercontent.com/vn-11134513-7r98o-lsu17kzns97d37@resize_ss640x400,https://www.foody.vn/da-nang/banh-xeo-ba-tuyet,/da-nang/banh-xeo-ba-tuyet/goi-mon
1083357,Bánh Canh Thu - Châu Thị Vĩnh Tế,"29 Châu Thị Vĩnh Tế, P. Mỹ An, Quận Ngũ Hành Sơn, Đà Nẵng",Quận Ngũ Hành Sơn,Đà Nẵng,16.0533602,108.2397877,9.6,1,0,0,,,,Đang cập nhật,True,False,False,False,,Quán ăn,,https://down-vn.img.susercontent.com/vn-11134513-7r98o-lsv4kk7v132c04@resize_ss640x400,https://www.foody.vn/da-nang/banh-canh-thu-chau-thi-vinh-te,/da-nang/banh-canh-thu-chau-thi-vinh-te/goi-mon
123486,Bánh Mì Quỳnh Anh,"132 Phan Châu Trinh, Quận Hải Châu, Đà Nẵng",Quận Hải Châu,Đà Nẵng,16.0640544385328,108.219891102464,7.454,11,21,0,,,,Đang cập nhật,True,False,False,False,,Ăn vặt/vỉa hè,Món Quảng,https://down-vn.img.susercontent.com/vn-11134259-7r98o-lwgthbbp7g7t48@resize_ss640x400,https://www.foody.vn/da-nang/banh-mi-quynh-anh,
760950,Đà Nẵng An Thượng Night Market,"4 An Thượng 4, Quận Ngũ Hành Sơn, Đà Nẵng",Quận Ngũ Hành Sơn,Đà Nẵng,16.0489921,108.2463296999999,8.46,10,99,0,,,,Đang cập nhật,False,False,False,False,,Khu Ẩm Thực,"Món Việt,, Quốc tế",https://down-vn.img.susercontent.com/vn-11134259-7r98o-lwd3qloy4tsr4f@resize_ss640x400,https://www.foody.vn/da-nang/da-nang-an-thuong-night-market,
1033065,Cháo Lòng O Bé,"Ngã Ba Paster - Ngô Gia Tự, P. Hải Châu I, Quận Hải Châu, Đà Nẵng",Quận Hải Châu,Đà Nẵng,16.069618,108.217332,8.8,1,10,0,,,,Đang cập nhật,False,False,False,False,,Quán ăn,Món Việt,https://down-vn.img.susercontent.com/vn-11134259-7r98o-lweu2s5p3zdl29@resize_ss640x400,https://www.foody.vn/da-nang/chao-long-o-be,
15011,Đồng Tiến Bakery - Ông Ích Đường,"94 Ông ích Đường, Quận Cẩm Lệ, Đà Nẵng",Quận Cẩm Lệ,Đà Nẵng,16.015167,108.205247,6.676,16,117,0,,,,(0236) 3 643 434 - 01202 472 956 - 01649 769 889,True,False,False,False,,Tiệm bánh,Món Việt,https://down-vn.img.susercontent.com/vn-11134513-81ztc-mo53yteqr8xu82@resize_ss640x400,https://www.foody.vn/da-nang/dong-tien-bakery-ong-ich-duong,/da-nang/dong-tien-bakery-ong-ich-duong/goi-mon
653053,Ballad Cafe,"114/30 Lê Đình Lý, P. Vĩnh Trung, Quận Thanh Khê, Đà Nẵng",Quận Thanh Khê,Đà Nẵng,16.056071,108.211728,8.4,3,36,0,,,,Đang cập nhật,False,False,False,False,,Café/Dessert,Món Việt,https://down-vn.img.susercontent.com/vn-11134513-7r98o-lstztc9ym9p5c1@resize_ss640x400,https://www.foody.vn/da-nang/ballad-cafe,/da-nang/ballad-cafe/goi-mon
114410,Cháo Lòng - Hàn Mặc Tử,"67/4 Hàn Mặc Tử, Quận Hải Châu, Đà Nẵng",Quận Hải Châu,Đà Nẵng,16.08452,108.21946,7.2,11,21,0,,,,Đang cập nhật,False,False,False,False,,Quán ăn,Món Việt,https://down-vn.img.susercontent.com/vn-11134259-7r98o-lw972yngzxsrd2@resize_ss640x400,https://www.foody.vn/da-nang/chao-long-han-mac-tu,
951924,Nướng Bơ Lybin SG,"15 Bình Minh 1, Quận Hải Châu, Đà Nẵng",Quận Hải Châu,Đà Nẵng,16.055141,108.221395,7.93,20,112,0,,,,090 542 55 74,False,False,False,False,,Ăn vặt/vỉa hè,Món Miền Trung,https://down-vn.img.susercontent.com/vn-11134513-7r98o-lsu8ckcvj25554@resize_ss640x400,https://www.foody.vn/da-nang/nuong-bo-lybin-sg,/da-nang/nuong-bo-lybin-sg/goi-mon
895806,Chú Trọc - Bánh Tráng Trộn,"Đối Diện 80 Phan Đăng Lưu, P. Hoà Cường Bắc, Quận Hải Châu, Đà Nẵng",Quận Hải Châu,Đà Nẵng,16.0369102,108.2190962,5.576,9,23,0,,,,0914500698 - 0855051930,False,False,False,False,,Ăn vặt/vỉa hè,,https://down-vn.img.susercontent.com/vn-11134513-7r98o-lsu7679vayl549@resize_ss640x400,https://www.foody.vn/da-nang/chu-troc-banh-trang-tron,/da-nang/chu-troc-banh-trang-tron/goi-mon
186684,Bánh Tráng Trộn - Miền Tây - Vỉa Hè,"153 Lê Đình Lý, P. Hòa Thuận Đông, Quận Hải Châu, Đà Nẵng",Quận Hải Châu,Đà Nẵng,16.053835,108.211374,7.692,60,187,0,,,,Đang cập nhật,False,False,False,False,,Ăn vặt/vỉa hè,Món Việt,https://down-vn.img.susercontent.com/vn-11134513-7r98o-lstvncwrxqro69@resize_ss640x400,https://www.foody.vn/da-nang/banh-trang-tron-le-dinh-ly,/da-nang/banh-trang-tron-le-dinh-ly/goi-mon
891355,Hambuger - Nguyễn Hoàng - Shop Online,"235 Nguyễn Hoàng, Quận Thanh Khê, Đà Nẵng",Quận Thanh Khê,Đà Nẵng,16.058094,108.213281,7.8,1,3,0,,,,0936541615,True,False,False,False,,Shop Online,Món Việt,https://down-vn.img.susercontent.com/vn-11134259-7r98o-lwdkk57p949l80@resize_ss640x400,https://www.foody.vn/da-nang/hambuger-nguyen-hoang-shop-online,
954255,Quán Nhậu A Xữ,"113 Hà Kỳ Ngộ (Góc Hà Kỳ Ngộ & Nguyễn Đức An), P. Phước Mỹ, Quận Sơn Trà, Đà Nẵng",Quận Sơn Trà,Đà Nẵng,16.082033,108.244206,8.2,1,38,0,,,,Đang cập nhật,False,False,False,False,,"Nhà hàng,, Ăn vặt/vỉa hè",Món Việt,https://down-vn.img.susercontent.com/vn-11134513-7r98o-lsu8ey0c6sas0c@resize_ss640x400,https://www.foody.vn/da-nang/quan-nhau-a-xu,/da-nang/quan-nhau-a-xu/goi-mon
239266,Quỳnh Trang - Nhậu Bình Dân,"44 Văn Cao, Quận Thanh Khê, Đà Nẵng",Quận Thanh Khê,Đà Nẵng,16.064428,108.210106,7.9,4,15,0,,,,01216 738 840,True,False,False,False,,Quán nhậu,Món Việt,https://down-vn.img.susercontent.com/vn-11134259-7r98o-lwexdkgz8rtnf8@resize_ss640x400,https://www.foody.vn/da-nang/quynh-trang-nhau-binh-dan,
129650,Cơm Gà Trang - Lê Thanh Nghị,"195 Lê Thanh Nghị, P. Hòa Cường Bắc, Quận Hải Châu, Đà Nẵng",Quận Hải Châu,Đà Nẵng,16.039074,108.217943,7.832,24,44,0,,,,0906 024 804 ,True,False,False,False,,Quán ăn,Món Việt,https://down-vn.img.susercontent.com/vn-11134513-7ra0g-m6573v8ap5iuc6@resize_ss640x400,https://www.foody.vn/da-nang/com-ga-trang-le-thanh-nghi,/da-nang/com-ga-trang-le-thanh-nghi/goi-mon
105649,Cao Lầu Lý - Thái Thị Bôi,"267 Thái Thị Bôi, P. Chính Gián, Quận Thanh Khê, Đà Nẵng",Quận Thanh Khê,Đà Nẵng,16.068012,108.192678,7.418,23,79,0,,,,01216 755 899,True,False,False,False,,Quán ăn,Món Quảng,https://down-vn.img.susercontent.com/vn-11134513-7r98o-lstsuhsbnamxe4@resize_ss640x400,https://www.foody.vn/da-nang/cao-lau-ly-thai-thi-boi,/da-nang/cao-lau-ly-thai-thi-boi/goi-mon
1000000265,Thu Hường - Quán Cơm - Hồ Nguyên Trừng,"Đối Diện 108 Hồ Nguyên Trừng, Quận Cẩm Lệ, Đà Nẵng",Quận Cẩm Lệ,Đà Nẵng,16.0307329,108.2109206,10.0,1,0,0,,,,Đang cập nhật,True,False,False,False,,"Quán ăn,, Giao cơm văn phòng",Món Việt,https://down-vn.img.susercontent.com/vn-11134513-7r98o-lsvdqkcfwhp517@resize_ss640x400,https://www.foody.vn/da-nang/thu-huong-quan-com-ho-nguyen-trung,/da-nang/thu-huong-quan-com-ho-nguyen-trung/goi-mon
1023353,Tiệm Cơm Vui Vẻ - Cơm Văn Phòng & Cơm Ăn Kiêng,"253 Huy Cận, P. Khuê Trung, Quận Cẩm Lệ, Đà Nẵng",Quận Cẩm Lệ,Đà Nẵng,16.032474,108.213272,7.55,4,37,0,,,,Đang cập nhật,True,False,False,False,,Quán ăn,Món Việt,https://down-vn.img.susercontent.com/vn-11134513-7r98o-lsua3576t1vo74@resize_ss640x400,https://www.foody.vn/da-nang/tiem-com-vui-ve-com-van-phong-com-an-kieng,/da-nang/tiem-com-vui-ve-com-van-phong-com-an-kieng/goi-mon
1019279,Tiệm Cơm Tấm Cẩm Lệ,"07 Phước Hòa 1, P. Khuê Trung, Quận Cẩm Lệ, Đà Nẵng",Quận Cẩm Lệ,Đà Nẵng,16.022857,108.2051,8.6,1,0,0,,,,"0905932212,0769769242",True,False,False,False,,Quán ăn,Món Việt,https://down-vn.img.susercontent.com/vn-11134513-7r98o-lsu9ws75vs0pb5@resize_ss640x400,https://www.foody.vn/da-nang/tiem-com-tam-cam-le,/da-nang/tiem-com-tam-cam-le/goi-mon
115917,Bé Loan - Bánh Bèo - Nậm - Lọc - Ram Ít,"34/15 Trưng Nữ Vương, Quận Hải Châu, Đà Nẵng",Quận Hải Châu,Đà Nẵng,16.060245,108.222661,7.064,16,72,0,,,,Đang cập nhật,False,False,False,False,,Ăn vặt/vỉa hè,Món Huế,https://down-vn.img.susercontent.com/vn-11134513-7r98o-lstt7db1cb6had@resize_ss640x400,https://www.foody.vn/da-nang/be-loan-banh-beo-nam-loc-ram-it,/da-nang/be-loan-banh-beo-nam-loc-ram-it/goi-mon
1002843,Bánh Tráng Kẹp Dì Ri - Trưng Nữ Vương,"16 Trưng Nữ Vương, Quận Hải Châu, Đà Nẵng",Quận Hải Châu,Đà Nẵng,16.060299,108.2226411,8.32,5,48,0,,,,Đang cập nhật,False,False,False,False,,Ăn vặt/vỉa hè,,https://down-vn.img.susercontent.com/vn-11134513-7r98o-lsu9h1vwm28435@resize_ss640x400,https://www.foody.vn/da-nang/banh-trang-kep-di-ri-trung-nu-vuong,/da-nang/banh-trang-kep-di-ri-trung-nu-vuong/goi-mon
978245,Bò Kho Ngã 5,"4B Trần Bình Trọng, P. Hải Châu 1, Quận Hải Châu, Đà Nẵng",Quận Hải Châu,Đà Nẵng,16.066481,108.219818,8.2,1,18,0,,,,Đang cập nhật,True,False,False,False,,Quán ăn,Món Việt,https://down-vn.img.susercontent.com/vn-11134259-7r98o-lwc3lsht18ez99@resize_ss640x400,https://www.foody.vn/da-nang/bo-kho-nga-5,
632866,Nhậu Bình Dân - Trần Đình Tri,"45 Trần Đình Tri, Quận Liên Chiểu, Đà Nẵng",Quận Liên Chiểu,Đà Nẵng,16.0842550390738,108.1584417074918,6.8,1,10,0,,,,Đang cập nhật,True,False,False,False,,Quán nhậu,Món Việt,https://down-vn.img.susercontent.com/vn-11134259-7r98o-lwexobsoeggp82@resize_ss640x400,https://www.foody.vn/da-nang/nhau-binh-dan-tran-dinh-tri,
12925,Quán Sinh - Phá Lấu & Lẩu Bò,"Số 282 Trưng Nữ Vương, Quận Hải Châu, Đà Nẵng",Quận Hải Châu,Đà Nẵng,16.054552,108.219635,7.446,18,79,0,,,,0905 541 774,False,False,False,False,,Quán ăn,Món Việt,https://down-vn.img.susercontent.com/vn-11134513-7r98o-lstqc8dur4bdad@resize_ss640x400,https://www.foody.vn/da-nang/quan-sinh-pha-lau-lau-bo,/da-nang/quan-sinh-pha-lau-lau-bo/goi-mon
893456,Ốc Quỳnh 2 - Xô Viết Nghệ Tĩnh ,"53 Xô Viết Nghệ Tĩnh, Quận Hải Châu, Đà Nẵng",Quận Hải Châu,Đà Nẵng,16.032152,108.216974,4.44,10,31,0,,,,Đang cập nhật,True,False,False,False,,Quán ăn,,https://down-vn.img.susercontent.com/vn-11134259-7r98o-lwdm3lsbfkrfc9@resize_ss640x400,https://www.foody.vn/da-nang/oc-quynh-2-xo-viet-nghe-tinh,
34602,Quán Ngỡ - Hải Sản Tươi Sống,"Lê Thanh Nghị, Quận Hải Châu, Đà Nẵng",Quận Hải Châu,Đà Nẵng,16.032546,108.218665,4.932,9,30,0,,,,0905 016 109 - 0935 679 109,False,False,False,False,,Quán ăn,Món Việt,https://down-vn.img.susercontent.com/vn-11134259-7r98o-lw8jfw3kukex62@resize_ss640x400,https://www.foody.vn/da-nang/quan-ngo-hai-san-tuoi-song,
650460,Vua Cua - Các Món Hải Sản,"510A Núi Thành, Quận Hải Châu, Đà Nẵng",Quận Hải Châu,Đà Nẵng,16.03312,108.222776,7.85,4,42,0,,,,Đang cập nhật,True,False,False,False,,Quán ăn,Món Miền Trung,https://down-vn.img.susercontent.com/vn-11134259-7r98o-lwe72wxygu6x8e@resize_ss640x400,https://www.foody.vn/da-nang/vua-cua-cac-mon-hai-san,
976803,Yến Sữa,"819 Trần Cao Vân, P. Thanh Khê Đông, Quận Thanh Khê, Đà Nẵng",Quận Thanh Khê,Đà Nẵng,16.067217,108.182261,9.74,16,67,0,,,,Đang cập nhật,False,False,False,False,,Café/Dessert,Món Việt,https://down-vn.img.susercontent.com/vn-11134513-7r98o-lsu8uw08939g1d@resize_ss640x400,https://www.foody.vn/da-nang/yen-sua,/da-nang/yen-sua/goi-mon
1049205,"Highlands Coffee - Trà, Cà Phê & Bánh - Ngô Văn Sở","68 Ngô Văn Sở, P. Hòa Khánh Bắc, Quận Liên Chiểu, Đà Nẵng",Quận Liên Chiểu,Đà Nẵng,16.068436,108.149506,3.534,3,6,0,,,,Đang cập nhật,True,False,False,False,,Café/Dessert,Món Việt,https://down-vn.img.susercontent.com/vn-11134513-81ztc-moj11y3bxerw89@resize_ss640x400,https://www.foody.vn/da-nang/highlands-coffee-tra-ca-phe-banh-ngo-van-so,/da-nang/highlands-coffee-tra-ca-phe-banh-ngo-van-so/goi-mon
154507,Phở Mai - Phở Hà Nội,"32 Hồ Quý Ly, Quận Thanh Khê, Đà Nẵng",Quận Thanh Khê,Đà Nẵng,16.0764578448605,108.1725514680147,6.3,4,2,0,,,,Đang cập nhật,False,False,False,False,,Quán ăn,Hà Nội,https://down-vn.img.susercontent.com/vn-11134259-7r98o-lw91b9oynsnt61@resize_ss640x400,https://www.foody.vn/da-nang/pho-mai-pho-ha-noi,
293466,Heo Tộc 2 - Nướng Lu,"592 Nguyễn Hữu Thọ, Quận Cẩm Lệ, Đà Nẵng",Quận Cẩm Lệ,Đà Nẵng,16.023296,108.209487,9.202,3,4,0,,,,0908 216 118,True,False,False,False,,Quán nhậu,Món Việt,https://down-vn.img.susercontent.com/vn-11134259-7r98o-lwexgyza1nfdc5@resize_ss640x400,https://www.foody.vn/da-nang/heo-toc-2-nuong-lu,
1012012,Heo Tộc - Nguyễn Hữu Thọ,"586 Nguyễn Hữu Thọ, P. Khuê Trung, Quận Cẩm Lệ, Đà Nẵng",Quận Cẩm Lệ,Đà Nẵng,16.026894,108.208659,8.18,11,3,0,,,,0908216119,False,False,False,False,,Quán ăn,Món Việt,https://down-vn.img.susercontent.com/vn-11134259-7r98o-lw9atfxqeiftb7@resize_ss640x400,https://www.foody.vn/da-nang/heo-toc-nguyen-huu-tho,/da-nang/heo-toc-nguyen-huu-tho/goi-mon
316697,Quán 149 - Bồ Câu & Gà Ác ,"147 Cách Mạng Tháng 8, Quận Cẩm Lệ, Đà Nẵng",Quận Cẩm Lệ,Đà Nẵng,16.019145,108.209264,5.0,1,0,0,,,,0906 556 798,True,False,False,False,,Quán ăn,Món Việt,https://down-vn.img.susercontent.com/vn-11134259-7r98o-lwi3fzv5uztn5b@resize_ss640x400,https://www.foody.vn/da-nang/quan-149-bo-cau-ga-ac,
148053,Bún Thịt Nướng - Nem Lụi - Bò Lá Lốt Nga,"191 Trần Phú, Quận Hải Châu, Đà Nẵng",Quận Hải Châu,Đà Nẵng,16.065644,108.223655,7.5,2,6,0,,,,0989 066 267,True,False,False,False,,Quán ăn,Món Miền Trung,https://down-vn.img.susercontent.com/vn-11134259-7r98o-lwdg34nnqf2z7d@resize_ss640x400,https://www.foody.vn/da-nang/bun-thit-nuong-nem-lui-bo-la-lot-nga,
97579,Ốc Hút Cây Bàng," 59 Ông Ích Đường, P. Hòa Thọ Đông, Quận Cẩm Lệ, Đà Nẵng",Quận Cẩm Lệ,Đà Nẵng,16.0207373,108.2029337,7.384,26,65,0,,,,Đang cập nhật,False,False,False,False,,Quán ăn,Món Quảng,https://down-vn.img.susercontent.com/vn-11134513-7r98o-lstslav3wudg05@resize_ss640x400,https://www.foody.vn/da-nang/oc-hut-cay-bang,/da-nang/oc-hut-cay-bang/goi-mon
177715,Hà Điệp - Bánh Xèo & Nem Lụi,"302 Phạm Cự Lượng, P. An Hải Đông, Quận Sơn Trà, Đà Nẵng",Quận Sơn Trà,Đà Nẵng,16.0549367,108.2380586,5.452,19,59,0,,,,Đang cập nhật,False,False,False,False,,Quán ăn,Món Việt,https://down-vn.img.susercontent.com/vn-11134513-7r98o-lstvbgw2aizd27@resize_ss640x400,https://www.foody.vn/da-nang/quan-ha-diep-banh-xeo-nem-lui,/da-nang/quan-ha-diep-banh-xeo-nem-lui/goi-mon
990926,Tiệm Bánh Hamint Kitchen - Trần Quý Cáp,"55 Trần Quý Cáp, Quận Hải Châu, Đà Nẵng",Quận Hải Châu,Đà Nẵng,16.081082,108.21956,8.2,2,36,0,,,,Đang cập nhật,True,False,False,False,,Tiệm bánh,,https://down-vn.img.susercontent.com/vn-11134259-7r98o-lwagv2mfyk7v76@resize_ss640x400,https://www.foody.vn/da-nang/tiem-banh-hamint-kitchen-tran-quy-cap,
122392,Quán Thao - Lẩu & Món Nhậu Bình Dân,"K190/25 Ông Ích Khiêm, Quận Thanh Khê, Đà Nẵng",Quận Thanh Khê,Đà Nẵng,16.0708402,108.2127226,7.434,12,62,0,,,,Đang cập nhật,True,False,False,False,,Quán ăn,Món Việt,https://down-vn.img.susercontent.com/vn-11134513-7r98o-lsttfinm26qh4b@resize_ss640x400,https://www.foody.vn/da-nang/quan-thao-lau-mon-nhau-binh-dan,/da-nang/quan-thao-lau-mon-nhau-binh-dan/goi-mon
6144,Hai Còi - Chân Gà Nướng,"27 - 29 Ngũ Hành Sơn, Quận Ngũ Hành Sơn, Đà Nẵng",Quận Ngũ Hành Sơn,Đà Nẵng,16.050417,108.23767,7.404,142,431,0,,,,Đang cập nhật,False,False,False,False,,Quán ăn,Món Việt,https://down-vn.img.susercontent.com/vn-11134513-7r98o-lstq1lxiff6hff@resize_ss640x400,https://www.foody.vn/da-nang/hai-coi-chan-ga-nuong,/da-nang/hai-coi-chan-ga-nuong/goi-mon
124284,Gà Rán & Burger Lotteria - Đường 2/9,"Số 90 Đường 2/9, P. Bình Thuận, Quận Hải Châu, Đà Nẵng",Quận Hải Châu,Đà Nẵng,16.0566357,108.22201,7.35,101,509,0,,,,(0236) 3 522 622,True,False,False,False,,Nhà hàng,Món Hàn,https://down-vn.img.susercontent.com/vn-11134259-7r98o-lw7gqkina76je1@resize_ss640x400,https://www.foody.vn/da-nang/ga-ran-burger-lotteria-duong-2-9,/da-nang/ga-ran-burger-lotteria-duong-2-9/goi-mon
1179725,"Hẻm Nhỏ - Chân Gà Rút Xương Sốt Thái, Cá Viên Chiên Mắm & Nem Chua Rán","27 Hà Đông 1, P. Xuân Hà, Quận Thanh Khê, Đà Nẵng",Quận Thanh Khê,Đà Nẵng,16.070456,108.190441,10.0,1,0,0,,,,Đang cập nhật,True,False,False,False,,Café/Dessert,,https://down-vn.img.susercontent.com/vn-11134513-7r98o-lsvby7gyd8zo5c@resize_ss640x400,https://www.foody.vn/da-nang/hem-nho-chan-ga-rut-xuong-sot-thai-ca-vien-chien-mam-nem-chua-ran,/da-nang/hem-nho-chan-ga-rut-xuong-sot-thai-ca-vien-chien-mam-nem-chua-ran/goi-mon
774430,Bánh Mì Cô Tiên,"80 Trần Phú, Quận Hải Châu, Đà Nẵng",Quận Hải Châu,Đà Nẵng,16.069714,108.22394,10.0,1,2,0,,,,Đang cập nhật,False,False,False,False,,Ăn vặt/vỉa hè,Món Việt,https://down-vn.img.susercontent.com/vn-11134259-7r98o-lwanueziuqxn13@resize_ss640x400,https://www.foody.vn/da-nang/banh-mi-co-tien,
1144578,Bếp Nhà Xù - Cơm Trưa Văn Phòng - An Thượng 15,"02 An Thượng 15, P. Bắc Phú Mỹ, Quận Ngũ Hành Sơn, Đà Nẵng",Quận Ngũ Hành Sơn,Đà Nẵng,16.0479246,108.2415802,10.0,1,1,0,,,,Đang cập nhật,True,False,False,False,,Quán ăn,,https://down-vn.img.susercontent.com/vn-11134513-7r98o-lsv979giza9wf0@resize_ss640x400,https://www.foody.vn/da-nang/bep-nha-xu-com-trua-van-phong-an-thuong-15,/da-nang/bep-nha-xu-com-trua-van-phong-an-thuong-15/goi-mon
7919,Bún Mắm Bà Đông,"145 Huỳnh Thúc Kháng, P. Bình Hiên, Quận Hải Châu, Đà Nẵng",Quận Hải Châu,Đà Nẵng,16.057627,108.218209,7.126,64,224,0,,,,Đang cập nhật,True,False,False,False,,Quán ăn,Món Quảng,https://down-vn.img.susercontent.com/vn-11134513-7r98o-lstq4jhdyricf6@resize_ss640x400,https://www.foody.vn/da-nang/bun-mam-ba-dong,/da-nang/bun-mam-ba-dong/goi-mon
133377,Top View Bar - Vanda Hotel,"03 Nguyễn Văn Linh, P. Bình Hiên, Quận Hải Châu, Đà Nẵng",Quận Hải Châu,Đà Nẵng,16.060844,108.222475,8.284,14,128,0,,,,(0236) 3525 969 - 0941 797 997,False,False,False,False,,Bar/Pub,Món Việt,https://down-vn.img.susercontent.com/vn-11134259-7r98o-lwg3ehqbxja166@resize_ss640x400,https://www.foody.vn/da-nang/top-view-bar-vanda-hotel,
286640,Hồng Nguyệt - Bún Thịt Nướng - Hoàng Diệu,"178/10 Hoàng Diệu, P. Hải Châu 2, Quận Hải Châu, Đà Nẵng",Quận Hải Châu,Đà Nẵng,16.063006,108.21751,7.912,27,65,0,,,,(0236) 2 477 633,True,False,False,False,,Quán ăn,Món Việt,https://down-vn.img.susercontent.com/vn-11134513-7r98o-lsty5n3joi4k83@resize_ss640x400,https://www.foody.vn/da-nang/hong-nguyet-bun-thit-nuong-hoang-dieu,/da-nang/hong-nguyet-bun-thit-nuong-hoang-dieu/goi-mon
964342,Chick & Go - Gà Rán Và Xiên Que Nhật Bản,"223 Đống Đa, P. Thanh Bình, Quận Hải Châu, Đà Nẵng",Quận Hải Châu,Đà Nẵng,16.075762,108.215357,8.2,5,17,0,,,,Đang cập nhật,True,False,False,False,,Quán ăn,Món Nhật,https://down-vn.img.susercontent.com/vn-11134513-7r98o-lsu8jrxm3mx056@resize_ss640x400,https://www.foody.vn/da-nang/chick-go-ga-ran-va-xien-que-nhat-ban,/da-nang/chick-go-ga-ran-va-xien-que-nhat-ban/goi-mon
994632,Đồ Ăn Hàn Quốc - Tsunami,"541/10 Núi Thành, P. Hoà Cường Nam, Quận Hải Châu, Đà Nẵng",Quận Hải Châu,Đà Nẵng,16.0325364,108.22309,6.726,11,126,0,,,,0934720308,True,False,False,False,,Quán ăn,Món Việt,https://down-vn.img.susercontent.com/vn-11134513-7r98o-lsu97qbno1i1d9@resize_ss640x400,https://www.foody.vn/da-nang/do-an-han-quoc-tsunami,/da-nang/do-an-han-quoc-tsunami/goi-mon
1071216,Kakao - Đồ Ăn Hàn Quốc - Shop Online,"53 Phan Đăng Lưu, P. Hòa Cường Bắc, Quận Hải Châu, Đà Nẵng",Quận Hải Châu,Đà Nẵng,16.0369208,108.2195884,10.0,2,3,0,,,,Đang cập nhật,True,False,False,False,,"Ăn vặt/vỉa hè,, Shop Online",,https://down-vn.img.susercontent.com/vn-11134513-7r98o-lsv3jvb64wplb9@resize_ss640x400,https://www.foody.vn/da-nang/kakao-do-an-han-quoc-shop-online,/da-nang/kakao-do-an-han-quoc-shop-online/goi-mon
35180,Aloha - Ẩm Thực Hàn Quốc,"338/10 Phan Châu Trinh, P. Bình Thuận, Quận Hải Châu, Đà Nẵng",Quận Hải Châu,Đà Nẵng,16.056024,108.218125,6.638,217,1121,0,,,,0905 550 435,True,False,False,False,,Quán ăn,Món Hàn,https://down-vn.img.susercontent.com/vn-11134513-7r98o-lstr9cqpvs1w5f@resize_ss640x400,https://www.foody.vn/da-nang/aloha-am-thuc-han-quoc,/da-nang/aloha-am-thuc-han-quoc/goi-mon
1000000145,Loan - Bún Mắm Đường Ray - Lê Độ,"K77A/12 Lê Độ, Quận Thanh Khê, Đà Nẵng",Quận Thanh Khê,Đà Nẵng,16.068567,108.201687,10.0,1,1,0,,,,Đang cập nhật,True,False,False,False,,Quán ăn,Món Việt,https://down-vn.img.susercontent.com/vn-11134513-7r98o-lsvdprv7kslg2b@resize_ss640x400,https://www.foody.vn/da-nang/loan-bun-mam-duong-ray-le-do,/da-nang/loan-bun-mam-duong-ray-le-do/goi-mon
31368,Ram Cuốn Cải - Đào Duy Từ,"14/22 Đào Duy Từ, P. Tân Chính, Quận Thanh Khê, Đà Nẵng",Quận Thanh Khê,Đà Nẵng,16.068352,108.213347,7.676,31,74,0,,,,Đang cập nhật,True,False,False,False,,Quán ăn,Món Quảng,https://down-vn.img.susercontent.com/vn-11134513-7r98o-lstr40e1d7kpba@resize_ss640x400,https://www.foody.vn/da-nang/ram-cuon-cai-dao-duy-tu,/da-nang/ram-cuon-cai-dao-duy-tu/goi-mon
655561,Lẩu Băng Chuyền Kichi Kichi,"A9 Nguyễn Văn Linh, Quận Hải Châu, Đà Nẵng",Quận Hải Châu,Đà Nẵng,16.060831,108.22109,7.142,105,348,0,,,,Đang cập nhật,True,False,False,False,,Buffet,Món Nhật,https://down-vn.img.susercontent.com/vn-11134259-7r98o-lweg2i37fjdld6@resize_ss640x400,https://www.foody.vn/da-nang/lau-bang-chuyen-kichi-kichi,
1051586,Xuyên Sushi,"11 Phan Châu Trinh, Quận Hải Châu, Đà Nẵng",Quận Hải Châu,Đà Nẵng,16.0701541,108.2203583,8.76,5,18,0,,,,Đang cập nhật,True,False,False,False,,Quán ăn,Món Nhật,https://down-vn.img.susercontent.com/vn-11134259-7r98o-lwgsxwq1ix9769@resize_ss640x400,https://www.foody.vn/da-nang/xuyen-sushi,
742823,Bunny Cakery,"447 Trần Cao Vân, P. Xuân Hà, Quận Thanh Khê, Đà Nẵng",Quận Thanh Khê,Đà Nẵng,16.071121,108.194268,7.12,5,30,0,,,,01299 999 319,True,False,False,False,,Tiệm bánh,Món Việt,https://down-vn.img.susercontent.com/vn-11134513-7r98o-lsu3gag006fte1@resize_ss640x400,https://www.foody.vn/da-nang/bunny-cakery,/da-nang/bunny-cakery/goi-mon
996236,Quang Anh Danang Bakery,"12 Vũng Thùng 7, P. Nại Hiên Đông, Quận Sơn Trà, Đà Nẵng",Quận Sơn Trà,Đà Nẵng,16.093573,108.238242,9.0,1,1,0,,,,0935559792,True,False,False,False,,Tiệm bánh,Món Việt,https://down-vn.img.susercontent.com/vn-11134513-7r98o-lsu9992hjyys4b@resize_ss640x400,https://www.foody.vn/da-nang/quang-anh-danang-bakery,/da-nang/quang-anh-danang-bakery/goi-mon
102034,Bánh Kem Khánh Hòa,"36 Hoàng Văn Thụ, Quận Hải Châu, Đà Nẵng",Quận Hải Châu,Đà Nẵng,16.062759,108.221388,7.552,8,35,0,,,,(0236) 3 824 122,True,False,False,False,,Tiệm bánh,Món Việt,https://down-vn.img.susercontent.com/vn-11134259-7r98o-lwawta0zqv2xd1@resize_ss640x400,https://www.foody.vn/da-nang/banh-kem-khanh-hoa,
12965,Đại Phát Bakery,"134 Hoàng Diệu, P. Hải Châu 2, Quận Hải Châu, Đà Nẵng",Quận Hải Châu,Đà Nẵng,16.063761,108.218256,7.602,17,70,0,,,,(0236) 3 565 589,True,False,False,False,,Tiệm bánh,Món Việt,https://down-vn.img.susercontent.com/vn-11134259-7r98o-lweuuk5bqvvd3c@resize_ss640x400,https://www.foody.vn/da-nang/dai-phat-bakery,
1069371,Bánh Mì Chấm - Chu Văn An,"26B Chu Văn An, P. Bình Hiên, Quận Hải Châu, Đà Nẵng",Quận Hải Châu,Đà Nẵng,16.0573555,108.2181757,1.0,1,0,0,,,,Đang cập nhật,False,False,False,False,,"Ăn vặt/vỉa hè,, Shop Online",,https://down-vn.img.susercontent.com/vn-11134513-7r98o-lsv3i69dcwjo53@resize_ss640x400,https://www.foody.vn/da-nang/banh-mi-cham-chu-van-an,/da-nang/banh-mi-cham-chu-van-an/goi-mon
1014834,Bún Chả Cá Tam Giác - Hải Phòng,"166 Hải Phòng, Quận Thanh Khê, Đà Nẵng",Quận Thanh Khê,Đà Nẵng,16.071958,108.214205,9.1,2,20,0,,,,0943101014,False,False,False,False,,Quán ăn,Món Việt,https://down-vn.img.susercontent.com/vn-11134513-7r98o-lsu9p6yrq5dw88@resize_ss640x400,https://www.foody.vn/da-nang/bun-cha-ca-tam-giac-hai-phong,/da-nang/bun-cha-ca-tam-giac-hai-phong/goi-mon
235723,Bún Bò Liên,"635 Núi Thành, Quận Hải Châu, Đà Nẵng",Quận Hải Châu,Đà Nẵng,16.029277,108.222464,7.2,1,9,0,,,,Đang cập nhật,False,False,False,False,,Quán ăn,Món Việt,https://down-vn.img.susercontent.com/vn-11134259-7r98o-lwa5yh0ipgplc5@resize_ss640x400,https://www.foody.vn/da-nang/bun-bo-lien,
954538,"Trà Sữa, Mỳ Cay & Ăn Vặt Poc Poc - Ngô Văn Sở","54 Ngô Văn Sở, P. Hòa Khánh Bắc, Quận Liên Chiểu, Đà Nẵng",Quận Liên Chiểu,Đà Nẵng,16.068591,108.149773,8.334,21,16,0,,,,"0358949394, 0766774474 ( Ms. Linh)",False,False,False,False,,Quán ăn,Món Việt,https://down-vn.img.susercontent.com/vn-11134513-7r98o-lsu8ekyv9spl95@resize_ss640x400,https://www.foody.vn/da-nang/tra-sua-my-cay-an-vat-poc-poc-ngo-van-so,/da-nang/tra-sua-my-cay-an-vat-poc-poc-ngo-van-so/goi-mon
878457,Quán Nhậu 504,"504 Ông Ích Khiêm, Quận Hải Châu, Đà Nẵng",Quận Hải Châu,Đà Nẵng,16.064481,108.214909,8.4,1,11,0,,,,02363823766,True,False,False,False,,Quán nhậu,Món Việt,https://down-vn.img.susercontent.com/vn-11134259-7r98o-lwdue29cicwrcf@resize_ss640x400,https://www.foody.vn/da-nang/quan-nhau-504,
655343,Cờ Lê - Hải Sản Tươi Sống,"118 Nguyễn Chánh, P. Hòa Khánh Bắc, Quận Liên Chiểu, Đà Nẵng",Quận Liên Chiểu,Đà Nẵng,16.084625,108.150928,3.6,1,5,0,,,,Đang cập nhật,False,False,False,False,,"Quán ăn,, Quán nhậu",Món Việt,https://down-vn.img.susercontent.com/vn-11134513-7r98o-lstzyrruj6ah1d@resize_ss640x400,https://www.foody.vn/da-nang/co-le-hai-san-tuoi-song,/da-nang/co-le-hai-san-tuoi-song/goi-mon
742262,Cây Sưa Quán - Các Món Nhậu,"257 Phan Đăng Lưu, P. Khuê Trung, Quận Cẩm Lệ, Đà Nẵng",Quận Cẩm Lệ,Đà Nẵng,16.037019,108.2087863,1.6,1,17,0,,,,0935 101 054,True,False,False,False,,Quán nhậu,Món Việt,https://down-vn.img.susercontent.com/vn-11134513-7r98o-lsu3de4sngsk5d@resize_ss640x400,https://www.foody.vn/da-nang/cay-sua-quan-cac-mon-nhau,/da-nang/cay-sua-quan-cac-mon-nhau/goi-mon
250696,Bánh Cá Taiyaki - Trưng Nữ Vương,"516 Trưng Nữ Vương, Quận Hải Châu, Đà Nẵng",Quận Hải Châu,Đà Nẵng,16.044509,108.208668,9.0,1,5,0,,,,Đang cập nhật,False,False,False,False,,Ăn vặt/vỉa hè,Món Nhật,https://down-vn.img.susercontent.com/vn-11134259-7r98o-lwhxg5o8lhaxee@resize_ss640x400,https://www.foody.vn/da-nang/banh-ca-taiyaki-trung-nu-vuong,
86734,Đồng Tiến Bakery - Trần Duy Chiến,"112 Trần Duy Chiến, P. Mân Thái, Quận Sơn Trà, Đà Nẵng",Quận Sơn Trà,Đà Nẵng,16.0851472,108.2424365,6.2,16,329,0,,,,0938 175 710 - 01669 424 616,True,False,False,False,,Tiệm bánh,Món Việt,https://down-vn.img.susercontent.com/vn-11134513-81ztc-mo4yo9vjneh281@resize_ss640x400,https://www.foody.vn/da-nang/dong-tien-bakery-112-tran-duy-chien,/da-nang/dong-tien-bakery-112-tran-duy-chien/goi-mon
7939,"Highlands Coffee - Trà, Cà Phê & Bánh - Indochina Đà Nẵng","Tầng Trệt, Indochina Riverside Towers, 74 Bạch Đằng, P. Hải Châu 1, Quận Hải Châu, Đà Nẵng",Quận Hải Châu,Đà Nẵng,16.069875,108.225002,7.81,410,1906,0,,,,Đang cập nhật,True,False,False,False,,Café/Dessert,Món Việt,https://down-vn.img.susercontent.com/vn-11134513-81ztc-moj0zbmtjzm60d@resize_ss640x400,https://www.foody.vn/da-nang/highlands-coffee-tra-ca-phe-banh-indochina-da-nang,/da-nang/highlands-coffee-tra-ca-phe-banh-indochina-da-nang/goi-mon
975498,Như Ý - Phở Bắc & Cơm Rang Dưa Bò,"170 Hoàng Văn Thái, Quận Liên Chiểu, Đà Nẵng",Quận Liên Chiểu,Đà Nẵng,16.053317,108.155583,6.52,5,15,0,,,,0378441139 ( Mr. Tuấn ) ,True,False,False,False,,Quán ăn,Món Việt,https://down-vn.img.susercontent.com/vn-11134513-7r98o-lsu8u6abumjdb3@resize_ss640x400,https://www.foody.vn/da-nang/nhu-y-pho-bac-com-rang-dua-bo,/da-nang/nhu-y-pho-bac-com-rang-dua-bo/goi-mon
136368,Cơm Chay Tâm Trân - Trưng Nữ Vương,"23 Trưng Nữ Vương, Quận Hải Châu, Đà Nẵng",Quận Hải Châu,Đà Nẵng,16.059528,108.221886,8.0,1,6,0,,,,Đang cập nhật,True,False,False,False,,Quán ăn,Món Việt,https://down-vn.img.susercontent.com/vn-11134259-7r98o-lwf2am2s7d95e4@resize_ss640x400,https://www.foody.vn/da-nang/com-chay-tam-tran-trung-nu-vuong,
1247079,Bánh Mì Chuột Ông Lý - 288 Bế Văn Đàn,"288 Bế Văn Đàn, P. Hòa Khê, Quận Thanh Khê, Đà Nẵng",Quận Thanh Khê,Đà Nẵng,16.0656314,108.1924347,10.0,1,1,0,,,,Đang cập nhật,False,False,False,False,,Quán ăn,,https://down-vn.img.susercontent.com/vn-11134259-7ra0g-m8opx66p880288@resize_ss640x400,https://www.foody.vn/da-nang/banh-mi-chuot-ong-ly-288-be-van-dan,/da-nang/banh-mi-chuot-ong-ly-288-be-van-dan/goi-mon
213975,Kem Bơ Cô Vân - Chợ Bắc Mỹ An,"Khu Hàng Ăn Uống Lô AU20-21-22 Chợ Bắc Mỹ An, 25 Nguyễn Bá Lân, P. Mỹ An, Quận Ngũ Hành Sơn, Đà Nẵng",Quận Ngũ Hành Sơn,Đà Nẵng,16.0415696,108.2422682,7.984,157,446,0,,,,Đang cập nhật,True,False,False,False,,Café/Dessert,Món Việt,https://down-vn.img.susercontent.com/vn-11134513-7r98o-lstwii6142vt29@resize_ss640x400,https://www.foody.vn/da-nang/kem-bo-co-van-cho-bac-my-an,/da-nang/kem-bo-co-van-cho-bac-my-an/goi-mon
976895,Phở Thìn - Ngô Gia Tự,"43 Ngô Gia Tự, Quận Hải Châu, Đà Nẵng",Quận Hải Châu,Đà Nẵng,16.0694565,108.21738,6.292,13,60,0,,,,Đang cập nhật,True,False,False,False,,Quán ăn,Món Việt,https://down-vn.img.susercontent.com/vn-11134513-7r98o-lsu8vvi89hg96a@resize_ss640x400,https://www.foody.vn/da-nang/pho-thin-ngo-gia-tu,/da-nang/pho-thin-ngo-gia-tu/goi-mon
1002553,Ốc Đêm Sài Gòn - Nguyễn Thị Định,"Bên Cạnh Số 1 Nguyễn Thị Định, P. An Hải Bắc, Quận Sơn Trà, Đà Nẵng",Quận Sơn Trà,Đà Nẵng,16.083205,108.233234,9.528,8,9,0,,,,0905655628,False,False,False,False,,Ăn vặt/vỉa hè,Món Việt,https://down-vn.img.susercontent.com/vn-11134513-7r98o-lsu9i4jy0za163@resize_ss640x400,https://www.foody.vn/da-nang/oc-dem-sai-gon-nguyen-thi-dinh,/da-nang/oc-dem-sai-gon-nguyen-thi-dinh/goi-mon
1000000393,Gà Nướng Lu 3 Ngon - Phạm Hồng Thái,"39 Phạm Hồng Thái, Quận Hải Châu, Đà Nẵng",Quận Hải Châu,Đà Nẵng,16.0673335,108.2211841,8.8,6,1,0,,,,Đang cập nhật,True,False,False,False,,"Ăn vặt/vỉa hè,, Shop/Cửa hàng",Món Việt,https://down-vn.img.susercontent.com/vn-11134513-7r98o-lsvdr3e216f87c@resize_ss640x400,https://www.foody.vn/da-nang/ga-nuong-lu-3-ngon-pham-hong-thai,/da-nang/ga-nuong-lu-3-ngon-pham-hong-thai/goi-mon
994085,Bánh Canh Ruộng,"Lê Văn Duyệt, P. Nại Hiên Đông, Quận Sơn Trà, Đà Nẵng",Quận Sơn Trà,Đà Nẵng,16.088321,108.228985,8.7,2,9,0,,,,Đang cập nhật,False,False,False,False,,Quán ăn,Món Việt,https://down-vn.img.susercontent.com/vn-11134259-7r98o-lwgsqtogr1sr77@resize_ss640x400,https://www.foody.vn/da-nang/banh-canh-ruong,
175643,Mì Quảng Bà Anh,"K152/4 Phan Thanh, P. Thạc Gián, Quận Thanh Khê, Đà Nẵng",Quận Thanh Khê,Đà Nẵng,16.060278,108.209035,7.73,14,47,0,,,,Đang cập nhật,False,False,False,False,,Quán ăn,Món Việt,https://down-vn.img.susercontent.com/vn-11134513-7r98o-lstv8ycesmu1ac@resize_ss640x400,https://www.foody.vn/da-nang/mi-quang-ba-anh,/da-nang/mi-quang-ba-anh/goi-mon
22344,Hai Cử - Nhậu Bình Dân,"63 Yên Bái, Quận Hải Châu, Đà Nẵng",Quận Hải Châu,Đà Nẵng,16.065583,108.222381,4.694,15,56,0,,,,(0236) 3 825 588,True,False,False,False,,Quán ăn,Món Việt,https://down-vn.img.susercontent.com/vn-11134259-7r98o-lwbwx76fs5i37b@resize_ss640x400,https://www.foody.vn/da-nang/hai-cu-nhau-binh-dan,
1053764,Bánh Canh Thu,"286 Núi Thành, P. Hòa Cường Bắc, Quận Hải Châu, Đà Nẵng",Quận Hải Châu,Đà Nẵng,16.044691,108.221419,10.0,1,0,0,,,,Đang cập nhật,True,False,False,False,,Quán ăn,Món Miền Trung,https://down-vn.img.susercontent.com/vn-11134513-7r98o-lsv23nsogjvdef@resize_ss640x400,https://www.foody.vn/da-nang/banh-canh-thu,/da-nang/banh-canh-thu/goi-mon
317145,Bánh Mì Heo Quay Cô Tuyết - Lê Đình Lý,"66 Lê Đình Lý, P. Vĩnh Trung, Quận Thanh Khê, Đà Nẵng",Quận Thanh Khê,Đà Nẵng,16.056995,108.211514,8.462,13,30,0,,,,0905 027 141,True,False,False,False,,Ăn vặt/vỉa hè,Món Việt,https://down-vn.img.susercontent.com/vn-11134513-7r98o-lstyv8fdfel519@resize_ss640x400,https://www.foody.vn/da-nang/banh-mi-heo-quay-co-tuyet-le-dinh-ly,/da-nang/banh-mi-heo-quay-co-tuyet-le-dinh-ly/goi-mon
1055712,Tiệm Cơm Chú Bìn - Cơm Gà Xối Mỡ - Lý Thái Tổ,"69/45 Lý Thái Tổ, P. Thạc Gián, Quận Thanh Khê, Đà Nẵng",Quận Thanh Khê,Đà Nẵng,16.065913,108.208612,7.8,6,14,0,,,,Đang cập nhật,True,False,False,False,,Quán ăn,Món Việt,https://down-vn.img.susercontent.com/vn-11134513-7r98o-lsv28glzkf4p33@resize_ss640x400,https://www.foody.vn/da-nang/tiem-com-chu-bin-com-ga-xoi-mo-ly-thai-to,/da-nang/tiem-com-chu-bin-com-ga-xoi-mo-ly-thai-to/goi-mon
699396,Cơm Niêu Cá Rô Đồng,"255 Trần Phú, Quận Hải Châu, Đà Nẵng",Quận Hải Châu,Đà Nẵng,16.062736,108.223326,8.1,2,44,0,,,,Đang cập nhật,True,False,False,False,,Quán ăn,Món Việt,https://down-vn.img.susercontent.com/vn-11134259-7r98o-lwhxsd8lduxle0@resize_ss640x400,https://www.foody.vn/da-nang/com-nieu-ca-ro-dong,
1000029788,Dưỡng - Cơm Ngon - Đống Đa,"378 Đổng Đa, P. Thanh Bình, Quận Hải Châu, Đà Nẵng",Quận Hải Châu,Đà Nẵng,16.0741542,108.2139122,10.0,1,0,0,,,,Đang cập nhật,True,False,False,False,,"Quán ăn,, Giao cơm văn phòng",Món Việt,https://down-vn.img.susercontent.com/vn-11134513-7r98o-lsvemvdtxpjt3d@resize_ss640x400,https://www.foody.vn/da-nang/duong-com-ngon-dong-da.mg3iou,/da-nang/duong-com-ngon-dong-da.mg3iou/goi-mon
130530,Hội An Quán,"136 Yên Bái , Quận Hải Châu, Đà Nẵng",Quận Hải Châu,Đà Nẵng,16.064846,108.222341,7.534,46,370,0,,,,0905 718 192 - 0934 400 525,True,False,False,False,,Quán ăn,Món Quảng,https://down-vn.img.susercontent.com/vn-11134513-7r98o-lsttpkvc04w42b@resize_ss640x400,https://www.foody.vn/da-nang/hoi-an-quan,/da-nang/hoi-an-quan/goi-mon
1036780,Cơm Bếp Việt,"166 Lê Đình Lý, P. Hòa Thuận Đông, Quận Hải Châu, Đà Nẵng",Quận Hải Châu,Đà Nẵng,16.052692,108.210534,9.4,1,0,0,,,,Đang cập nhật,True,False,False,False,,Quán ăn,Món Việt,https://down-vn.img.susercontent.com/vn-11134513-7r98o-lsv0po501h216a@resize_ss640x400,https://www.foody.vn/da-nang/com-bep-viet,/da-nang/com-bep-viet/goi-mon
1000000032,A Linh - Cơm Gà - Ông Ích Đường,"231 Ông Ích Đường, P. Khuê Trung, Quận Cẩm Lệ, Đà Nẵng",Quận Cẩm Lệ,Đà Nẵng,16.0142524,108.2035063,9.6,1,0,0,,,,Đang cập nhật,True,False,False,False,,"Quán ăn,, Giao cơm văn phòng",Món Việt,https://down-vn.img.susercontent.com/vn-11134513-7r98o-lsvdnu4pmls470@resize_ss640x400,https://www.foody.vn/da-nang/a-linh-com-ga-ong-ich-duong,/da-nang/a-linh-com-ga-ong-ich-duong/goi-mon
876989,Cơm Gà Hội An - Thành Nhân,"02 Thanh Sơn, P. Thanh Bình, Quận Hải Châu, Đà Nẵng",Quận Hải Châu,Đà Nẵng,16.0787603,108.2123445,8.2,2,5,0,,,,0925064868,True,False,False,False,,Quán ăn,Món Việt,https://down-vn.img.susercontent.com/vn-11134513-7r98o-lsu6peutson88f@resize_ss640x400,https://www.foody.vn/da-nang/com-ga-bun-bo-hue-thanh-son,/da-nang/com-ga-bun-bo-hue-thanh-son/goi-mon
965259,Cơm Gà Đồng,"83 An Trung Đông 7, Quận Sơn Trà, Đà Nẵng",Quận Sơn Trà,Đà Nẵng,16.06009,108.237657,10.0,3,0,0,,,,0979469212,True,False,False,False,,Quán ăn,Món Việt,https://down-vn.img.susercontent.com/vn-11134513-7r98o-lsu8lccd4ero0b@resize_ss640x400,https://www.foody.vn/da-nang/com-ga-dong,/da-nang/com-ga-dong/goi-mon
263768,Bánh Canh Cá Lóc Bé Tâm - Đống Đa,"69 Đống Đa, P. Thạch Thang, Quận Hải Châu, Đà Nẵng",Quận Hải Châu,Đà Nẵng,16.0802936,108.2185572,7.944,22,68,0,,,,Đang cập nhật,True,False,False,False,,Quán ăn,Món Huế,https://down-vn.img.susercontent.com/vn-11134513-7r98o-lstxrd67qymc08@resize_ss640x400,https://www.foody.vn/da-nang/banh-canh-ca-loc-be-tam-dong-da,/da-nang/banh-canh-ca-loc-be-tam-dong-da/goi-mon
32863,Mì Quảng Sứa Hồng Vân,"59 Lê Hồng Phong, P. Phước Ninh, Quận Hải Châu, Đà Nẵng",Quận Hải Châu,Đà Nẵng,16.06401,108.220835,7.412,17,91,0,,,,Đang cập nhật,True,False,False,False,,Quán ăn,Món Việt,https://down-vn.img.susercontent.com/vn-11134513-7r98o-lstr63mx932c7e@resize_ss640x400,https://www.foody.vn/da-nang/mi-quang-sua-hong-van,/da-nang/mi-quang-sua-hong-van/goi-mon
145628,Mì Quảng Bà Vị - Ngũ Hành Sơn,"60 Ngũ Hành Sơn, Quận Ngũ Hành Sơn, Đà Nẵng",Quận Ngũ Hành Sơn,Đà Nẵng,16.050255,108.237684,8.468,6,44,0,,,,Đang cập nhật,True,False,False,False,,Quán ăn,Món Quảng,https://down-vn.img.susercontent.com/vn-11134513-7r98o-lstu9bf27av841@resize_ss640x400,https://www.foody.vn/da-nang/mi-quang-ba-vi-ngu-hanh-son,/da-nang/mi-quang-ba-vi-ngu-hanh-son/goi-mon
133375,Bánh Canh Ruộng Dung - Hà Thị Thân,"41 Hà Thị Thân, Quận Sơn Trà, Đà Nẵng",Quận Sơn Trà,Đà Nẵng,16.058786,108.232251,7.6,1,33,0,,,,Đang cập nhật,False,False,False,False,,Quán ăn,Món Miền Trung,https://down-vn.img.susercontent.com/vn-11134259-7r98o-lwfyhhlsq66ze8@resize_ss640x400,https://www.foody.vn/da-nang/banh-canh-ruong-dung-ha-thi-than,
159063,Súp Cua - Trần Phú,"169 Trần Phú, P. Hải Châu 1, Quận Hải Châu, Đà Nẵng",Quận Hải Châu,Đà Nẵng,16.066674,108.223736,6.128,8,20,0,,,,0902 177 564,False,False,False,False,,Ăn vặt/vỉa hè,Món Việt,https://down-vn.img.susercontent.com/vn-11134513-7r98o-lstupyor8t5leb@resize_ss640x400,https://www.foody.vn/da-nang/quan-sup-cua-tran-phu,/da-nang/quan-sup-cua-tran-phu/goi-mon
1000046349,Bánh Mì Que Cậu Ba - Bánh Mì Que - Hồ Hán Thương,"51 Hồ Hán Thương, P. Nại Hiên Đông, Quận Sơn Trà, Đà Nẵng",Quận Sơn Trà,Đà Nẵng,16.0952508,108.2326491,9.4,1,1,0,,,,Đang cập nhật,False,False,False,False,,Ăn vặt/vỉa hè,"Đặc sản vùng,, Món Miền Trung",https://down-vn.img.susercontent.com/vn-11134513-7r98o-lsvfnmk3mq3d78@resize_ss640x400,https://www.foody.vn/da-nang/banh-mi-que-cau-ba-banh-mi-que-ho-han-thuong.db4iyn,/da-nang/banh-mi-que-cau-ba-banh-mi-que-ho-han-thuong.db4iyn/goi-mon
939968,Bánh Mì Que Bé Hiền,"854 Ngô Quyền, P. An Hải Bắc, Quận Sơn Trà, Đà Nẵng",Quận Sơn Trà,Đà Nẵng,16.078074,108.231957,8.4,1,2,0,,,,0906565506,False,False,False,False,,Ăn vặt/vỉa hè,Món Việt,https://down-vn.img.susercontent.com/vn-11134513-7r98o-lsu80byjzxs429@resize_ss640x400,https://www.foody.vn/da-nang/banh-mi-que-be-hien,/da-nang/banh-mi-que-be-hien/goi-mon
995385,Bún Mắm Cô Nghĩa,"52 Trần Quốc Toản, P. Hải Châu 1, Quận Hải Châu, Đà Nẵng",Quận Hải Châu,Đà Nẵng,16.06639,108.221505,8.0,1,6,0,,,,Đang cập nhật,False,False,False,False,,Ăn vặt/vỉa hè,Món Việt,https://down-vn.img.susercontent.com/vn-11134513-7r98o-lsu9b4psk72c64@resize_ss640x400,https://www.foody.vn/da-nang/bun-mam-co-nghia,/da-nang/bun-mam-co-nghia/goi-mon
723750,"Chè Thái, Chè Đậu & Sinh Tố - Chè Ông Cúc - 918 Trần Cao Vân","918 Trần Cao Vân, P. Thanh Khê Đông, Quận Thanh Khê, Đà Nẵng",Quận Thanh Khê,Đà Nẵng,16.066748,108.182461,7.326,22,47,0,,,,Đang cập nhật,True,False,False,False,,Café/Dessert,Món Việt,https://down-vn.img.susercontent.com/vn-11134513-7r98o-lsu2kgi0ydg908@resize_ss640x400,https://www.foody.vn/da-nang/che-thai-che-dau-sinh-to-che-ong-cuc-918-tran-cao-van,/da-nang/che-thai-che-dau-sinh-to-che-ong-cuc-918-tran-cao-van/goi-mon
195989,Mì Quảng Ếch Bếp Trang - 212 Bạch Đằng - Đà Nẵng,"212 Bạch Đằng, P. Phước Ninh, Quận Hải Châu, Đà Nẵng",Quận Hải Châu,Đà Nẵng,16.06517,108.2240951,6.058,86,292,0,,,,Đang cập nhật,True,False,False,False,,Quán ăn,Món Miền Trung,https://down-vn.img.susercontent.com/vn-11134513-7r98o-lstvy9ox6ra1ab@resize_ss640x400,https://www.foody.vn/da-nang/mi-quang-ech-bep-trang-212-bach-dang-da-nang,/da-nang/mi-quang-ech-bep-trang-212-bach-dang-da-nang/goi-mon
685265,Mì Quảng Kiểm Lâm,"114 Huỳnh Thúc Kháng, P. Nam Dương, Quận Hải Châu, Đà Nẵng",Quận Hải Châu,Đà Nẵng,16.0591223,108.2180498,6.7,4,11,0,,,,Đang cập nhật,True,False,False,False,,Quán ăn,Món Quảng,https://down-vn.img.susercontent.com/vn-11134513-7r98o-lsu10aofn9uhe4@resize_ss640x400,https://www.foody.vn/da-nang/mi-quang-kiem-lam,/da-nang/mi-quang-kiem-lam/goi-mon
5725,Mì Quảng Quê - Tinh Hoa Ẩm Thực Đất Quảng,"258 Đống Đa, Quận Hải Châu, Đà Nẵng",Quận Hải Châu,Đà Nẵng,16.076744,108.215976,8.226,23,56,0,,,,(0236) 3 532 258,True,False,False,False,,Quán ăn,Món Quảng,https://down-vn.img.susercontent.com/vn-11134513-7r98o-lstq0rn2r53td6@resize_ss640x400,https://www.foody.vn/da-nang/mi-quang-que-tinh-hoa-am-thuc-dat-quang,/da-nang/mi-quang-que-tinh-hoa-am-thuc-dat-quang/goi-mon
748380,Bún Đậu Mắm Tôm Bà Cúc,"117 Đặng Dung, P. Hòa Khành Nam, Quận Liên Chiểu, Đà Nẵng",Quận Liên Chiểu,Đà Nẵng,16.067764,108.151527,7.436,11,34,0,,,,Đang cập nhật,True,False,False,False,,Quán ăn,Hà Nội,https://down-vn.img.susercontent.com/vn-11134513-7r98o-lsu3osh064lge8@resize_ss640x400,https://www.foody.vn/da-nang/bun-dau-mam-tom-ba-cuc,/da-nang/bun-dau-mam-tom-ba-cuc/goi-mon
1063823,Tiệm Bánh Vani - Lê Đình Dương,"107 Lê Đình Dương, P. Nam Dương, Quận Hải Châu, Đà Nẵng",Quận Hải Châu,Đà Nẵng,16.0618343,108.2185777,6.1,2,0,0,,,,Đang cập nhật,True,False,False,False,,Tiệm bánh,Món Việt,https://down-vn.img.susercontent.com/vn-11134513-7ra0g-m9tx5210fhqac3@resize_ss640x400,https://www.foody.vn/da-nang/tiem-banh-vani-bong-lan-trung-muoi-le-dinh-duong,/da-nang/tiem-banh-vani-bong-lan-trung-muoi-le-dinh-duong/goi-mon
184953,Tiệm Bánh Vani - Phan Châu Trinh,"184 Phan Châu Trinh, Quận Hải Châu, Đà Nẵng",Quận Hải Châu,Đà Nẵng,16.061555,108.219625,7.234,102,407,0,,,,Đang cập nhật,True,False,False,False,,Shop Online,Món Việt,https://down-vn.img.susercontent.com/vn-11134513-7r98o-lstvkqlzxl8k9e@resize_ss640x400,https://www.foody.vn/da-nang/tiem-banh-vani-bong-lan-trung-muoi,/da-nang/tiem-banh-vani-bong-lan-trung-muoi/goi-mon
1129368,Ốc Đêm 39K - Mai Dị,"05 Mai Dị, P. Hòa Cường Bắc, Quận Hải Châu, Đà Nẵng",Quận Hải Châu,Đà Nẵng,16.0452527,108.2183795,5.8,1,0,0,,,,Đang cập nhật,False,False,False,False,,Quán ăn,,https://down-vn.img.susercontent.com/vn-11134513-7r98o-lsv811dbeo5g13@resize_ss640x400,https://www.foody.vn/da-nang/oc-dem-39k-mai-di,/da-nang/oc-dem-39k-mai-di/goi-mon
47099,Bún Bò Huế Chị Hồng,"145 Ngũ Hành Sơn, P. Mỹ An, Quận Ngũ Hành Sơn, Đà Nẵng",Quận Ngũ Hành Sơn,Đà Nẵng,16.040771,108.241805,6.92,10,16,0,,,,Đang cập nhật,False,False,False,False,,Quán ăn,Món Quảng,https://down-vn.img.susercontent.com/vn-11134513-7r98o-lstrpjvoj4bdef@resize_ss640x400,https://www.foody.vn/da-nang/bun-bo-hue-chi-hong,/da-nang/bun-bo-hue-chi-hong/goi-mon
298530,Ăn Vặt Thanh Hiền - Shop Online,"123/96/8 Cù Chính Lan, Quận Thanh Khê, Đà Nẵng",Quận Thanh Khê,Đà Nẵng,16.065019,108.18583,8.668,3,10,0,,,,0909 570 697,True,False,False,False,,Shop Online,Món Việt,https://down-vn.img.susercontent.com/vn-11134513-7r98o-lstydldyqb4462@resize_ss640x400,https://www.foody.vn/da-nang/an-vat-thanh-hien-shop-online,/da-nang/an-vat-thanh-hien-shop-online/goi-mon
185753,Ốc Đĩa Bay - Ốc Hút Dì Lược,"Doãn Khuê, Nại Nam 2 ( Quán Nằm Đối Diện Cung Thể Thao Hòa Cường Bắc, Từ Đầu Đường 2/9 Đi Vào Quán Nằm Đoạn Giữa ), P. Hòa Cường Bắc, Quận Hải Châu, Đà Nẵng",Quận Hải Châu,Đà Nẵng,16.0357829,108.2252778,7.602,34,164,0,,,,Đang cập nhật,False,False,False,False,,Ăn vặt/vỉa hè,Món Quảng,https://down-vn.img.susercontent.com/vn-11134513-7r98o-lstvlpbf57kp4f@resize_ss640x400,https://www.foody.vn/da-nang/oc-dia-bay-oc-hut-di-luoc,/da-nang/oc-dia-bay-oc-hut-di-luoc/goi-mon
690637,Đặc Sản Lào 2 - Các Món Ăn Lào,"45 Đống Đa, P. Thuận Phước, Quận Hải Châu, Đà Nẵng",Quận Hải Châu,Đà Nẵng,16.081676,108.219566,7.6,4,19,0,,,,0947 534 578,False,False,False,False,,Quán ăn,Món Á,https://down-vn.img.susercontent.com/vn-11134513-7r98o-lsu18trq96s98c@resize_ss640x400,https://www.foody.vn/da-nang/dac-san-lao-2-cac-mon-an-lao,/da-nang/dac-san-lao-2-cac-mon-an-lao/goi-mon
281758,Bánh Canh Chị Dương,"27 Nguyễn Đức Trung, P. Xuân Hà, Quận Thanh Khê, Đà Nẵng",Quận Thanh Khê,Đà Nẵng,16.070694,108.187282,7.9,2,20,0,,,,Đang cập nhật,True,False,False,False,,Quán ăn,,https://down-vn.img.susercontent.com/vn-11134513-7r98o-lsty1u5a3cm1a7@resize_ss640x400,https://www.foody.vn/da-nang/banh-canh-chi-duong,/da-nang/banh-canh-chi-duong/goi-mon
1110608,Chân Gà Xào Cay - Ăn Vặt Bắp Cải,"351/22/14 Nguyễn Phước Nguyên, P. An Khê, Quận Thanh Khê, Đà Nẵng",Quận Thanh Khê,Đà Nẵng,16.0517069,108.1855667,9.198,3,4,0,,,,Đang cập nhật,False,False,False,False,,Quán ăn,,https://down-vn.img.susercontent.com/vn-11134513-7r98o-lsv6r5hgs2op0f@resize_ss640x400,https://www.foody.vn/da-nang/chan-ga-xao-cay-an-vat-bap-cai,/da-nang/chan-ga-xao-cay-an-vat-bap-cai/goi-mon
964523,Bún Đậu Nón - 117 Ngô Tất Tố,"117 Ngô Tất Tố (gần Phan Đăng Lưu), Quận Hải Châu, Đà Nẵng",Quận Hải Châu,Đà Nẵng,16.0365202,108.2170638,8.094,19,146,0,,,,0908333673 ( Ms. Nguyệt),True,False,False,False,,"Nhà hàng,, Quán ăn,, Giao cơm văn phòng","Món Huế,, Món Quảng,, Hà Nội,, Bình Định,, Nha Trang",https://down-vn.img.susercontent.com/vn-11134513-7r98o-lsu8jwsekds4b0@resize_ss640x400,https://www.foody.vn/da-nang/bun-dau-non,/da-nang/bun-dau-non/goi-mon
202455,Bánh Mì Que Tứ Hải - 860 Ngô Quyền,"860 Ngô Quyền, Quận Sơn Trà, Đà Nẵng",Quận Sơn Trà,Đà Nẵng,16.0777986,108.2315873,7.58,9,28,0,,,,0995 328 474,False,False,False,False,,Ăn vặt/vỉa hè,Món Việt,https://down-vn.img.susercontent.com/vn-11134259-7r98o-lwdjwy6d5fix32@resize_ss640x400,https://www.foody.vn/da-nang/banh-mi-que-tu-hai-860-ngo-quyen,/da-nang/banh-mi-que-tu-hai-860-ngo-quyen/goi-mon
677974,Veteran Restaurant - Nhà Hàng Hàn Quốc,"8 Dương Đình Nghệ, P. An Hải Bắc, Quận Sơn Trà, Đà Nẵng",Quận Sơn Trà,Đà Nẵng,16.068896,108.242627,8.122,18,90,0,,,,Đang cập nhật,False,False,False,False,,Nhà hàng,Món Hàn,https://down-vn.img.susercontent.com/vn-11134513-7r98o-lsu0rebmg595f0@resize_ss640x400,https://www.foody.vn/da-nang/veteran-restaurant-nha-hang-han-quoc,/da-nang/veteran-restaurant-nha-hang-han-quoc/goi-mon
1000000436,3Ben - Trứng Gà Nướng & Ăn Vặt,"90 Lý Đạo Thành, Quận Sơn Trà, Đà Nẵng",Quận Sơn Trà,Đà Nẵng,16.0863403,108.2377557,9.736,3,3,0,,,,Đang cập nhật,True,False,False,False,,Quán ăn,Món Việt,https://down-vn.img.susercontent.com/vn-11134513-7r98o-lsvdp0wx0p7dcd@resize_ss640x400,https://www.foody.vn/da-nang/3ben-trung-ga-nuong-an-vat,/da-nang/3ben-trung-ga-nuong-an-vat/goi-mon
803906,Cơm Gà & Gà Nướng - GÀ BISTRO - 07 Hải Phòng ,"07 Hải Phòng, P. Hải Châu 1, Quận Hải Châu, Đà Nẵng",Quận Hải Châu,Đà Nẵng,16.0724363,108.219366,6.842,14,32,0,,,,Đang cập nhật,True,False,False,False,,Quán ăn,Món Việt,https://down-vn.img.susercontent.com/vn-11134513-7r98o-lsu5vtgmvee1cd@resize_ss640x400,https://www.foody.vn/da-nang/com-ga-ga-nuong-ga-bistro-07-hai-phong,/da-nang/com-ga-ga-nuong-ga-bistro-07-hai-phong/goi-mon
872326,Cơm Gà Viễn Thông,"128 Khúc Hạo, P. Nại Hiên Đông, Quận Sơn Trà, Đà Nẵng",Quận Sơn Trà,Đà Nẵng,16.0911598,108.23474,6.0,3,3,0,,,,0905537545,True,False,False,False,,Quán ăn,Món Việt,https://down-vn.img.susercontent.com/vn-11134513-7r98o-lsu6g8set5twfb@resize_ss640x400,https://www.foody.vn/da-nang/com-ga-vien-thong,/da-nang/com-ga-vien-thong/goi-mon
959667,Cơm Huế Như - Bếp Huế - 117 Ngô Gia Tự,"117 Ngô Gia Tự, P. Hải Châu 2, Quận Hải Châu, Đà Nẵng",Quận Hải Châu,Đà Nẵng,16.066385,108.218046,6.032,7,9,0,,,,098 1461769,True,False,False,False,,Quán ăn,Món Việt,https://down-vn.img.susercontent.com/vn-11134513-7r98o-lsu8gesoxuis4a@resize_ss640x400,https://www.foody.vn/da-nang/com-hue-nhu-ngo-gia-tu,/da-nang/com-hue-nhu-ngo-gia-tu/goi-mon
954848,Dookki Việt Nam - Lẩu & Buffet Tokpokki - Bạch Đằng,"Tầng 1, Indochina Riverside Towers, 74 Bạch Đằng, Quận Hải Châu, Đà Nẵng",Quận Hải Châu,Đà Nẵng,16.070502,108.2247,7.298,68,292,0,,,,Đang cập nhật,True,False,False,False,,Buffet,Món Việt,https://down-vn.img.susercontent.com/vn-11134259-7r98o-lwcl1z4x8s7v4c@resize_ss640x400,https://www.foody.vn/da-nang/dookki-viet-nam-lau-buffet-tokpokki,
991358,Bò Bae - Phở Bò & Bò Né ,"66 Dương Đình Nghệ, Quận Sơn Trà, Đà Nẵng",Quận Sơn Trà,Đà Nẵng,16.068899,108.238036,8.2,1,46,0,,,,Đang cập nhật,True,False,False,False,,Quán ăn,Món Việt,https://down-vn.img.susercontent.com/vn-11134259-7r98o-lwe21cmbthw986@resize_ss640x400,https://www.foody.vn/da-nang/bo-bae-pho-bo-bo-ne,
205626,Ăn Vặt Mẹ Của Ken,"118/5 Lê Đình Lý, Quận Hải Châu, Đà Nẵng",Quận Hải Châu,Đà Nẵng,16.054246,108.211909,7.576,51,338,0,,,,Đang cập nhật,False,False,False,False,,Ăn vặt/vỉa hè,Món Việt,https://down-vn.img.susercontent.com/vn-11134513-7r98o-lstw841mlghw10@resize_ss640x400,https://www.foody.vn/da-nang/an-vat-me-cua-ken,/da-nang/an-vat-me-cua-ken/goi-mon
1136643,TIỆM MỲ CAY BÔNG - 47 VĂN TIẾN DŨNG,"47 Văn Tiến Dũng, P. Hòa Xuân, Quận Cẩm Lệ, Đà Nẵng",Quận Cẩm Lệ,Đà Nẵng,16.0060759,108.2129278,10.0,1,1,0,,,,Đang cập nhật,False,False,False,False,,Café/Dessert,,https://down-vn.img.susercontent.com/vn-11134513-7ra0g-m7wdgzmtkcxa2f@resize_ss640x400,https://www.foody.vn/da-nang/tiem-my-cay-bong-47-van-tien-dung,/da-nang/tiem-my-cay-bong-47-van-tien-dung/goi-mon
920413,Gà Rán KFC - Nguyễn Văn Thoại,"125 Nguyễn Văn Thoại, P. An Hải Đông, Quận Sơn Trà, Đà Nẵng",Quận Sơn Trà,Đà Nẵng,16.054672,108.240244,5.036,11,17,0,,,,Đang cập nhật,True,False,False,False,,Nhà hàng,Mỹ,https://down-vn.img.susercontent.com/vn-11134513-7r98o-lsu7qfwt15sp4a@resize_ss640x400,https://www.foody.vn/da-nang/ga-ran-kfc-nguyen-van-thoai,/da-nang/ga-ran-kfc-nguyen-van-thoai/goi-mon
6693,Chả Bò Lê Thị Hường,"4 Hoàng Diệu, Quận Hải Châu, Đà Nẵng",Quận Hải Châu,Đà Nẵng,16.066032,108.21986,5.288,9,11,0,,,,Đang cập nhật,True,False,False,False,,Quán ăn,Món Miền Trung,https://down-vn.img.susercontent.com/vn-11134513-7r98o-lstq2ikao9ll1c@resize_ss640x400,https://www.foody.vn/da-nang/cha-bo-le-thi-huong,/da-nang/cha-bo-le-thi-huong/goi-mon
1000000496,Le'Tea Tiệm Trà Chanh - Sữa Chua Trân Châu Hà Thành - Tôn Đức Thắng,"495 Tôn Đức Thắng, P. Hòa Khánh Nam, Quận Liên Chiểu, Đà Nẵng",Quận Liên Chiểu,Đà Nẵng,16.0636546,108.1573809,8.2,5,4,0,,,,Đang cập nhật,True,False,False,False,,Café/Dessert,"Món Việt,, Đặc biệt",https://down-vn.img.susercontent.com/vn-11134513-7r98o-lsvdrg13ja1l4f@resize_ss640x400,https://www.foody.vn/da-nang/le-tea-tiem-tra-chanh-sua-chua-tran-chau-ha-thanh-ton-duc-thang,/da-nang/le-tea-tiem-tra-chanh-sua-chua-tran-chau-ha-thanh-ton-duc-thang/goi-mon
674476,Cửa Hàng Cà Phê 80s,"45 Mộc Bài 1, P. Hòa Khánh Nam, Quận Liên Chiểu, Đà Nẵng",Quận Liên Chiểu,Đà Nẵng,16.06973,108.155371,7.472,11,117,0,,,,0984 444 233,True,False,False,False,,Café/Dessert,Món Việt,https://down-vn.img.susercontent.com/vn-11134513-7r98o-lsu0n7cddz9g73@resize_ss640x400,https://www.foody.vn/da-nang/cua-hang-ca-phe-80s,/da-nang/cua-hang-ca-phe-80s/goi-mon
754639,Mr.Lam Study Coffee - Trần Văn Kỷ,"49 Trần Văn Kỷ, P. Hòa Khánh Nam, Quận Liên Chiểu, Đà Nẵng",Quận Liên Chiểu,Đà Nẵng,16.06904,108.155368,9.3,2,16,0,,,,Đang cập nhật,True,False,False,False,,Café/Dessert,Món Việt,https://down-vn.img.susercontent.com/vn-11134513-7r98o-lsu3yadvtkm14a@resize_ss640x400,https://www.foody.vn/da-nang/mr-lam-study-coffee-tran-van-ky,/da-nang/mr-lam-study-coffee-tran-van-ky/goi-mon
249472,To Go Milk Tea,"32 Trần Văn Kỷ, P. Hoà Khánh Nam, Quận Liên Chiểu, Đà Nẵng",Quận Liên Chiểu,Đà Nẵng,16.069612,108.154957,6.32,5,34,0,,,,Đang cập nhật,False,False,False,False,,Shop Online,Món Việt,https://down-vn.img.susercontent.com/vn-11134513-7r98o-lstximwln2dg11@resize_ss640x400,https://www.foody.vn/da-nang/to-go-milk-tea,/da-nang/to-go-milk-tea/goi-mon
1050393,Ocha House Food & Tea,"30 Trần Văn Kỷ, P. Hòa Khánh Nam, Quận Liên Chiểu, Đà Nẵng",Quận Liên Chiểu,Đà Nẵng,16.069844,108.154633,9.6,2,2,0,,,,Đang cập nhật,True,False,False,False,,Café/Dessert,Món Việt,https://down-vn.img.susercontent.com/vn-11134513-7r98o-lsv1u6oe5jno47@resize_ss640x400,https://www.foody.vn/da-nang/ocha-house-food-tea,/da-nang/ocha-house-food-tea/goi-mon
748066,Gim - Quán Ăn Hàn Quốc,"97 Nam Cao, P. Hòa Khánh Nam, Quận Liên Chiểu, Đà Nẵng",Quận Liên Chiểu,Đà Nẵng,16.065969,108.148358,8.072,11,78,0,,,,01634 600 424,True,False,False,False,,Quán ăn,Món Nhật,https://down-vn.img.susercontent.com/vn-11134513-7r98o-lsu3msqn53no09@resize_ss640x400,https://www.foody.vn/da-nang/gim-quan-an-han-quoc,/da-nang/gim-quan-an-han-quoc/goi-mon
1000470,Lord Coffee & Tea,"104 Ngô Văn Sở, P. Hòa Khánh Bắc, Quận Liên Chiểu, Đà Nẵng",Quận Liên Chiểu,Đà Nẵng,16.068067,108.148553,9.864,6,39,0,,,,0944109123,True,False,False,False,,Café/Dessert,Món Việt,https://down-vn.img.susercontent.com/vn-11134513-7r98o-lsu9g7lgxs5g93@resize_ss640x400,https://www.foody.vn/da-nang/lord-coffee-tea,/da-nang/lord-coffee-tea/goi-mon
923004,Trà Sữa Xingfu Cha - Ngô Thì Nhậm,"30 Đ. Ngô Thì Nhậm, P. Hoà Khánh Nam, Quận Liên Chiểu, Đà Nẵng",Quận Liên Chiểu,Đà Nẵng,16.0696596,108.1528048,7.896,95,410,0,,,,0933323059 ( Mr. Nguyễn Mậu Hoàng Phú ) ,True,False,False,False,,Café/Dessert,Món Việt,https://down-vn.img.susercontent.com/vn-11134513-81ztc-mnmbcay9uupxd6@resize_ss640x400,https://www.foody.vn/da-nang/tra-sua-xingfu-cha-ngo-thi-nham,/da-nang/tra-sua-xingfu-cha-ngo-thi-nham/goi-mon
955773,Rio Coffee & Tea,"14 Mộc Bài 5, P. Hòa Khánh Nam, Quận Liên Chiểu, Đà Nẵng",Quận Liên Chiểu,Đà Nẵng,16.068587,108.153578,6.068,3,41,0,,,,Đang cập nhật,True,False,False,False,,Café/Dessert,Món Việt,https://down-vn.img.susercontent.com/vn-11134513-7r98o-lsu8flepy284e2@resize_ss640x400,https://www.foody.vn/da-nang/rio-coffee-tea,/da-nang/rio-coffee-tea/goi-mon
1056289,Đồ Ăn Vặt Fun - Nguyễn Cư Trinh,"27A Nguyễn Cư Trinh, P. Hòa Cường Bắc, Quận Hải Châu, Đà Nẵng",Quận Hải Châu,Đà Nẵng,16.038323,108.217762,8.3,2,141,0,,,,Đang cập nhật,True,False,False,False,,Quán ăn,Món Việt,https://down-vn.img.susercontent.com/vn-11134513-7r98o-lsv2d1a0lgw464@resize_ss640x400,https://www.foody.vn/da-nang/do-an-vat-fun-nguyen-cu-trinh,/da-nang/do-an-vat-fun-nguyen-cu-trinh/goi-mon
1013012,Ốc Lễ Cô Minh,"K1/H21/06 Đỗ Quang, P. Vĩnh Trung, Quận Thanh Khê, Đà Nẵng",Quận Thanh Khê,Đà Nẵng,16.062948,108.212251,7.2,4,10,0,,,,Đang cập nhật,True,False,False,False,,Ăn vặt/vỉa hè,Món Miền Trung,https://down-vn.img.susercontent.com/vn-11134513-7r98o-lsu9nrhv1nkp1a@resize_ss640x400,https://www.foody.vn/da-nang/oc-le-co-minh,/da-nang/oc-le-co-minh/goi-mon
225456,Cháo Dinh Dưỡng Như Quỳnh - Nước Ép & Sinh Tố - Triệu Nữ Vương,"163 Triệu Nữ Vương, P. Nam Dương, Quận Hải Châu, Đà Nẵng",Quận Hải Châu,Đà Nẵng,16.062206,108.216973,4.866,3,2,0,,,,Đang cập nhật,True,False,False,False,,Quán ăn,Món Việt,https://down-vn.img.susercontent.com/vn-11134513-7r98o-lstwx0f0v3r847@resize_ss640x400,https://www.foody.vn/da-nang/chao-dinh-duong-nhu-quynh-nuoc-ep-sinh-to-trieu-nu-vuong,/da-nang/chao-dinh-duong-nhu-quynh-nuoc-ep-sinh-to-trieu-nu-vuong/goi-mon
974855,Cháo Vịt - Nguyễn Trung Trực,"137 Nguyễn Trung Trực, Quận Sơn Trà, Đà Nẵng",Quận Sơn Trà,Đà Nẵng,16.079363,108.232141,7.65,4,5,0,,,,Đang cập nhật,True,False,False,False,,Quán ăn,Món Việt,https://down-vn.img.susercontent.com/vn-11134259-7r98o-lwdkn5d2wtehe0@resize_ss640x400,https://www.foody.vn/da-nang/chao-vit-nguyen-trung-truc,
897579,Bún Mắm Ba Chỉ Giòn Da,"K52 Trần Quốc Toản , Quận Hải Châu, Đà Nẵng",Quận Hải Châu,Đà Nẵng,16.066308,108.221561,7.914,7,21,0,,,,Đang cập nhật,False,False,False,False,,Quán ăn,Món Việt,https://down-vn.img.susercontent.com/vn-11134259-7r98o-lwgctwsewbtn58@resize_ss640x400,https://www.foody.vn/da-nang/bun-mam-ba-chi-gion-da,
315795,Rin Rum - Kem Xôi - Trà Sữa & Ăn Vặt,"98 Phan Đăng Lưu, P. Hòa Cường Bắc, Quận Hải Châu, Đà Nẵng",Quận Hải Châu,Đà Nẵng,16.036861,108.219062,5.64,10,54,0,,,,0905 523 927,False,False,False,False,,Ăn vặt/vỉa hè,Món Việt,https://down-vn.img.susercontent.com/vn-11134513-7r98o-lstyqlhrpqc998@resize_ss640x400,https://www.foody.vn/da-nang/rin-rum-kem-xoi-tra-sua-an-vat,/da-nang/rin-rum-kem-xoi-tra-sua-an-vat/goi-mon
92946,Bò Né Quốc Minh,"28 Phan Đình Phùng, Quận Hải Châu, Đà Nẵng",Quận Hải Châu,Đà Nẵng,16.070439,108.222016,7.602,46,173,0,,,,(0236) 3 812 962,False,False,False,False,,Quán ăn,Món Việt,https://down-vn.img.susercontent.com/vn-11134259-7r98o-lwca4cboh0wp9d@resize_ss640x400,https://www.foody.vn/da-nang/bo-ne-quoc-minh,
677807,Phở 24 - Sân Bay Đà Nẵng,"Quầy B, Sân Bay Đà Nẵng, Quận Hải Châu, Đà Nẵng",Quận Hải Châu,Đà Nẵng,16.055011,108.202769,5.4,2,4,0,,,,Đang cập nhật,False,False,False,False,,Quán ăn,Món Bắc,https://down-vn.img.susercontent.com/vn-11134259-7r98o-lw920eb8tknv01@resize_ss640x400,https://www.foody.vn/da-nang/pho-24-san-bay-da-nang,
744114,Tâm Chợ Hàn - Nem Lụi & Bò Lá Lốt - Phan Châu Trinh,"66 Phan Châu Trinh, Quận Hải Châu, Đà Nẵng",Quận Hải Châu,Đà Nẵng,16.0682609,108.2233529,8.578,8,27,0,,,,Đang cập nhật,False,False,False,False,,Quán ăn,Món Việt,https://down-vn.img.susercontent.com/vn-11134513-7r98o-lsu3hec5mjes35@resize_ss640x400,https://www.foody.vn/da-nang/tam-cho-han-nem-lui-bo-la-lot-phan-chau-trinh,/da-nang/tam-cho-han-nem-lui-bo-la-lot-phan-chau-trinh/goi-mon
964639,Ram bắp - Bánh xèo - Ăn vặt Tramcuisine,"5 Nguyễn Thiện Kế, P. Phước Mỹ, Quận Sơn Trà, Đà Nẵng",Quận Sơn Trà,Đà Nẵng,16.061046,108.238569,6.976,16,32,0,,,,0346131328,True,False,False,False,,Quán ăn,Món Việt,https://down-vn.img.susercontent.com/vn-11134513-7r98o-lsu8ksp3ve6xc7@resize_ss640x400,https://www.foody.vn/da-nang/ram-bap-banh-xeo-an-vat-tramcuisine,/da-nang/ram-bap-banh-xeo-an-vat-tramcuisine/goi-mon
971225,Phúc Drink - Tô Hiệu,"172/29 Tô Hiệu, P. Hòa Minh, Quận Liên Chiểu, Đà Nẵng",Quận Liên Chiểu,Đà Nẵng,16.063315,108.166745,8.624,73,184,0,,,,Đang cập nhật,False,False,False,False,,Quán ăn,Món Việt,https://down-vn.img.susercontent.com/vn-11134513-7r98o-lsu8p2r2gyis63@resize_ss640x400,https://www.foody.vn/da-nang/phuc-drink-to-hieu,/da-nang/phuc-drink-to-hieu/goi-mon
125686,Bánh Bèo - Gói - Lọc - 144 Huỳnh Thúc Kháng,"144 Huỳnh Thúc Kháng, Quận Hải Châu, Đà Nẵng",Quận Hải Châu,Đà Nẵng,16.058033,108.21811,7.9,2,14,0,,,,Đang cập nhật,False,False,False,False,,Quán ăn,Món Việt,https://down-vn.img.susercontent.com/vn-11134259-7r98o-lwgthiwqkrff8d@resize_ss640x400,https://www.foody.vn/da-nang/banh-beo-goi-loc-144-huynh-thuc-khang,
666692,Bông Food & Drink - Ngã Tư Lê Lợi - Lý Thường Kiệt,"34 Lý Thường Kiệt, Quận Hải Châu, Đà Nẵng",Quận Hải Châu,Đà Nẵng,16.0803738,108.219289,6.856,121,451,0,,,,Đang cập nhật,True,False,False,False,,Café/Dessert,Món Việt,https://down-vn.img.susercontent.com/vn-11134513-7r98o-lsu0bv28uwn8f5@resize_ss640x400,https://www.foody.vn/da-nang/bong-food-drink-nga-tu-le-loi-ly-thuong-kiet,/da-nang/bong-food-drink-nga-tu-le-loi-ly-thuong-kiet/goi-mon
1050324,Bún Bò Huế Lê Gia,"372 Đống Đa, P. Thanh Bình, Quận Hải Châu, Đà Nẵng",Quận Hải Châu,Đà Nẵng,16.0740796,108.2142092,9.9,2,16,0,,,,0974318825,True,False,False,False,,Quán ăn,Món Việt,https://down-vn.img.susercontent.com/vn-11134513-7r98o-lsv1tr1ej4qsf3@resize_ss640x400,https://www.foody.vn/da-nang/bun-bo-hue-le-gia,/da-nang/bun-bo-hue-le-gia/goi-mon
9952,Tiệm Bánh Mì Quốc Doanh,"60 Hùng Vương , Quận Hải Châu, Đà Nẵng",Quận Hải Châu,Đà Nẵng,16.068574,108.223408,7.3,4,7,0,,,,(0236) 3 821 802,True,False,False,False,,Tiệm bánh,Món Việt,https://down-vn.img.susercontent.com/vn-11134259-7r98o-lwdez7ah587v01@resize_ss640x400,https://www.foody.vn/da-nang/tiem-banh-mi-quoc-doanh,
987574,Trinh Sài Gòn - Cơm Tấm Sườn Cây - 179/1 Nguyễn Văn Thoại,"179/1 Nguyễn Văn Thoại, An Hải, P. An Hải Đông, Quận Sơn Trà, Đà Nẵng",Quận Sơn Trà,Đà Nẵng,16.0552637,108.2422292,5.868,6,25,0,,,,0914092920,True,False,False,False,,Quán ăn,Món Miền Nam,https://down-vn.img.susercontent.com/vn-11134513-7r98o-lsu93n9mv7a13c@resize_ss640x400,https://www.foody.vn/da-nang/trinh-sai-gon-com-tam-suon-cay-179-1-nguyen-van-thoai,/da-nang/trinh-sai-gon-com-tam-suon-cay-179-1-nguyen-van-thoai/goi-mon
641155,Quán Sanh - Xương Má Hàm,"136/31 Hải Phòng, Quận Hải Châu, Đà Nẵng",Quận Hải Châu,Đà Nẵng,16.0715803,108.2145409,6.6,4,5,0,,,,Đang cập nhật,True,False,False,False,,Quán ăn,Món Việt,https://down-vn.img.susercontent.com/vn-11134513-7r98o-lstzdtk08luhea@resize_ss640x400,https://www.foody.vn/da-nang/quan-sanh-xuong-ma-ham,/da-nang/quan-sanh-xuong-ma-ham/goi-mon
139130,Bún Mắm Bà Sáu,"402/28 Lê Duẩn, Quận Hải Châu, Đà Nẵng",Quận Hải Châu,Đà Nẵng,16.067331,108.207591,7.554,8,56,0,,,,Đang cập nhật,True,False,False,False,,Quán ăn,Món Quảng,https://down-vn.img.susercontent.com/vn-11134513-7r98o-lstu0d4lu36h10@resize_ss640x400,https://www.foody.vn/da-nang/bun-mam-ba-sau,/da-nang/bun-mam-ba-sau/goi-mon
941988,O Hiền - Cơm Hến & Bún Hến,"76 Trịnh Công Sơn, P. Hòa Cường Nam, Quận Hải Châu, Đà Nẵng",Quận Hải Châu,Đà Nẵng,16.0337214,108.2203529,5.2,2,11,0,,,,Đang cập nhật,True,False,False,False,,Quán ăn,Món Huế,https://down-vn.img.susercontent.com/vn-11134513-7r98o-lsu849gsyj0k75@resize_ss640x400,https://www.foody.vn/da-nang/o-hien-com-hen-bun-hen,/da-nang/o-hien-com-hen-bun-hen/goi-mon
97616,Sữa 42 - Lý Thường Kiệt,"42 Lý Thường Kiệt, P. Thạch Thang, Quận Hải Châu, Đà Nẵng",Quận Hải Châu,Đà Nẵng,16.080033,108.219445,7.068,12,76,0,,,,Đang cập nhật,False,False,False,False,,Ăn vặt/vỉa hè,Món Việt,https://down-vn.img.susercontent.com/vn-11134513-7r98o-lstsmjeupyft17@resize_ss640x400,https://www.foody.vn/da-nang/quan-sua-42-ly-thuong-kiet,/da-nang/quan-sua-42-ly-thuong-kiet/goi-mon
254986,Bún Bò Bà Béo,"Đối Diện 31 Huy Cận, Quận Hải Châu, Đà Nẵng",Quận Hải Châu,Đà Nẵng,16.033278,108.220271,9.2,2,5,0,,,,Đang cập nhật,False,False,False,False,,Quán ăn,Món Việt,https://down-vn.img.susercontent.com/vn-11134259-7r98o-lwgu5g0fzkrd9f@resize_ss640x400,https://www.foody.vn/da-nang/bun-bo-ba-beo,
1074812,Quán Hiền - Đặc Sản Cơm Hến Huế 2,"Chung cư Ori Garden, P. Hoà Hiệp Nam, Quận Liên Chiểu, Đà Nẵng",Quận Liên Chiểu,Đà Nẵng,16.099581,108.129539,9.2,1,0,0,,,,Đang cập nhật,True,False,False,False,,Quán ăn,,https://down-vn.img.susercontent.com/vn-11134513-7r98o-lsv3t52rlbix29@resize_ss640x400,https://www.foody.vn/da-nang/quan-hien-dac-san-com-hen-hue-2,/da-nang/quan-hien-dac-san-com-hen-hue-2/goi-mon
165226,Bún Bò Bình Dân - Nguyễn Lương Bằng,"789 Nguyễn Lương Bằng, P. Hòa Hiệp Nam, Quận Liên Chiểu, Đà Nẵng",Quận Liên Chiểu,Đà Nẵng,16.1032968444091,108.1335501372814,7.8,1,7,0,,,,Đang cập nhật,False,False,False,False,,Quán ăn,Món Việt,https://down-vn.img.susercontent.com/vn-11134259-7r98o-lwaf0mgej2l7ce@resize_ss640x400,https://www.foody.vn/da-nang/bun-bo-binh-dan-nguyen-luong-bang,
650303,Bánh Mì Cô Thông,"64 Điện Biên Phủ, P. Chính Gián, Quận Thanh Khê, Đà Nẵng",Quận Thanh Khê,Đà Nẵng,16.066123,108.203695,7.158,14,50,0,,,,Đang cập nhật,False,False,False,False,,Ăn vặt/vỉa hè,Món Việt,https://down-vn.img.susercontent.com/vn-11134513-7r98o-lstztbnrir44f7@resize_ss640x400,https://www.foody.vn/da-nang/banh-mi-co-thong,/da-nang/banh-mi-co-thong/goi-mon
999304,Bánh Mì Heo Quay Bà Bảy,"56 Điện Biên Phủ, P. Chính Gián, Quận Thanh Khê, Đà Nẵng",Quận Thanh Khê,Đà Nẵng,16.066179,108.202991,9.132,3,5,0,,,,Đang cập nhật,False,False,False,False,,Ăn vặt/vỉa hè,Món Việt,https://down-vn.img.susercontent.com/vn-11134513-7r98o-lsu9dt7xc81w38@resize_ss640x400,https://www.foody.vn/da-nang/banh-mi-heo-quay-ba-bay,/da-nang/banh-mi-heo-quay-ba-bay/goi-mon
158451,Vịt Quay Hoàng Ánh,"123 Phạm Văn Tráng, Quận Liên Chiểu, Đà Nẵng",Quận Liên Chiểu,Đà Nẵng,16.078192,108.146193,6.9,6,36,0,,,,Đang cập nhật,False,False,False,False,,Quán nhậu,Món Việt,https://down-vn.img.susercontent.com/vn-11134259-7r98o-lwdaaa1qchjvbf@resize_ss640x400,https://www.foody.vn/da-nang/vit-quay-hoang-anh,
942721,Bánh Canh O Sáu,"07 Trương Văn Đa, P. Hòa Khánh Nam, Quận Liên Chiểu, Đà Nẵng",Quận Liên Chiểu,Đà Nẵng,16.0691826,108.1535972,9.8,4,12,0,,,,Đang cập nhật,True,False,False,False,,Quán ăn,,https://down-vn.img.susercontent.com/vn-11134513-7r98o-lsu836mnr4xwf5@resize_ss640x400,https://www.foody.vn/da-nang/banh-canh-o-sau,/da-nang/banh-canh-o-sau/goi-mon
856576,Ngói Quê - Cơm Tấm Sài Gòn,"1633 Nguyễn Tất Thành, Quận Thanh Khê, Đà Nẵng",Quận Thanh Khê,Đà Nẵng,16.077096,108.174299,7.95,4,18,0,,,,0979995199,True,False,False,False,,Quán ăn,Món Việt,https://down-vn.img.susercontent.com/vn-11134513-7r98o-lsu64llo8mmx15@resize_ss640x400,https://www.foody.vn/da-nang/ngoi-que-com-tam-sai-gon,/da-nang/ngoi-que-com-tam-sai-gon/goi-mon
13073,Tiệm Ăn Quảng Đông,"189 Ông Ích Khiêm, P. Thạch Thang, Quận Hải Châu, Đà Nẵng",Quận Hải Châu,Đà Nẵng,16.0708381,108.2134231,6.696,25,139,0,,,,(0236) 3 838 316 - 0989 155 669,True,False,False,False,,Quán ăn,Món Trung Hoa,https://down-vn.img.susercontent.com/vn-11134513-7r98o-lstqcilrspsp18@resize_ss640x400,https://www.foody.vn/da-nang/tiem-an-quang-dong,/da-nang/tiem-an-quang-dong/goi-mon
12892,Tiệm Ăn Chợ Lớn - Nguyễn Trung Trực,"111 Nguyễn Trung Trực, P. An Hải Bắc, Quận Sơn Trà, Đà Nẵng",Quận Sơn Trà,Đà Nẵng,16.0818429,108.2305315,6.968,132,478,0,,,,Đang cập nhật,True,False,False,False,,Quán ăn,Món Trung Hoa,https://down-vn.img.susercontent.com/vn-11134513-7r98o-lstqc8j4jel5f0@resize_ss640x400,https://www.foody.vn/da-nang/tiem-an-cho-lon-nguyen-trung-truc,/da-nang/tiem-an-cho-lon-nguyen-trung-truc/goi-mon
1000000579,Cô Mỹ - Bánh Căn & Bún Mắm - Hải Phòng,"K377/42 Hải Phòng, P. Tân Chính, Quận Thanh Khê, Đà Nẵng",Quận Thanh Khê,Đà Nẵng,16.070023,108.206324,9.872,45,107,0,,,,Đang cập nhật,True,False,False,False,,Shop Online,Món Việt,https://down-vn.img.susercontent.com/vn-11134513-7r98o-lsvdu6262wt5a7@resize_ss640x400,https://www.foody.vn/da-nang/co-my-banh-can-bun-mam-hai-phong.w0qoc8,/da-nang/co-my-banh-can-bun-mam-hai-phong.w0qoc8/goi-mon
731220,Quán Sơn - Chân Gà Nướng Hà Nội,"247 Hồ Tùng Mậu, Quận Liên Chiểu, Đà Nẵng",Quận Liên Chiểu,Đà Nẵng,16.074473,108.158116,8.134,6,63,0,,,,Đang cập nhật,False,False,False,False,,"Ăn vặt/vỉa hè,, Quán ăn",Món Việt,https://down-vn.img.susercontent.com/vn-11134259-7r98o-lw9xeh3yiggr94@resize_ss640x400,https://www.foody.vn/da-nang/quan-son-chan-ga-nuong-ha-noi,
720708,Chân Gà Nướng Hai Còi - Ngô Thì Nhậm,"19 Ngô Thì Nhậm, P. Hoà Khánh Nam, Quận Liên Chiểu, Đà Nẵng",Quận Liên Chiểu,Đà Nẵng,16.069758,108.15248,8.116,24,71,0,,,,Đang cập nhật,False,False,False,False,,"Ăn vặt/vỉa hè,, Quán ăn",Món Việt,https://down-vn.img.susercontent.com/vn-11134513-7r98o-lsu2izsg626x6f@resize_ss640x400,https://www.foody.vn/da-nang/chan-ga-nuong-hai-coi-ngo-thi-nham,/da-nang/chan-ga-nuong-hai-coi-ngo-thi-nham/goi-mon
1002850,Quán Huế - Cơm - Bún & Mì Hến - Nguyễn Viết Xuân,"105 Nguyễn Viết Xuân, P. Hòa Minh, Quận Liên Chiểu, Đà Nẵng",Quận Liên Chiểu,Đà Nẵng,16.058651,108.170483,9.3,2,6,0,,,,0972086215,True,False,False,False,,Quán ăn,Món Huế,https://down-vn.img.susercontent.com/vn-11134259-7r98o-lwczru5x7mjd5a@resize_ss640x400,https://www.foody.vn/da-nang/quan-hue-com-bun-mi-hen-nguyen-viet-xuan,
33728,Cá Nục Quán - Tiểu La,"143 - 145 Tiểu La, P. Hòa Thuận Tây, Quận Hải Châu, Đà Nẵng",Quận Hải Châu,Đà Nẵng,16.0447657,108.2162547,6.726,14,54,0,,,,Đang cập nhật,True,False,False,False,,Quán ăn,Món Việt,https://down-vn.img.susercontent.com/vn-11134513-7r98o-lstr7deia1ll16@resize_ss640x400,https://www.foody.vn/da-nang/quan-ca-nuc-2-nhau-binh-dan,/da-nang/quan-ca-nuc-2-nhau-binh-dan/goi-mon
790062,Cá Nục Cuốn Bánh Tráng - Bé Nâu,"108 Lê Đình Lý, P. Vĩnh Trung, Quận Thanh Khê, Đà Nẵng",Quận Thanh Khê,Đà Nẵng,16.054899,108.211823,7.4,15,26,0,,,,Đang cập nhật,True,False,False,False,,Quán ăn,Món Việt,https://down-vn.img.susercontent.com/vn-11134513-81ztc-mn55kjv09t6p7f@resize_ss640x400,https://www.foody.vn/da-nang/ca-nuc-cuon-banh-trang-be-nau,/da-nang/ca-nuc-cuon-banh-trang-be-nau/goi-mon
12637,Sài Gòn Cay - Nhậu Bình Dân,"289 Hải Phòng, Quận Thanh Khê, Đà Nẵng",Quận Thanh Khê,Đà Nẵng,16.070786,108.208968,7.01,38,175,0,,,,0909 491 946,False,False,False,False,,"Quán ăn,, Quán nhậu",Món Việt,https://down-vn.img.susercontent.com/vn-11134513-7r98o-lstqc27bsrdld7@resize_ss640x400,https://www.foody.vn/da-nang/sai-gon-cay-nhau-binh-dan,/da-nang/sai-gon-cay-nhau-binh-dan/goi-mon
1000000042,Dì Hà - Bún Chả Cá - Nguyễn Như Đãi,"7 Nguyễn Như Đãi, P. Hòa Thọ Tây, Quận Cẩm Lệ, Đà Nẵng",Quận Cẩm Lệ,Đà Nẵng,16.0139437,108.1899773,8.266,3,5,0,,,,Đang cập nhật,True,False,False,False,,Ăn vặt/vỉa hè,Món Miền Trung,https://down-vn.img.susercontent.com/vn-11134513-7r98o-lsvdpfud7m3d1d@resize_ss640x400,https://www.foody.vn/da-nang/di-ha-bun-cha-ca-nguyen-nhu-dai,/da-nang/di-ha-bun-cha-ca-nguyen-nhu-dai/goi-mon
197895,Bún Bà Cháu,"137 Đống Đa, Quận Hải Châu, Đà Nẵng",Quận Hải Châu,Đà Nẵng,16.07795,108.216886,8.242,14,16,0,,,,Đang cập nhật,False,False,False,False,,Quán ăn,Món Việt,https://down-vn.img.susercontent.com/vn-11134513-7r98o-lstw06ne9yft3f@resize_ss640x400,https://www.foody.vn/da-nang/bun-ba-chau,/da-nang/bun-ba-chau/goi-mon
186828,Khu Ẩm Thực Chợ Hoà Mỹ,"Chợ Hoà Mỹ, Quận Liên Chiểu, Đà Nẵng",Quận Liên Chiểu,Đà Nẵng,16.058892,108.170014,8.0,5,21,0,,,,Đang cập nhật,True,False,False,False,,Ăn vặt/vỉa hè,Món Miền Trung,https://down-vn.img.susercontent.com/vn-11134259-7r98o-lwak30d82nyzfe@resize_ss640x400,https://www.foody.vn/da-nang/khu-am-thuc-cho-hoa-my,
1051379,Trà Sữa & Ăn Vặt - CHEN,"Khu Chung Cư Hòa Xuân, P. Hoà Xuân, Quận Cẩm Lệ, Đà Nẵng",Quận Cẩm Lệ,Đà Nẵng,15.9990268,108.2140541,8.666,3,10,0,,,,Đang cập nhật,True,False,False,False,,Shop Online,Món Việt,https://down-vn.img.susercontent.com/vn-11134513-7r98o-lsv1z2dgjamxe0@resize_ss640x400,https://www.foody.vn/da-nang/tra-sua-an-vat-chen,/da-nang/tra-sua-an-vat-chen/goi-mon
1261873,The Sang Coffee & Tea,"117 Phan Châu Trinh, P. Phước Ninh, Quận Hải Châu, Đà Nẵng",Quận Hải Châu,Đà Nẵng,16.0656602,108.2201164,10.0,1,1,0,,,,Đang cập nhật,True,False,False,False,,Café/Dessert,,https://down-vn.img.susercontent.com/vn-11134513-820l4-mefjva725hxi32@resize_ss640x400,https://www.foody.vn/da-nang/the-sang-coffee-tea,/da-nang/the-sang-coffee-tea/goi-mon
764104,Đào - Bún Thịt Nướng - Nem Lụi & Bánh Xèo,"79 Huỳnh Ngọc Huệ, Quận Thanh Khê, Đà Nẵng",Quận Thanh Khê,Đà Nẵng,16.0626741,108.1846644,5.85,4,11,0,,,,Đang cập nhật,True,False,False,False,,Quán ăn,Món Miền Trung,https://down-vn.img.susercontent.com/vn-11134513-7r98o-lsu4dlcfk43oa8@resize_ss640x400,https://www.foody.vn/da-nang/dao-bun-thit-nuong-nem-lui-banh-xeo,/da-nang/dao-bun-thit-nuong-nem-lui-banh-xeo/goi-mon
100331,Bánh Canh Nhà Thờ - 3 Tháng 2,"Đường 3 Tháng 2, Quận Hải Châu, Đà Nẵng",Quận Hải Châu,Đà Nẵng,16.084506,108.220871,6.704,17,46,0,,,,Đang cập nhật,True,False,False,False,,Ăn vặt/vỉa hè,Món Quảng,https://down-vn.img.susercontent.com/vn-11134259-7r98o-lwao52q750pn8a@resize_ss640x400,https://www.foody.vn/da-nang/banh-canh-nha-tho-3-thang-2,
161869,"Highlands Coffee - Trà, Cà Phê & Bánh - Mường Thanh Hotel","Tầng 1, One Opera Hotel, 115 Nguyễn Văn Linh, P. Nam Dương, Quận Hải Châu, Đà Nẵng",Quận Hải Châu,Đà Nẵng,16.060623,108.216643,7.74,247,1318,0,,,,(0236) 3 866 135,True,False,False,False,,Café/Dessert,Món Việt,https://down-vn.img.susercontent.com/vn-11134513-81ztc-moj11u8ukwld8a@resize_ss640x400,https://www.foody.vn/da-nang/highlands-coffee-tra-ca-phe-banh-muong-thanh-hotel,/da-nang/highlands-coffee-tra-ca-phe-banh-muong-thanh-hotel/goi-mon
277582,Chè Thái Liên - Hồ Nghinh,"Ngã 3 Hà Chương - Hồ Nghinh, Quận Sơn Trà, Đà Nẵng",Quận Sơn Trà,Đà Nẵng,16.065237,108.243347,4.002,3,10,0,,,,0935 303 409,True,False,False,False,,Ăn vặt/vỉa hè,Món Việt,https://down-vn.img.susercontent.com/vn-11134259-7r98o-lwgkbkat0icb7e@resize_ss640x400,https://www.foody.vn/da-nang/che-thai-lien-ho-nghinh,
894110,Minh Hiếu - Hủ Tiếu Nam Vang - Trịnh Công Sơn,"18 - 20 Trịnh Công Sơn, Quận Hải Châu, Đà Nẵng",Quận Hải Châu,Đà Nẵng,16.035627,108.221506,9.2,1,7,0,,,,Đang cập nhật,False,False,False,False,,Quán ăn,Món Việt,https://down-vn.img.susercontent.com/vn-11134259-7r98o-lw98rwimjil535@resize_ss640x400,https://www.foody.vn/da-nang/minh-hieu-hu-tieu-nam-vang-trinh-cong-son,
132198,Minh Hiếu - Hủ Tiếu Nam Vang,"22 Tố Hữu, Quận Hải Châu, Đà Nẵng",Quận Hải Châu,Đà Nẵng,16.034754,108.221837,6.694,36,81,0,,,,Đang cập nhật,True,False,False,False,,Quán ăn,Món Việt,https://down-vn.img.susercontent.com/vn-11134513-7r98o-lsttry893ah057@resize_ss640x400,https://www.foody.vn/da-nang/minh-hieu-hu-tieu-nam-vang,/da-nang/minh-hieu-hu-tieu-nam-vang/goi-mon
206989,Koi Coffee,"169 Lý Tự Trọng , Quận Hải Châu, Đà Nẵng",Quận Hải Châu,Đà Nẵng,16.079193,108.213047,6.89,16,126,0,,,,Đang cập nhật,True,False,False,False,,Café/Dessert,Món Việt,https://down-vn.img.susercontent.com/vn-11134259-7r98o-lwh1x4fy24m3be@resize_ss640x400,https://www.foody.vn/da-nang/koi-coffee,
956735,"Sơri - Nước Ép Trái Cây, Sinh Tố & Ăn Vặt","185/5 Hoàng Diệu, P. Nam Dương, Quận Hải Châu, Đà Nẵng",Quận Hải Châu,Đà Nẵng,16.0603498,108.2173375,8.92,20,29,0,,,,0795425578,True,False,False,False,,Café/Dessert,Món Việt,https://down-vn.img.susercontent.com/vn-11134513-7r98o-lsu8fy5nah8k7c@resize_ss640x400,https://www.foody.vn/da-nang/sori-nuoc-ep-trai-cay-sinh-to-an-vat,/da-nang/sori-nuoc-ep-trai-cay-sinh-to-an-vat/goi-mon
967837,Mỳ Quảng Cô Sáu - Trần Hưng Đạo,"397 Trần Hưng Đạo, P. An Hải Trung, Quận Sơn Trà, Đà Nẵng",Quận Sơn Trà,Đà Nẵng,16.0661935,108.229722,9.266,38,65,0,,,,0963 982 634,True,False,False,False,,Quán ăn,Món Việt,https://down-vn.img.susercontent.com/vn-11134513-7r98o-lsu8mjx5con8cb@resize_ss640x400,https://www.foody.vn/da-nang/my-quang-co-sau-tran-hung-dao,/da-nang/my-quang-co-sau-tran-hung-dao/goi-mon
1000023531,Quán Dì Lan -  Bánh Tráng Kẹp & Ốc Hút - Trưng Nữ Vương,"344 Trưng Nữ Vương, P. Hòa Thuận Đông, Quận Hải Châu, Đà Nẵng",Quận Hải Châu,Đà Nẵng,16.0520677,108.2171821,8.064,3,4,0,,,,Đang cập nhật,False,False,False,False,,Ăn vặt/vỉa hè,"Món Miền Trung,, Món Miền Nam",https://down-vn.img.susercontent.com/vn-11134513-7r98o-lsvdyz74pq55f3@resize_ss640x400,https://www.foody.vn/da-nang/quan-di-lan-banh-trang-kep-oc-hut-trung-nu-vuong.kc4y5h,/da-nang/quan-di-lan-banh-trang-kep-oc-hut-trung-nu-vuong.kc4y5h/goi-mon
12507,Bánh Bèo & Bánh Đập - Phan Châu Trinh,"251 Phan Châu Trinh, Quận Hải Châu, Đà Nẵng",Quận Hải Châu,Đà Nẵng,16.060516,108.219666,6.346,11,34,0,,,,Đang cập nhật,True,False,False,False,,"Ăn vặt/vỉa hè,, Quán ăn","Món Quảng,, Món Miền Nam,, Tây Nguyên",https://down-vn.img.susercontent.com/vn-11134513-7r98o-lstqbszhadok30@resize_ss640x400,https://www.foody.vn/da-nang/banh-beo-banh-dap-phan-chau-trinh,/da-nang/banh-beo-banh-dap-phan-chau-trinh/goi-mon
955691,Cháo Dinh Dưỡng Và Súp Tú Quỳnh 2,"161 Văn Tiến Dũng, P. Hòa Xuân, Quận Cẩm Lệ, Đà Nẵng",Quận Cẩm Lệ,Đà Nẵng,16.001998,108.21316,10.0,1,1,0,,,,0777.51.8888,True,False,False,False,,Quán ăn,Món Việt,https://down-vn.img.susercontent.com/vn-11134513-7r98o-lsu8ftaaf3d029@resize_ss640x400,https://www.foody.vn/da-nang/chao-dinh-duong-va-sup-tu-quynh-2,/da-nang/chao-dinh-duong-va-sup-tu-quynh-2/goi-mon
268609,Kem Cuộn Thái Lan - Khoai Tây Lốc Xoáy,"98 Văn Tiến Dũng, Quận Cẩm Lệ, Đà Nẵng",Quận Cẩm Lệ,Đà Nẵng,16.0003789898718,108.2130042091012,7.7,4,13,0,,,,Đang cập nhật,True,False,False,False,,Ăn vặt/vỉa hè,"Món Việt,, Món Thái",https://down-vn.img.susercontent.com/vn-11134259-7r98o-lw964a9purbt96@resize_ss640x400,https://www.foody.vn/da-nang/kem-cuon-thai-lan-khoai-tay-loc-xoay,
1021282,Kem Dừa Mã Lai - Quách Thị Trang,"23 Quách Thị Trang, P. Hòa Xuân, Quận Cẩm Lệ, Đà Nẵng",Quận Cẩm Lệ,Đà Nẵng,16.007554,108.220904,8.75,4,2,0,,,,0832545454,False,False,False,False,,Café/Dessert,Món Miền Nam,https://down-vn.img.susercontent.com/vn-11134513-7r98o-lsua0mz6u3rt2b@resize_ss640x400,https://www.foody.vn/da-nang/kem-dua-ma-lai-nguyen-khanh-toan,/da-nang/kem-dua-ma-lai-nguyen-khanh-toan/goi-mon
871191,Cơm Gà Hồng Phát,"211A Khúc Hạo, P. Nại Hiên Đông, Quận Sơn Trà, Đà Nẵng",Quận Sơn Trà,Đà Nẵng,16.091784,108.233764,9.2,1,17,0,,,,Đang cập nhật,True,False,False,False,,Quán ăn,Món Miền Trung,https://down-vn.img.susercontent.com/vn-11134513-7r98o-lsu6fbzit8zo92@resize_ss640x400,https://www.foody.vn/da-nang/com-ga-hong-phat,/da-nang/com-ga-hong-phat/goi-mon
987911,"Highlands Coffee - Trà, Cà Phê & Bánh - Đại Học Sư Phạm Đà Nẵng","459 Tôn Đức Thắng, P. Hoà Khánh Nam, Quận Liên Chiểu, Đà Nẵng",Quận Liên Chiểu,Đà Nẵng,16.062324,108.159504,6.078,8,13,0,,,,Đang cập nhật,True,False,False,False,,Café/Dessert,Món Việt,https://down-vn.img.susercontent.com/vn-11134513-81ztc-moj11p1gg6bycc@resize_ss640x400,https://www.foody.vn/da-nang/highlands-coffee-tra-ca-phe-banh-dai-hoc-su-pham-da-nang,/da-nang/highlands-coffee-tra-ca-phe-banh-dai-hoc-su-pham-da-nang/goi-mon
102854,Đồng Tiến Bakery - Hoàng Diệu,"113 Hoàng Diệu, P. Phước Ninh, Quận Hải Châu, Đà Nẵng",Quận Hải Châu,Đà Nẵng,16.063502,108.21802,8.202,77,473,0,,,,(0236) 3 750 756 - 0905 919 609 -  01265 361 242,True,False,False,False,,Tiệm bánh,Món Việt,https://down-vn.img.susercontent.com/vn-11134513-81ztc-mo4yw0zxw3rab6@resize_ss640x400,https://www.foody.vn/da-nang/dong-tien-bakery-hoang-dieu,/da-nang/dong-tien-bakery-hoang-dieu/goi-mon
772037,Cơm Gà Hìn Mập - Phạm Hồng Thái,"29 Phạm Hồng Thái, P. Hải Châu 1, Quận Hải Châu, Đà Nẵng",Quận Hải Châu,Đà Nẵng,16.067405,108.22162,3.666,6,3,0,,,,Đang cập nhật,True,False,False,False,,Quán ăn,Món Việt,https://down-vn.img.susercontent.com/vn-11134513-7r98o-lsu4qai8k3vd74@resize_ss640x400,https://www.foody.vn/da-nang/com-ga-hin-map-pham-hong-thai,/da-nang/com-ga-hin-map-pham-hong-thai/goi-mon
691350,Bé Hải - Đặc Sản Dê Núi,"Lô 41 - 43 Đường 30 Tháng 4, Quận Hải Châu, Đà Nẵng",Quận Hải Châu,Đà Nẵng,16.039849,108.214821,9.622,18,90,0,,,,0916 724 111 - 0905 064 154,True,False,False,False,,"Quán ăn,, Quán nhậu",Món Việt,https://down-vn.img.susercontent.com/vn-11134259-7r98o-lwd3j2xwcgk9c0@resize_ss640x400,https://www.foody.vn/da-nang/be-hai-dac-san-de-nui,
90774,Tuấn Râu - Nhậu Bình Dân,"K424/H9/4 Ông Ích Khiêm, Quận Hải Châu, Đà Nẵng",Quận Hải Châu,Đà Nẵng,16.066025,108.213556,7.79,18,128,0,,,,Đang cập nhật,False,False,False,False,,Quán nhậu,Món Quảng,https://down-vn.img.susercontent.com/vn-11134513-7r98o-lstsec88q4ec0a@resize_ss640x400,https://www.foody.vn/da-nang/tuan-rau-nhau-binh-dan,/da-nang/tuan-rau-nhau-binh-dan/goi-mon
7927,Kim Anh - Nem Lụi & Bò Lá Lốt,"63 Huỳnh Thúc Kháng, Quận Hải Châu, Đà Nẵng",Quận Hải Châu,Đà Nẵng,16.060022,108.218262,7.056,48,186,0,,,,Đang cập nhật,True,False,False,False,,Quán ăn,Món Việt,https://down-vn.img.susercontent.com/vn-11134513-7r98o-lstq4e8fn9vo48@resize_ss640x400,https://www.foody.vn/da-nang/kim-anh-nem-lui-bo-la-lot,/da-nang/kim-anh-nem-lui-bo-la-lot/goi-mon
1014407,The 1989 - Food & Drinks,"1 Trà Khê 1, P. Hoà Hải, Quận Ngũ Hành Sơn, Đà Nẵng",Quận Ngũ Hành Sơn,Đà Nẵng,15.977305,108.260678,2.2,2,18,0,,,,0915334466,True,False,False,False,,Café/Dessert,Món Việt,https://down-vn.img.susercontent.com/vn-11134513-7r98o-lsu9q0asss048b@resize_ss640x400,https://www.foody.vn/da-nang/the-1989-food-drinks,/da-nang/the-1989-food-drinks/goi-mon
124623,Thành Phát Bakrey,"69 Phan Châu Trinh, Quận Hải Châu, Đà Nẵng",Quận Hải Châu,Đà Nẵng,16.067326,108.220139,6.954,13,72,0,,,,(0236) 3 824 957,True,False,False,False,,Tiệm bánh,Món Miền Trung,https://down-vn.img.susercontent.com/vn-11134259-7r98o-lwa4zm0z6uhl1b@resize_ss640x400,https://www.foody.vn/da-nang/thanh-phat-bakrey,
23646,Moonlight - Sandy Beach Non Nước Resort,"Trường Sa, Quận Ngũ Hành Sơn, Đà Nẵng",Quận Ngũ Hành Sơn,Đà Nẵng,15.997532,108.269074,6.1,2,4,0,,,,(0236) 3 961 777 - 0947 706 555,True,False,False,False,,"Nhà hàng,, Tiệc cưới/Hội nghị",Món Việt,https://down-vn.img.susercontent.com/vn-11134259-7r98o-lwc9adw0o5p5b2@resize_ss640x400,https://www.foody.vn/da-nang/moonlight-sandy-beach-non-nuoc,
717523,CHBakery - Tiệm Bánh Đài Loan,"82 Ngô Gia Tự, P. Hải Châu 1, Quận Hải Châu, Đà Nẵng",Quận Hải Châu,Đà Nẵng,16.066973,108.217884,8.164,43,227,0,,,,Đang cập nhật,True,False,False,False,,Tiệm bánh,"Món Việt,, Món Âu",https://down-vn.img.susercontent.com/vn-11134513-820l4-mit0sywfi6f825@resize_ss640x400,https://www.foody.vn/da-nang/chbakery-tiem-banh-dai-loan,/da-nang/chbakery-tiem-banh-dai-loan/goi-mon
271784,Vườn Bia - Các Món Nhậu,"01 Ngô Thì Nhậm, P. Hòa Khánh Bắc, Quận Liên Chiểu, Đà Nẵng",Quận Liên Chiểu,Đà Nẵng,16.0693662,108.1518007,6.974,7,40,0,,,,Đang cập nhật,True,False,False,False,,"Quán ăn,, Quán nhậu",Món Việt,https://down-vn.img.susercontent.com/vn-11134513-7r98o-lstxv6al36hl62@resize_ss640x400,https://www.foody.vn/da-nang/vuon-bia-cac-mon-nhau,/da-nang/vuon-bia-cac-mon-nhau/goi-mon
145782,Hải Sản Tiến Cong,"Cuối bờ kè Nguyễn Tất Thành, Đầu Nam Ô, Quận Liên Chiểu, Đà Nẵng",Quận Liên Chiểu,Đà Nẵng,16.109401,108.130687,7.45,4,33,0,,,,0935 230 746,True,False,False,False,,Quán ăn,Món Miền Trung,https://down-vn.img.susercontent.com/vn-11134259-7r98o-lwgjq6ykvzkr07@resize_ss640x400,https://www.foody.vn/da-nang/hai-san-tien-cong,
943903,Bánh Căn Hẻm - Bún Mắm - Kiệt 8 Hoàng Diệu,"K338/66 Hoàng Diệu, P. Bình Hiên, Quận Hải Châu, Đà Nẵng",Quận Hải Châu,Đà Nẵng,16.057285,108.21693,8.0,5,7,0,,,,Đang cập nhật,False,False,False,False,,Ăn vặt/vỉa hè,Món Việt,https://down-vn.img.susercontent.com/vn-11134513-7r98o-lsu850bhmhtw26@resize_ss640x400,https://www.foody.vn/da-nang/banh-can-hem-bun-mam-kiet-8-hoang-dieu,/da-nang/banh-can-hem-bun-mam-kiet-8-hoang-dieu/goi-mon
982668,Dê Cụ Quán - Nhà Hàng Dê,"44 Đường 3 Tháng 2, P. Thuận Phước, Quận Hải Châu, Đà Nẵng",Quận Hải Châu,Đà Nẵng,16.0848092,108.2209444,8.3,2,82,0,,,,Đang cập nhật,True,False,False,False,,Nhà hàng,Món Việt,https://down-vn.img.susercontent.com/vn-11134513-7r98o-lsu8yg1gumc987@resize_ss640x400,https://www.foody.vn/da-nang/de-cu-quan-nha-hang-de,/da-nang/de-cu-quan-nha-hang-de/goi-mon
1059466,Xôi Mẹ Nấu,"2 Nguyễn Thế Lộc (Vào Kiệt 10m Rẽ Phải), P. An Hải Bắc, Quận Sơn Trà, Đà Nẵng",Quận Sơn Trà,Đà Nẵng,16.0782722,108.2294384,8.944,24,13,0,,,,Đang cập nhật,True,False,False,False,,Quán ăn,Món Việt,https://down-vn.img.susercontent.com/vn-11134513-7r98o-lsv2kvcxvs0p4b@resize_ss640x400,https://www.foody.vn/da-nang/xoi-me-nau,/da-nang/xoi-me-nau/goi-mon
915677,Bảo Vy - Bún Bò & Bún Chả Cua ,"50 Dương Vân Nga, Quận Sơn Trà, Đà Nẵng",Quận Sơn Trà,Đà Nẵng,16.093561,108.233333,9.334,6,19,0,,,,Đang cập nhật,True,False,False,False,,Quán ăn,Món Miền Trung,https://down-vn.img.susercontent.com/vn-11134259-7r98o-lwg4f2suiq55c2@resize_ss640x400,https://www.foody.vn/da-nang/bao-vy-bun-bo-bun-cha-cua,
15113,Bánh Canh Cá Nướng Ân Ái,"98 Khúc Hạo, Quận Sơn Trà, Đà Nẵng",Quận Sơn Trà,Đà Nẵng,16.086672,108.239295,6.934,18,59,0,,,,Đang cập nhật,False,False,False,False,,Quán ăn,Món Miền Trung,https://down-vn.img.susercontent.com/vn-11134513-7r98o-lstqfnncde3d00@resize_ss640x400,https://www.foody.vn/da-nang/banh-canh-ca-nuong-an-ai,/da-nang/banh-canh-ca-nuong-an-ai/goi-mon
96808,Bánh Canh Cá Nướng,"82/84 Bùi Dương Lịch, P. Nại Hiên Đông, Quận Sơn Trà, Đà Nẵng",Quận Sơn Trà,Đà Nẵng,16.0906977,108.2352661,7.25,84,325,0,,,,Đang cập nhật,False,False,False,False,,Quán ăn,Món Quảng,https://down-vn.img.susercontent.com/vn-11134513-7r98o-lstslmlyq1ms05@resize_ss640x400,https://www.foody.vn/da-nang/banh-canh-ca-nuong,/da-nang/banh-canh-ca-nuong/goi-mon
871189,Cháo Lươn & Bánh Canh Quảng Bình - Chu Huy Mân,"120 Chu Huy Mân, P. Nại Hiên Đông, Quận Sơn Trà, Đà Nẵng",Quận Sơn Trà,Đà Nẵng,16.0948241,108.2341726,5.9,4,5,0,,,,0932592960,True,False,False,False,,Quán ăn,Món Miền Trung,https://down-vn.img.susercontent.com/vn-11134513-7r98o-lsu6geqm3p9500@resize_ss640x400,https://www.foody.vn/da-nang/chao-luon-banh-canh-quang-binh-chu-huy-man,/da-nang/chao-luon-banh-canh-quang-binh-chu-huy-man/goi-mon
978869,Hải Sản Đà Nẵng Săn Bắn Cá,"89 Hồ Nghinh, P. Phước Mỹ, Quận Sơn Trà, Đà Nẵng",Quận Sơn Trà,Đà Nẵng,16.075783,108.243043,6.8,1,20,0,,,,0905432927,True,False,False,False,,Nhà hàng,Món Miền Trung,https://down-vn.img.susercontent.com/vn-11134513-7r98o-lsu8vo6mz7vd12@resize_ss640x400,https://www.foody.vn/da-nang/hai-san-da-nang-san-ban-ca,/da-nang/hai-san-da-nang-san-ban-ca/goi-mon
912527,Bánh Xèo Tôm Nhảy - Xèo Nam,"133 Phan Bá Phiến, P. Thọ Quang, Quận Sơn Trà, Đà Nẵng",Quận Sơn Trà,Đà Nẵng,16.092938,108.2489,4.6,1,4,0,,,,0935634404,False,False,False,False,,Quán ăn,Món Việt,https://down-vn.img.susercontent.com/vn-11134513-7r98o-lsu7kdxk0ntlbb@resize_ss640x400,https://www.foody.vn/da-nang/banh-xeo-tom-nhay-xeo-nam,/da-nang/banh-xeo-tom-nhay-xeo-nam/goi-mon
955522,BonPas Bakery & Cafe - Lê Thanh Nghị,"78 Lê Thanh Nghị, P. Hòa Cường Bắc, Quận Hải Châu, Đà Nẵng",Quận Hải Châu,Đà Nẵng,16.042301,108.217441,8.6,3,6,0,,,,Đang cập nhật,True,False,False,False,,Café/Dessert,Món Việt,https://down-vn.img.susercontent.com/vn-11134513-81ztc-moqor3sd9szwb4@resize_ss640x400,https://www.foody.vn/da-nang/bonpas-bakery-cafe-le-thanh-nghi,/da-nang/bonpas-bakery-cafe-le-thanh-nghi/goi-mon
1035176,Tiệm Rau Má MAXH - Lê Thanh Nghị,"179 Lê Thanh Nghị, Quận Hải Châu, Đà Nẵng",Quận Hải Châu,Đà Nẵng,16.037903,108.218234,7.8,1,6,0,,,,Đang cập nhật,True,False,False,False,,Café/Dessert,Món Việt,https://down-vn.img.susercontent.com/vn-11134513-7r98o-lsv0lz7kkdcpd0@resize_ss640x400,https://www.foody.vn/da-nang/tiem-rau-ma-maxh-le-thanh-nghi,/da-nang/tiem-rau-ma-maxh-le-thanh-nghi/goi-mon
1000000518,Inspire - Coffee - Xô Viết Nghệ Tĩnh,"162 Xô Viết Nghệ Tĩnh, Quận Hải Châu, Đà Nẵng",Quận Hải Châu,Đà Nẵng,16.0322478,108.2170713,7.2,5,15,0,,,,Đang cập nhật,True,False,False,False,,Café/Dessert,Món Việt,https://down-vn.img.susercontent.com/vn-11134513-7r98o-lsvdqafmenix75@resize_ss640x400,https://www.foody.vn/da-nang/inspire-coffee-xo-viet-nghe-tinh,/da-nang/inspire-coffee-xo-viet-nghe-tinh/goi-mon
997600,Milan Milktea - Xô Viết Nghệ Tĩnh,"35A Xô Viết Nghệ Tĩnh, P. Hoà Cường Nam, Quận Hải Châu, Đà Nẵng",Quận Hải Châu,Đà Nẵng,16.032429,108.220142,7.0,9,23,0,,,,0905075080,False,False,False,False,,Café/Dessert,Món Việt,https://down-vn.img.susercontent.com/vn-11134513-7r98o-lsu9c0gy3bus44@resize_ss640x400,https://www.foody.vn/da-nang/milan-milktea-xo-viet-nghe-tinh,/da-nang/milan-milktea-xo-viet-nghe-tinh/goi-mon
766951,Hải Sản Cô Ba - Bế Văn Đàn,"232 Bế Văn Đàn, P. Chính Gián, Quận Thanh Khê, Đà Nẵng",Quận Thanh Khê,Đà Nẵng,16.065191,108.193933,7.422,27,125,0,,,,Đang cập nhật,False,False,False,False,,Quán nhậu,Món Việt,https://down-vn.img.susercontent.com/vn-11134513-7r98o-lsu4hs3cygm128@resize_ss640x400,https://www.foody.vn/da-nang/hai-san-co-ba-be-van-dan,/da-nang/hai-san-co-ba-be-van-dan/goi-mon
247664,Gà Rán KFC - 116 Lê Duẩn,"116 Lê Duẩn, Quận Hải Châu, Đà Nẵng",Quận Hải Châu,Đà Nẵng,16.0712006952224,108.2186100259423,7.928,8,75,0,,,,1900 6886,True,False,False,False,,Quán ăn,Mỹ,https://down-vn.img.susercontent.com/vn-11134259-7r98o-lweswtinqz15f5@resize_ss640x400,https://www.foody.vn/da-nang/ga-ran-kfc-le-duan,
1000000027,Quán 70 - Bánh Xèo & Nem Lụi - Nguyễn Huy Tưởng,"70 Nguyễn Huy Tưởng, P. Hòa Minh, Quận Liên Chiểu, Đà Nẵng",Quận Liên Chiểu,Đà Nẵng,16.0535011,108.1693088,8.0,1,3,0,,,,Đang cập nhật,False,False,False,False,,Quán ăn,Món Miền Trung,https://down-vn.img.susercontent.com/vn-11134513-7r98o-lsvdqft0jnb884@resize_ss640x400,https://www.foody.vn/da-nang/quan-70-banh-xeo-nem-lui-nguyen-huy-tuong,/da-nang/quan-70-banh-xeo-nem-lui-nguyen-huy-tuong/goi-mon
235720,Bún Bò - Mì Quảng Thủy,"226 Lê Thanh Nghị, P. Hòa Cường Bắc, Quận Hải Châu, Đà Nẵng",Quận Hải Châu,Đà Nẵng,16.034636,108.218432,7.0,3,13,0,,,,Đang cập nhật,False,False,False,False,,Quán ăn,Món Miền Trung,https://down-vn.img.susercontent.com/vn-11134513-7r98o-lstx6kraynd033@resize_ss640x400,https://www.foody.vn/da-nang/bun-bo-mi-quang-thuy,/da-nang/bun-bo-mi-quang-thuy/goi-mon
956041,Quán Nhậu Xóm Đêm,"60 Hoàng Diệu, Quận Hải Châu, Đà Nẵng",Quận Hải Châu,Đà Nẵng,16.064982,108.218987,8.0,1,27,0,,,,Đang cập nhật,False,False,False,False,,Quán nhậu,Món Việt,https://down-vn.img.susercontent.com/vn-11134259-7r98o-lwbq843so72zbb@resize_ss640x400,https://www.foody.vn/da-nang/quan-nhau-xom-dem,
252178,Chè Liên Đà Nẵng - Chè Sầu Liên -  Điện Biên Phủ,"320 Điện Biên Phủ, P. Chính Gián, Quận Thanh Khê, Đà Nẵng",Quận Thanh Khê,Đà Nẵng,16.065979,108.194345,4.51,33,54,0,,,,Đang cập nhật,True,False,False,False,,Ăn vặt/vỉa hè,Món Việt,https://down-vn.img.susercontent.com/vn-11134259-7r98o-lwg9dtesacij3a@resize_ss640x400,https://www.foody.vn/da-nang/che-thai-lien-dien-bien-phu,/da-nang/che-thai-lien-dien-bien-phu/goi-mon
713293,Gogubnam BBQ - Nhà Hàng Hàn Quốc,"98 Dương Đình Nghệ, Quận Sơn Trà, Đà Nẵng",Quận Sơn Trà,Đà Nẵng,16.069343,108.236956,7.972,15,201,0,,,,Đang cập nhật,False,False,False,False,,Nhà hàng,Món Hàn,https://down-vn.img.susercontent.com/vn-11134513-7r98o-lsu253he88t527@resize_ss640x400,https://www.foody.vn/da-nang/gogubnam-bbq-nha-hang-han-quoc,/da-nang/gogubnam-bbq-nha-hang-han-quoc/goi-mon
720454,Cháo Vịt Bà Đệ,"386 Ngô Quyền, P. Mân Thái, Quận Sơn Trà, Đà Nẵng",Quận Sơn Trà,Đà Nẵng,16.0878283,108.2412073,6.2,3,9,0,,,,0912 345 327,True,False,False,False,,Quán ăn,Món Việt,https://down-vn.img.susercontent.com/vn-11134513-7r98o-lsu2fws4jdtwd7@resize_ss640x400,https://www.foody.vn/da-nang/chao-vit-ba-de,/da-nang/chao-vit-ba-de/goi-mon
1046585,Oh My Coffee,"1 Nguyễn Nhàn, P. Hòa Thọ Đông, Quận Cẩm Lệ, Đà Nẵng",Quận Cẩm Lệ,Đà Nẵng,16.010133,108.193579,10.0,1,3,0,,,,Đang cập nhật,True,False,False,False,,Café/Dessert,Món Việt,https://down-vn.img.susercontent.com/vn-11134513-7r98o-lsv1ira5o90989@resize_ss640x400,https://www.foody.vn/da-nang/oh-my-coffee,/da-nang/oh-my-coffee/goi-mon
647553,Quán Chay Hạnh Nguyện,"188 Lý Nhân Tông, P. Khuê Trung, Quận Cẩm Lệ, Đà Nẵng",Quận Cẩm Lệ,Đà Nẵng,16.033566,108.209709,5.68,10,9,0,,,,Đang cập nhật,True,False,False,False,,Ăn chay,Món Việt,https://down-vn.img.susercontent.com/vn-11134513-7r98o-lstzmgqcvbmhda@resize_ss640x400,https://www.foody.vn/da-nang/com-chay-hanh-nguyen,/da-nang/com-chay-hanh-nguyen/goi-mon
1114035,Cơm Gà Hội An - Cơ Sở 2,"111 Khúc Hạo, P. Nại Hiên Đông, Quận Sơn Trà, Đà Nẵng",Quận Sơn Trà,Đà Nẵng,16.0891142,108.2365277,4.2,1,0,0,,,,Đang cập nhật,True,False,False,False,,Quán ăn,,https://down-vn.img.susercontent.com/vn-11134513-7r98o-lsv6z4v0783o47@resize_ss640x400,https://www.foody.vn/da-nang/com-ga-hoi-an-co-so-2,/da-nang/com-ga-hoi-an-co-so-2/goi-mon
180087,Xôi - Cháo Gạo Lứt,"Ngã tư Phan Châu Trinh - Nguyễn Văn Linh , Quận Hải Châu, Đà Nẵng",Quận Hải Châu,Đà Nẵng,16.0605761529474,108.2195972828033,9.8,1,0,0,,,,Đang cập nhật,False,False,False,False,,Ăn vặt/vỉa hè,Món Việt,https://down-vn.img.susercontent.com/vn-11134259-7r98o-lwgwynzzgcm1cd@resize_ss640x400,https://www.foody.vn/da-nang/xoi-chao-gao-lut,
1014539,Mường Thanh Chicken & Cafe,"Tầng Trệt, Kiot 14 Chung Cư Mường Thanh, 51 Trần Bạch Đằng, P. Mỹ An, Quận Ngũ Hành Sơn, Đà Nẵng",Quận Ngũ Hành Sơn,Đà Nẵng,16.053555,108.246508,8.33,3,117,0,,,,0905946493,True,False,False,False,,Quán ăn,Món Hàn,https://down-vn.img.susercontent.com/vn-11134513-7r98o-lsu9p3tac7tlf7@resize_ss640x400,https://www.foody.vn/da-nang/muong-thanh-chicken,/da-nang/muong-thanh-chicken/goi-mon
1077268,Cô Phương - Bánh Cuốn Nóng Gia Truyền Hà Nội - Châu Thị Vĩnh Tế,"28 Châu Thị Vĩnh Tế, P. Mỹ An, Quận Ngũ Hành Sơn, Đà Nẵng",Quận Ngũ Hành Sơn,Đà Nẵng,16.0528943,108.2396447,2.8,2,0,0,,,,Đang cập nhật,True,False,False,False,,Quán ăn,,https://down-vn.img.susercontent.com/vn-11134513-7r98o-lsv41o588gckc6@resize_ss640x400,https://www.foody.vn/da-nang/co-phuong-banh-cuon-nong-gia-truyen-ha-noi-chau-thi-vinh-te,/da-nang/co-phuong-banh-cuon-nong-gia-truyen-ha-noi-chau-thi-vinh-te/goi-mon
991689,Pizza 4P's - Pizza Kiểu Nhật - Indochina,"Tầng 2 Indochina Riverside Towers, 74 Bạch Đằng, Quận Hải Châu, Đà Nẵng",Quận Hải Châu,Đà Nẵng,16.0698827,108.2248485,8.032,6,27,0,,,,+842836220500,True,False,False,False,,Nhà hàng,,https://down-vn.img.susercontent.com/vn-11134259-7r98o-lwh30nlhg1y15c@resize_ss640x400,https://www.foody.vn/da-nang/pizza-4p-s-pizza-kieu-nhat-indochina,
13385,Phước Thái - Hải Sản Tươi Sống,"16 - 18 Hồ Nghinh, P. An Hải Bắc, Quận Sơn Trà, Đà Nẵng",Quận Sơn Trà,Đà Nẵng,16.0800817,108.2432667,6.246,81,470,0,,,,Đang cập nhật,False,False,False,False,,Quán ăn,Món Việt,https://down-vn.img.susercontent.com/vn-11134513-7r98o-lstqda41jkpl88@resize_ss640x400,https://www.foody.vn/da-nang/phuoc-thai,/da-nang/phuoc-thai/goi-mon
247347,Gà Ác Ngũ Trảo - Yến Chưng & Bồ Câu,"260 Trưng Nữ Vương, P. Hòa Thuận Đông, Quận Hải Châu, Đà Nẵng",Quận Hải Châu,Đà Nẵng,16.054324,108.219349,7.72,38,165,0,,,,Đang cập nhật,True,False,False,False,,Quán ăn,Món Việt,https://down-vn.img.susercontent.com/vn-11134259-7r98o-lwcdp96r7jkr8a@resize_ss640x400,https://www.foody.vn/da-nang/ga-ac-ngu-trao-yen-chung-bo-cau,/da-nang/ga-ac-ngu-trao-yen-chung-bo-cau/goi-mon
880548,Hủ Tiếu Nam Vang Cô Phượng,"68 Nguyễn Đức Trung, P. Hòa Khê, Quận Thanh Khê, Đà Nẵng",Quận Thanh Khê,Đà Nẵng,16.068523,108.187642,8.4,1,1,0,,,,Đang cập nhật,False,False,False,False,,Quán ăn,Món Việt,https://down-vn.img.susercontent.com/vn-11134513-7r98o-lsu6u9hm8q6x6b@resize_ss640x400,https://www.foody.vn/da-nang/hu-tieu-nam-vang-co-phuong,/da-nang/hu-tieu-nam-vang-co-phuong/goi-mon
643295,Duc Thanh Bakery,"91 Lý Thái Tổ, P. Thạc Gián, Quận Thanh Khê, Đà Nẵng",Quận Thanh Khê,Đà Nẵng,16.066167,108.207959,7.834,54,375,0,,,,01223 453 338,True,False,False,False,,"Café/Dessert,, Tiệm bánh",Món Việt,https://down-vn.img.susercontent.com/vn-11134513-7r98o-lstzgiisc9tw55@resize_ss640x400,https://www.foody.vn/da-nang/duc-thanh-bakery-cafe,/da-nang/duc-thanh-bakery-cafe/goi-mon
161160,Bánh Tráng Kẹp Dì Hoa - Điện Biên Phủ,"K96/130 Điện Biên Phủ, P. Chính Gián, Quận Thanh Khê, Đà Nẵng",Quận Thanh Khê,Đà Nẵng,16.067502,108.196861,7.812,19,84,0,,,,Đang cập nhật,False,False,False,False,,Ăn vặt/vỉa hè,Món Việt,https://down-vn.img.susercontent.com/vn-11134513-7r98o-lstusjnt6sux6b@resize_ss640x400,https://www.foody.vn/da-nang/banh-trang-kep-di-hoa-dien-bien-phu,/da-nang/banh-trang-kep-di-hoa-dien-bien-phu/goi-mon
676719,Quán Quen - Ẩm Thực Hà Nội,"1397 Xô Viết Nghệ Tĩnh, Quận Hải Châu, Đà Nẵng",Quận Hải Châu,Đà Nẵng,16.031697,108.21344,7.65,4,15,0,,,,0912 220 006 - 01232 227 777,True,False,False,False,,Quán ăn,Hà Nội,https://down-vn.img.susercontent.com/vn-11134259-7r98o-lw9utz3hjly19a@resize_ss640x400,https://www.foody.vn/da-nang/quan-quen-am-thuc-ha-noi,
1111865,Cháo Dinh Dưỡng - Miu Miu,"125 Lê Văn Thứ, P. Mân Thái, Quận Sơn Trà, Đà Nẵng",Quận Sơn Trà,Đà Nẵng,16.0853431,108.2461117,6.0,1,1,0,,,,Đang cập nhật,True,False,False,False,,Quán ăn,,https://down-vn.img.susercontent.com/vn-11134513-7r98o-lsv6thula7d02e@resize_ss640x400,https://www.foody.vn/da-nang/chao-dinh-duong-miu-miu,/da-nang/chao-dinh-duong-miu-miu/goi-mon
76924,Nhà Hàng Chay Ngọc Chi,"202 Hoàng Diệu, P. Nam Dương, Quận Hải Châu, Đà Nẵng",Quận Hải Châu,Đà Nẵng,16.061907,108.217437,7.282,54,249,0,,,,0935 356 534,True,False,False,False,,"Nhà hàng,, Ăn chay,, Quán ăn",Món Việt,https://down-vn.img.susercontent.com/vn-11134513-7r98o-lyenvdd3h6bx69@resize_ss640x400,https://www.foody.vn/da-nang/quan-chay-ngoc-chi,/da-nang/quan-chay-ngoc-chi/goi-mon
762442,Bún Mắm Hoa Nga,"Đầu Kiệt 148 Nguyễn Hữu Thọ, Quận Hải Châu, Đà Nẵng",Quận Hải Châu,Đà Nẵng,16.044295,108.209802,9.1,4,9,0,,,,0126.279.5872,False,False,False,False,,Quán ăn,Món Quảng,https://down-vn.img.susercontent.com/vn-11134513-7r98o-lsu4c1v8qra11e@resize_ss640x400,https://www.foody.vn/da-nang/bun-mam-hoa-nga,/da-nang/bun-mam-hoa-nga/goi-mon
863100,Seoul Mì Lẩu - Mì Cay 7 Cấp Độ Hàn Quốc,"4 Dũng Sĩ Thanh Khê, P. Thanh Khê Đông, Quận Thanh Khê, Đà Nẵng",Quận Thanh Khê,Đà Nẵng,16.0678852,108.1820424,6.754,13,16,0,,,,0905 521 040,True,False,False,False,,Quán ăn,Món Hàn,https://down-vn.img.susercontent.com/vn-11134513-7r98o-lsu69w918xi1e4@resize_ss640x400,https://www.foody.vn/da-nang/seoul-mi-lau-mi-cay-7-cap-do-han-quoc,/da-nang/seoul-mi-lau-mi-cay-7-cap-do-han-quoc/goi-mon
926219,Son Tra Retreat - Garden Lounge & Eatery,"11 Lê Văn Lương, P. Thọ Quang, Quận Sơn Trà, Đà Nẵng",Quận Sơn Trà,Đà Nẵng,16.1038325,108.2640529999999,9.134,30,133,0,,,,0776 726 845,True,False,False,False,,Nhà hàng,,https://down-vn.img.susercontent.com/vn-11134259-7r98o-lw9vf4nrfv897b@resize_ss640x400,https://www.foody.vn/da-nang/son-tra-retreat-garden-lounge-eatery,
261104,Mì Quảng 24/7,"163 Hồ Nghinh, P. Phước Mỹ, Quận Sơn Trà, Đà Nẵng",Quận Sơn Trà,Đà Nẵng,16.0684522,108.2431871,6.284,12,26,0,,,,(0236) 3 550 247,True,False,False,False,,Quán ăn,Món Quảng,https://down-vn.img.susercontent.com/vn-11134513-7r98o-lstxqzks2nr863@resize_ss640x400,https://www.foody.vn/da-nang/mi-quang-24-7,/da-nang/mi-quang-24-7/goi-mon
72569,Nem Lụi - Điện Biên Phủ,"K26/13 Điện Biên Phủ, Quận Thanh Khê, Đà Nẵng",Quận Thanh Khê,Đà Nẵng,16.0661247,108.2063812,6.0,3,14,0,,,,Đang cập nhật,True,False,False,False,,Ăn vặt/vỉa hè,Món Quảng,https://down-vn.img.susercontent.com/vn-11134259-7r98o-lwf9ruv7zahlf6@resize_ss640x400,https://www.foody.vn/da-nang/nem-lui-dien-bien-phu,
227273,Cơm Dạ Hương,"137 Hoàng Hoa Thám, P. Thạc Gián, Quận Thanh Khê, Đà Nẵng",Quận Thanh Khê,Đà Nẵng,16.066855,108.210409,6.842,32,78,0,,,,Đang cập nhật,True,False,False,False,,Quán ăn,Món Việt,https://down-vn.img.susercontent.com/vn-11134513-7r98o-lstwzcuxakrd6d@resize_ss640x400,https://www.foody.vn/da-nang/com-da-huong,/da-nang/com-da-huong/goi-mon
893474,Ẩm Thực Gánh - Bún Đậu Mắm Tôm - Đống Đa,"141 Đống Đa, P. Thuận Phước, Quận Hải Châu, Đà Nẵng",Quận Hải Châu,Đà Nẵng,16.0780073,108.2168408,6.198,33,73,0,,,,0934822424,True,False,False,False,,Quán ăn,Món Bắc,https://down-vn.img.susercontent.com/vn-11134513-7r98o-lsu74erhph9507@resize_ss640x400,https://www.foody.vn/da-nang/am-thuc-ganh-bun-dau-mam-tom-dong-da,/da-nang/am-thuc-ganh-bun-dau-mam-tom-dong-da/goi-mon
161016,Thuận Việt - Hủ Tiếu Nam Vang & Cơm Tấm,"57 Lê Thanh Nghị, Quận Hải Châu, Đà Nẵng",Quận Hải Châu,Đà Nẵng,16.040042,108.217863,5.18,9,19,0,,,,(0236) 3 79 55 79,True,False,False,False,,Quán ăn,Món Việt,https://down-vn.img.susercontent.com/vn-11134513-7r98o-lstusf43ud3882@resize_ss640x400,https://www.foody.vn/da-nang/com-tam-thuan-viet,/da-nang/com-tam-thuan-viet/goi-mon
1067522,May Food - Châu Thị Vĩnh Tế,"224/9 Châu Thị Vĩnh Tế, P. Mỹ An, Quận Ngũ Hành Sơn, Đà Nẵng",Quận Ngũ Hành Sơn,Đà Nẵng,16.047163,108.2424491,9.454,7,5,0,,,,Đang cập nhật,True,False,False,False,,Quán ăn,,https://down-vn.img.susercontent.com/vn-11134513-7r98o-lsv3a140cgxw68@resize_ss640x400,https://www.foody.vn/da-nang/may-food-chau-thi-vinh-te,/da-nang/may-food-chau-thi-vinh-te/goi-mon
735822,Ah Cá - Gỏi cá số 1,"2/187 Hà Khê, P. Thanh Khê Đông, Quận Thanh Khê, Đà Nẵng",Quận Thanh Khê,Đà Nẵng,16.0736766,108.1821121,7.16,10,44,0,,,,Đang cập nhật,False,False,False,False,,Quán ăn,Món Quảng,https://down-vn.img.susercontent.com/vn-11134513-7r98o-lsu352nmwdy168@resize_ss640x400,https://www.foody.vn/da-nang/ah-ca-goi-ca-so-1,/da-nang/ah-ca-goi-ca-so-1/goi-mon
98986,Ram Cuốn Cải Việt,"Đối diện 337 Hải Phòng, P. Tân Chính, Quận Thanh Khê, Đà Nẵng",Quận Thanh Khê,Đà Nẵng,16.070578,108.207303,6.72,81,199,0,,,,Đang cập nhật,True,False,False,False,,Ăn vặt/vỉa hè,Món Quảng,https://down-vn.img.susercontent.com/vn-11134513-7r98o-lstsn6bh77vdb6@resize_ss640x400,https://www.foody.vn/da-nang/ram-cuon-cai-viet,/da-nang/ram-cuon-cai-viet/goi-mon
197544,Bánh Mì Ốp La Thanh Hoa,"127 Nguyễn Công Trứ, P. An Hải Bắc, Quận Sơn Trà, Đà Nẵng",Quận Sơn Trà,Đà Nẵng,16.0670629842542,108.2351569086313,7.088,9,26,0,,,,Đang cập nhật,True,False,False,False,,Quán ăn,Món Việt,https://down-vn.img.susercontent.com/vn-11134259-7r98o-lwbwuljsso9n6a@resize_ss640x400,https://www.foody.vn/da-nang/banh-mi-op-la-thanh-hoa,
1030461,Kem Dừa Mã Lai & Trà Chanh,"39 Tố Hữu, Quận Hải Châu, Đà Nẵng",Quận Hải Châu,Đà Nẵng,16.034578,108.22079,8.4,1,37,0,,,,Đang cập nhật,True,False,False,False,,Café/Dessert,Món Việt,https://down-vn.img.susercontent.com/vn-11134259-7r98o-lwe7yjy7phaxcc@resize_ss640x400,https://www.foody.vn/da-nang/kem-dua-ma-lai-tra-chanh,
92294,Quán 160 - Mì Xíu & Hủ Tiếu,"160 Lê Duẩn, P. Thạch Thang, Quận Hải Châu, Đà Nẵng",Quận Hải Châu,Đà Nẵng,16.070463,108.214588,6.87,26,98,0,,,,Đang cập nhật,False,False,False,False,,Quán ăn,Món Việt,https://down-vn.img.susercontent.com/vn-11134513-7r98o-lstsgjewt3used@resize_ss640x400,https://www.foody.vn/da-nang/quan-160-mi-xiu-hu-tieu,/da-nang/quan-160-mi-xiu-hu-tieu/goi-mon
251197,SaSin - Mì Cay 7 Cấp Độ Hàn Quốc - Nguyễn Văn Linh,"315 Nguyễn Văn Linh, P. Thạc Gián, Quận Thanh Khê, Đà Nẵng",Quận Thanh Khê,Đà Nẵng,16.058932,108.206592,6.456,383,1481,0,,,,Đang cập nhật,True,False,False,False,,Quán ăn,Món Hàn,https://down-vn.img.susercontent.com/vn-11134513-7r98o-lstxiv0rric9ee@resize_ss640x400,https://www.foody.vn/da-nang/sasin-mi-cay-7-cap-do-han-quoc-nguyen-van-linh,/da-nang/sasin-mi-cay-7-cap-do-han-quoc-nguyen-van-linh/goi-mon
926359,Chân Gà Nướng Hai Còi - 58 Nguyễn Văn Thoại,"58 Nguyễn Văn Thoại, Quận Sơn Trà, Đà Nẵng",Quận Sơn Trà,Đà Nẵng,16.054244,108.23957,8.8,1,19,0,,,,0902087612; 0905002380,False,False,False,False,,Quán ăn,Món Miền Trung,https://down-vn.img.susercontent.com/vn-11134513-7r98o-lsu7s8qu5l8k72@resize_ss640x400,https://www.foody.vn/da-nang/chan-ga-nuong-hai-coi-58-nguyen-van-thoai,/da-nang/chan-ga-nuong-hai-coi-58-nguyen-van-thoai/goi-mon
156151,Kiều Trinh - Nhậu Bình Dân,"Phạm Văn Đồng, Quận Sơn Trà, Đà Nẵng",Quận Sơn Trà,Đà Nẵng,16.0714210614371,108.2343143597245,7.44,5,89,0,,,,Đang cập nhật,False,False,False,False,,Quán nhậu,Món Miền Trung,https://down-vn.img.susercontent.com/vn-11134259-7r98o-lwda9mpug5p5b4@resize_ss640x400,https://www.foody.vn/da-nang/kieu-trinh-nhau-binh-dan,
966833,"Mô Ri Quán - Bèo, Nậm, Lọc - Trưng Nữ Vương","408/3 Trưng Nữ Vương, Quận Hải Châu, Đà Nẵng",Quận Hải Châu,Đà Nẵng,16.0510365,108.2158466,8.366,6,32,0,,,,Đang cập nhật,True,False,False,False,,Quán ăn,Món Miền Trung,https://down-vn.img.susercontent.com/vn-11134513-7r98o-lsu8lwkpjyys6e@resize_ss640x400,https://www.foody.vn/da-nang/mori-quan-beo-nam-loc,/da-nang/mori-quan-beo-nam-loc/goi-mon
261021,Tiệm Bánh Jeremy's Kitchen,"190 Nguyễn Công Trứ, Quận Sơn Trà, Đà Nẵng",Quận Sơn Trà,Đà Nẵng,16.067167,108.234287,8.1,16,104,0,,,,Đang cập nhật,True,False,False,False,,Tiệm bánh,"Món Việt,, Quốc tế",https://down-vn.img.susercontent.com/vn-11134513-7r98o-lstxovcn6wg47c@resize_ss640x400,https://www.foody.vn/da-nang/tiem-banh-jeremy-s-kitchen,/da-nang/tiem-banh-jeremy-s-kitchen/goi-mon
108471,Quán Tâm - Mì Quảng Cá Lóc Đại Lộc,"65 Vũ Ngọc Phan, P. Hòa Khánh Bắc, Quận Liên Chiểu, Đà Nẵng",Quận Liên Chiểu,Đà Nẵng,16.0687706,108.1489741,7.774,21,103,0,,,,0987 678 761,True,False,False,False,,Quán ăn,Món Quảng,https://down-vn.img.susercontent.com/vn-11134513-7r98o-lstsxtaorb15e6@resize_ss640x400,https://www.foody.vn/da-nang/quan-tam-mi-quang-ca-loc-dai-loc,/da-nang/quan-tam-mi-quang-ca-loc-dai-loc/goi-mon
994782,Takoyaki - Chợ Đêm Sơn Trà,"Chợ Đêm Sơn Trà, Mai Hắc Đế, P. An Hai Trung, Quận Sơn Trà, Đà Nẵng",Quận Sơn Trà,Đà Nẵng,16.062207,108.231858,6.0,1,4,0,,,,Đang cập nhật,False,False,False,False,,Ăn vặt/vỉa hè,Món Nhật,https://down-vn.img.susercontent.com/vn-11134259-7r98o-lwglkw6cyl093e@resize_ss640x400,https://www.foody.vn/da-nang/takoyaki-cho-dem-son-tra,
743247,Thọ Trường 3 - Bánh Cuốn Thịt Nướng,"169 Lê Thanh Nghị, Quận Hải Châu, Đà Nẵng",Quận Hải Châu,Đà Nẵng,16.038195,108.218238,7.38,10,18,0,,,,01229 463 323,True,False,False,False,,Quán ăn,Món Miền Trung,https://down-vn.img.susercontent.com/vn-11134513-7ras8-m2kfftq3tczq55@resize_ss640x400,https://www.foody.vn/da-nang/tho-truong-3-banh-cuon-thit-nuong,/da-nang/tho-truong-3-banh-cuon-thit-nuong/goi-mon
997737,Nhà Hàng Chay Hương Sen,"73 Lê Đình Lý, P. Vĩnh Trung, Quận Thanh Khê, Đà Nẵng",Quận Thanh Khê,Đà Nẵng,16.05752,108.2115,7.6,1,6,0,,,,0905779366,True,False,False,False,,Nhà hàng,Món Việt,https://down-vn.img.susercontent.com/vn-11134513-7r98o-lsu9b0q2eis939@resize_ss640x400,https://www.foody.vn/da-nang/nha-hang-chay-huong-sen,/da-nang/nha-hang-chay-huong-sen/goi-mon
1110133,Cà Phê Muối Huế - Bản,"Số 63 Châu Thị Vĩnh Tế, Quận Ngũ Hành Sơn, Đà Nẵng",Quận Ngũ Hành Sơn,Đà Nẵng,16.052103,108.240028,5.0,1,0,0,,,,Đang cập nhật,True,False,False,False,,Café/Dessert,,https://down-vn.img.susercontent.com/vn-11134513-7r98o-lsv6nm7ozjd08a@resize_ss640x400,https://www.foody.vn/da-nang/ca-phe-muoi-hue-ban,/da-nang/ca-phe-muoi-hue-ban/goi-mon
1245232,Bánh Tráng Cuốn Thịt Heo Dì Hằng - 118 Huỳnh Thúc Kháng,"118 Huỳnh Thúc Kháng, P. Phước Ninh, Quận Hải Châu, Đà Nẵng",Quận Hải Châu,Đà Nẵng,16.0590753,108.2180939,1.0,1,0,0,,,,Đang cập nhật,True,False,False,False,,Quán ăn,,https://down-vn.img.susercontent.com/vn-11134513-7ra0g-m88x213waefb02@resize_ss640x400,https://www.foody.vn/da-nang/banh-trang-cuon-thit-heo-di-hang-118-huynh-thuc-khang,/da-nang/banh-trang-cuon-thit-heo-di-hang-118-huynh-thuc-khang/goi-mon
156447,Tiệm Ăn Triều Hợp,"26 Trần Bình Trọng, P. Hải Châu 1, Quận Hải Châu, Đà Nẵng",Quận Hải Châu,Đà Nẵng,16.066179,108.219178,7.154,8,65,0,,,,Đang cập nhật,True,False,False,False,,Quán ăn,Món Việt,https://down-vn.img.susercontent.com/vn-11134513-7r98o-lstumi9nbg04e7@resize_ss640x400,https://www.foody.vn/da-nang/tiem-an-trieu-hop,/da-nang/tiem-an-trieu-hop/goi-mon
886505,Sano's Garden - Coffee & Smoothie,"7 - 9 Nguyễn Nhàn, P. Hòa Thọ Đông, Quận Cẩm Lệ, Đà Nẵng",Quận Cẩm Lệ,Đà Nẵng,16.0101366,108.1934273,7.648,12,44,0,,,,0977340347,True,False,False,False,,Café/Dessert,Món Việt,https://down-vn.img.susercontent.com/vn-11134513-7r98o-lsu6xq1fz6vt6b@resize_ss640x400,https://www.foody.vn/da-nang/sano-s-garden-coffee-smoothie,/da-nang/sano-s-garden-coffee-smoothie/goi-mon
125994,Bún Mắm - Bánh Ướt - Bánh Bèo,"216 Núi Thành, P. Hòa Cường Bắc, Quận Hải Châu, Đà Nẵng",Quận Hải Châu,Đà Nẵng,16.0446277,108.2212972,8.0,2,12,0,,,,Đang cập nhật,False,False,False,False,,Quán ăn,Món Quảng,https://down-vn.img.susercontent.com/vn-11134513-7r98o-lsttk883zt1g27@resize_ss640x400,https://www.foody.vn/da-nang/bun-mam-banh-uot-banh-beo,/da-nang/bun-mam-banh-uot-banh-beo/goi-mon
1000000463,Bánh Tráng Trộn - Bé Ù,"256 Nguyễn Hoàng, P. Vĩnh Trung, Quận Thanh Khê, Đà Nẵng",Quận Thanh Khê,Đà Nẵng,16.0587876,108.2130541,7.25,4,7,0,,,,Đang cập nhật,True,False,False,False,,Shop Online,Món Việt,https://down-vn.img.susercontent.com/vn-11134513-7r98o-lsvdr37oail582@resize_ss640x400,https://www.foody.vn/da-nang/banh-trang-tron-be-u,/da-nang/banh-trang-tron-be-u/goi-mon
91173,Bánh Tráng Trộn Cô Tưởng,"35 Hà Thị Thân, P. An Hải Tây, Quận Sơn Trà, Đà Nẵng",Quận Sơn Trà,Đà Nẵng,16.058786,108.232251,7.376,42,285,0,,,,Đang cập nhật,False,False,False,False,,Ăn vặt/vỉa hè,Món Việt,https://down-vn.img.susercontent.com/vn-11134513-7r98o-lstset5jx29wfc@resize_ss640x400,https://www.foody.vn/da-nang/banh-trang-tron-co-tuong,/da-nang/banh-trang-tron-co-tuong/goi-mon
693096,Ốc Bé Ly - Hải Phòng,"204 Hải Phòng, P. Tam Thuận, Quận Thanh Khê, Đà Nẵng",Quận Thanh Khê,Đà Nẵng,16.070812,108.208559,8.452,8,16,0,,,,Đang cập nhật,False,False,False,False,,Ăn vặt/vỉa hè,Món Việt,https://down-vn.img.susercontent.com/vn-11134513-7r98o-lsu1btdyrpndc4@resize_ss640x400,https://www.foody.vn/da-nang/oc-be-ly-hai-phong,/da-nang/oc-be-ly-hai-phong/goi-mon
91165,Bún Riêu Cua 39,"39 Lê Hồng Phong, P. Phước Ninh, Quận Hải Châu, Đà Nẵng",Quận Hải Châu,Đà Nẵng,16.064011,108.221233,6.872,11,32,0,,,,Đang cập nhật,True,False,False,False,,Quán ăn,Món Việt,https://down-vn.img.susercontent.com/vn-11134513-7r98o-lstsflv3wkux06@resize_ss640x400,https://www.foody.vn/da-nang/bun-rieu-cua-39,/da-nang/bun-rieu-cua-39/goi-mon
49735,Luna Pub - Trần Phú,"9A Trần Phú, P. Thạch Thang, Quận Hải Châu, Đà Nẵng",Quận Hải Châu,Đà Nẵng,16.0784136,108.224344,6.836,115,330,0,,,,Đang cập nhật,True,False,False,False,,"Nhà hàng,, Bar/Pub",Ý,https://down-vn.img.susercontent.com/vn-11134513-7r98o-lstrs9tf7mhl1c@resize_ss640x400,https://www.foody.vn/da-nang/luna-pub-tran-phu,/da-nang/luna-pub-tran-phu/goi-mon
300108,King Nước Ép & Cút Lộn Xào Me,"K23/2 Trần Kế Xương, P. Hải Châu 2, Quận Hải Châu, Đà Nẵng",Quận Hải Châu,Đà Nẵng,16.067201,108.217188,6.302,35,153,0,,,,Đang cập nhật,False,False,False,False,,Ăn vặt/vỉa hè,Món Việt,https://down-vn.img.susercontent.com/vn-11134513-7r98o-lstyjkhpy9c419@resize_ss640x400,https://www.foody.vn/da-nang/king-nuoc-ep-cut-lon-xao-me,/da-nang/king-nuoc-ep-cut-lon-xao-me/goi-mon
697600,Cơm Gà Hội An - Châu Thị Vĩnh Tế,"198 Châu Thị Vĩnh Tế, P. Mỹ An, Quận Ngũ Hành Sơn, Đà Nẵng",Quận Ngũ Hành Sơn,Đà Nẵng,16.047351,108.241373,7.036,11,38,0,,,,Đang cập nhật,True,False,False,False,,"Quán ăn,, Giao cơm văn phòng",Món Quảng,https://down-vn.img.susercontent.com/vn-11134513-7r98o-lsu1lxw3d2h079@resize_ss640x400,https://www.foody.vn/da-nang/com-ga-hoi-an,/da-nang/com-ga-hoi-an/goi-mon
10053,Quán 144 - Bò Kho Ốp La,"144 Huỳnh Thúc Kháng, Quận Hải Châu, Đà Nẵng",Quận Hải Châu,Đà Nẵng,16.057913,108.218012,7.282,76,244,0,,,,(0236) 3 816 176,False,False,False,False,,Quán ăn,Món Việt,https://down-vn.img.susercontent.com/vn-11134513-7r98o-lstq7u7q96tg89@resize_ss640x400,https://www.foody.vn/da-nang/quan-144-bo-kho-op-la,/da-nang/quan-144-bo-kho-op-la/goi-mon
96378,Bé Hải - Đặc Sản Dê,"47A Lê Bá Trinh, Quận Hải Châu, Đà Nẵng",Quận Hải Châu,Đà Nẵng,16.043664,108.219566,5.834,6,16,0,,,,0916 724 111,True,False,False,False,,"Quán ăn,, Quán nhậu",Món Việt,https://down-vn.img.susercontent.com/vn-11134259-7r98o-lwgahfhri6sbce@resize_ss640x400,https://www.foody.vn/da-nang/be-hai-dac-san-de,
742933,"Highlands Coffee - Trà, Cà Phê & Bánh - Quang Trung","145 Quang Trung, P. Thạch Thang, Quận Hải Châu, Đà Nẵng",Quận Hải Châu,Đà Nẵng,16.073517,108.213937,8.006,26,55,0,,,,Đang cập nhật,True,False,False,False,,Café/Dessert,Món Việt,https://down-vn.img.susercontent.com/vn-11134513-81ztc-moj14bh2mpdua9@resize_ss640x400,https://www.foody.vn/da-nang/highlands-coffee-tra-ca-phe-banh-quang-trung,/da-nang/highlands-coffee-tra-ca-phe-banh-quang-trung/goi-mon
975974,Trà Sữa Ông Thọ - Lê Đình Lý,"105 Lê Đình Lý, P. Vĩnh Trung, Quận Thanh Khê, Đà Nẵng",Quận Thanh Khê,Đà Nẵng,16.0563896,108.2118802,7.344,7,15,0,,,,0901545557 ( Mr. Nguyên ) ,True,False,False,False,,Ăn vặt/vỉa hè,Món Việt,https://down-vn.img.susercontent.com/vn-11134513-7r98o-lsu8tzizqpw971@resize_ss640x400,https://www.foody.vn/da-nang/tra-sua-ong-tho-le-dinh-ly,/da-nang/tra-sua-ong-tho-le-dinh-ly/goi-mon
1076007,Don Quảng Ngãi - Trần Văn Dư,"K40/2 Trần Văn Dư, P. Mỹ An, Quận Ngũ Hành Sơn, Đà Nẵng",Quận Ngũ Hành Sơn,Đà Nẵng,16.040846,108.2438864,10.0,2,1,0,,,,Đang cập nhật,False,False,False,False,,Quán ăn,,https://down-vn.img.susercontent.com/vn-11134513-7r98o-lsv3ypbklih099@resize_ss640x400,https://www.foody.vn/da-nang/don-quang-ngai-tran-van-du,/da-nang/don-quang-ngai-tran-van-du/goi-mon
1038904,Cơm Tấm Hương Việt,"242A Nguyễn Tri Phương, P. Thạc Gián, Quận Thanh Khê, Đà Nẵng",Quận Thanh Khê,Đà Nẵng,16.05742,108.206449,10.0,1,33,0,,,,Đang cập nhật,True,False,False,False,,Quán ăn,Món Việt,https://down-vn.img.susercontent.com/vn-11134513-7r98o-lsv0wasys69wa8@resize_ss640x400,https://www.foody.vn/da-nang/com-tam-huong-viet,/da-nang/com-tam-huong-viet/goi-mon
981769,Royaltea - Trà Sữa & Ăn Vặt - Cách Mạng Tháng 8,"K383/29 Cách Mạng Tháng 8, Quận Cẩm Lệ, Đà Nẵng",Quận Cẩm Lệ,Đà Nẵng,16.013585,108.200881,6.37,13,45,0,,,,Đang cập nhật,True,False,False,False,,Café/Dessert,Món Việt,https://down-vn.img.susercontent.com/vn-11134513-7r98o-lsu8xpy911uhf6@resize_ss640x400,https://www.foody.vn/da-nang/royaltea-tra-sua-an-vat-cach-mang-thang-8,/da-nang/royaltea-tra-sua-an-vat-cach-mang-thang-8/goi-mon
1023369,Trà Sữa Ông Thọ - Đinh Châu,"116 Đinh Châu, P. Hòa Thọ Đông, Quận Cẩm Lệ, Đà Nẵng",Quận Cẩm Lệ,Đà Nẵng,16.008029,108.198766,5.95,4,2,0,,,,Đang cập nhật,True,False,False,False,,Café/Dessert,Món Việt,https://down-vn.img.susercontent.com/vn-11134513-7r98o-lsua2fcalw9lc8@resize_ss640x400,https://www.foody.vn/da-nang/tra-sua-ong-tho-dinh-chau,/da-nang/tra-sua-ong-tho-dinh-chau/goi-mon
771931,Lá Coffee - Nguyễn Nhàn,"81 - 83 Nguyễn Nhàn, P. Hòa Thọ Đông, Quận Cẩm Lệ, Đà Nẵng",Quận Cẩm Lệ,Đà Nẵng,16.010906,108.195956,8.4,1,11,0,,,,Đang cập nhật,True,False,False,False,,Café/Dessert,Món Việt,https://down-vn.img.susercontent.com/vn-11134513-7r98o-lsu4q12ws53867@resize_ss640x400,https://www.foody.vn/da-nang/la-coffee-nguyen-nhan,/da-nang/la-coffee-nguyen-nhan/goi-mon
128547,Blue Sky Coffee,"99 Nguyễn Nhàn, P. Hòa Thọ Đông, Quận Cẩm Lệ, Đà Nẵng",Quận Cẩm Lệ,Đà Nẵng,16.010441,108.194415,8.0,1,9,0,,,,Đang cập nhật,True,False,False,False,,Café/Dessert,Món Việt,https://down-vn.img.susercontent.com/vn-11134259-7r98o-lwcd4ys9zil7f5@resize_ss640x400,https://www.foody.vn/da-nang/blue-sky-coffee,
1022493,Bún Mắm - Lệ,"149 Nguyễn Hoàng, P. Nam Dương, Quận Hải Châu, Đà Nẵng",Quận Hải Châu,Đà Nẵng,16.061213,108.213768,8.3,2,9,0,,,,905825217,False,False,False,False,,Quán ăn,Món Việt,https://down-vn.img.susercontent.com/vn-11134513-7r98o-lsua0uzr2f89b0@resize_ss640x400,https://www.foody.vn/da-nang/bun-mam-le,/da-nang/bun-mam-le/goi-mon
124087,Nhà Hàng Việt Nam - Lý Tự Trọng,"53 - 55 Lý Tự Trọng, P. Thạch Thang, Quận Hải Châu, Đà Nẵng",Quận Hải Châu,Đà Nẵng,16.076946,108.216826,5.998,3,39,0,,,,(0236) 3 823 845,True,False,False,False,,Nhà hàng,Món Miền Trung,https://down-vn.img.susercontent.com/vn-11134513-7r98o-lstthzk5ykecfb@resize_ss640x400,https://www.foody.vn/da-nang/nha-hang-viet-nam-ly-tu-trong,/da-nang/nha-hang-viet-nam-ly-tu-trong/goi-mon
885771,Bánh Mì Heo Quay Ty - Chợ Cồn,"Ngã 4 Ông Ích Khiêm - Hùng Vương, P. Hải Châu 2, Quận Hải Châu, Đà Nẵng",Quận Hải Châu,Đà Nẵng,16.067401,108.21402,7.298,6,21,0,,,,Đang cập nhật,False,False,False,False,,Ăn vặt/vỉa hè,Món Miền Trung,https://down-vn.img.susercontent.com/vn-11134513-7r98o-lsu6xjy8xd3t6e@resize_ss640x400,https://www.foody.vn/da-nang/banh-mi-heo-quay-ty-cho-con,/da-nang/banh-mi-heo-quay-ty-cho-con/goi-mon
1000000338,Gạch Đỏ - Bánh Mỳ - An Thượng 8,"40 An Thượng 8, Quận Ngũ Hành Sơn, Đà Nẵng",Quận Ngũ Hành Sơn,Đà Nẵng,16.0479767,108.2446652,7.96,20,54,0,,,,Đang cập nhật,True,False,False,False,,Tiệm bánh,Món Việt,https://down-vn.img.susercontent.com/vn-11134513-7r98o-lsvdotb25ggpdc@resize_ss640x400,https://www.foody.vn/da-nang/gach-do-banh-my-an-thuong-8,/da-nang/gach-do-banh-my-an-thuong-8/goi-mon
114612,Bánh Mì Hạnh Phúc,"346 Hoàng Diệu, P. Bình Hiên, Quận Hải Châu, Đà Nẵng",Quận Hải Châu,Đà Nẵng,16.056986,108.217029,8.114,14,68,0,,,,0905 873 543,True,False,False,False,,Ăn vặt/vỉa hè,Món Việt,https://down-vn.img.susercontent.com/vn-11134513-7ras8-m3dsx6fbur3c53@resize_ss640x400,https://www.foody.vn/da-nang/banh-mi-hanh-phuc,/da-nang/banh-mi-hanh-phuc/goi-mon
1000027608,Bánh Mì Que Ngon Ngon - Bánh Mỳ Que - Lê Độ,"17 Lê Độ, P. Xuân Hà, Quận Thanh Khê, Đà Nẵng",Quận Thanh Khê,Đà Nẵng,16.070456,108.20137,9.55,4,1,0,,,,Đang cập nhật,False,False,False,False,,"Ăn vặt/vỉa hè,, Tiệm bánh",Món Miền Trung,https://down-vn.img.susercontent.com/vn-11134513-7r98o-lsvefl6rmmxl2f@resize_ss640x400,https://www.foody.vn/da-nang/banh-mi-que-ngon-ngon-banh-my-que-le-do.9rtix0,/da-nang/banh-mi-que-ngon-ngon-banh-my-que-le-do.9rtix0/goi-mon
1048917,Bánh Canh O Linh Xứ Huế - 27 Ông Ích Đường,"27 Ông Ích Đường, P. Khuê Trung, Quận Cẩm Lệ, Đà Nẵng",Quận Cẩm Lệ,Đà Nẵng,16.021742,108.202605,1.0,1,0,0,,,,Đang cập nhật,True,False,False,False,,Quán ăn,Món Việt,https://down-vn.img.susercontent.com/vn-11134513-7r98o-lsv1ny46cck962@resize_ss640x400,https://www.foody.vn/da-nang/banh-canh-o-linh-xu-hue-27-ong-ich-duong,/da-nang/banh-canh-o-linh-xu-hue-27-ong-ich-duong/goi-mon
648401,Cơm Gà Huệ,"122 Nguyễn Đức Trung, P. Hòa Khuê, Quận Thanh Khê, Đà Nẵng",Quận Thanh Khê,Đà Nẵng,16.068627,108.187685,8.094,17,41,0,,,,Đang cập nhật,True,False,False,False,,Quán ăn,Món Miền Trung,https://down-vn.img.susercontent.com/vn-11134513-7r98o-lstzr02xtsxwe4@resize_ss640x400,https://www.foody.vn/da-nang/com-ga-hue,/da-nang/com-ga-hue/goi-mon
49444,Bánh Mì Ngon - Ngô Gia Tự,"37 Ngô Gia Tự, P. Hải Châu 1, Quận Hải Châu, Đà Nẵng",Quận Hải Châu,Đà Nẵng,16.069986,108.217116,7.918,31,134,0,,,,Đang cập nhật,False,False,False,False,,Quán ăn,Món Quảng,https://down-vn.img.susercontent.com/vn-11134513-7r98o-lstrrfkxgi3d7e@resize_ss640x400,https://www.foody.vn/da-nang/banh-mi-ngon-ngo-gia-tu,/da-nang/banh-mi-ngon-ngo-gia-tu/goi-mon
720921,Khu Sinh Thái Dã Ngoại Khuê Trung,"Thăng Long, P. Khuê Trung, Quận Cẩm Lệ, Đà Nẵng",Quận Cẩm Lệ,Đà Nẵng,16.0109259016553,108.2075261618713,6.676,199,62,0,,,,0964 505 042 - 0936 777 776,True,False,False,False,,"Nhà hàng,, Du lịch sinh thái",Món Việt,https://down-vn.img.susercontent.com/vn-11134259-7r98o-lw9zm6usy57d69@resize_ss640x400,https://www.foody.vn/da-nang/khu-sinh-thai-da-ngoai-khue-trung,
11933,Kachou Fugetsu - Ẩm Thực Nhật Bản,"85 nguyễn Chí Thanh, P. Thạch Thang, Quận Hải Châu, Đà Nẵng",Quận Hải Châu,Đà Nẵng,16.075638,108.220568,6.89,18,105,0,,,,(0236) 3 822 023  -0977 147 950,True,False,False,False,,Nhà hàng,Món Nhật,https://down-vn.img.susercontent.com/vn-11134259-7r98o-lwaulfne60gr72@resize_ss640x400,https://www.foody.vn/da-nang/kachou-fugetsu,
925844,Dâu Ngọt Cafe,"60 An Thượng 29, P. Mỹ An, Quận Ngũ Hành Sơn, Đà Nẵng",Quận Ngũ Hành Sơn,Đà Nẵng,16.0515014,108.2436374,8.318,12,108,0,,,,Đang cập nhật,True,False,False,False,,Café/Dessert,Món Việt,https://down-vn.img.susercontent.com/vn-11134513-7r98o-lsu7r8n6zgk96a@resize_ss640x400,https://www.foody.vn/da-nang/dau-ngot-cafe,/da-nang/dau-ngot-cafe/goi-mon
648477,Asagi Store - Trái Cây Sạch,"38 Lê Vĩnh Khanh, P. Hoà An, Quận Cẩm Lệ, Đà Nẵng",Quận Cẩm Lệ,Đà Nẵng,16.050289,108.1752,7.8,5,24,0,,,,Đang cập nhật,True,False,False,False,,"Shop Online,, Mua sắm Online","Món Việt,, Quốc tế",https://down-vn.img.susercontent.com/vn-11134513-7r98o-lstzotsqdwp09e@resize_ss640x400,https://www.foody.vn/da-nang/asagi-store-trai-cay-sach,/da-nang/asagi-store-trai-cay-sach/goi-mon
971627,ChiKi Hoàng Phương Chợ Đầu Mối - Bánh Mì - Nước Ép & Trái Cây,"Ngã Tư Lê Sát - Hồ Nguyên Trừng, P. Hòa Cường Nam (Ngay Cột Ngã Tư, Ở 1 Góc Ngoài Của Chợ), Quận Hải Châu, Đà Nẵng",Quận Hải Châu,Đà Nẵng,16.031707,108.220342,6.688,14,71,0,,,,0935 990 901,True,False,False,False,,Ăn vặt/vỉa hè,Món Việt,https://down-vn.img.susercontent.com/vn-11134513-7r98o-lsu8pm5q15ms87@resize_ss640x400,https://www.foody.vn/da-nang/chiki-hoang-phuong-cho-dau-moi-banh-mi-nuoc-ep-trai-cay,/da-nang/chiki-hoang-phuong-cho-dau-moi-banh-mi-nuoc-ep-trai-cay/goi-mon
124804,Pause Cafe - Trần Phú,"11 Trần Phú, P. Thạch Thang, Quận Hải Châu, Đà Nẵng",Quận Hải Châu,Đà Nẵng,16.079767,108.22294,7.592,75,774,0,,,,Đang cập nhật,True,False,False,False,,Café/Dessert,Món Miền Trung,https://down-vn.img.susercontent.com/vn-11134513-7r98o-lsttk7w6egg474@resize_ss640x400,https://www.foody.vn/da-nang/pause-cafe-tran-phu,/da-nang/pause-cafe-tran-phu/goi-mon
752496,Thai Market Restaurant - 183 Nguyễn Văn Thoại,"183 Nguyễn Văn Thoại, P. Mỹ An, Quận Ngũ Hành Sơn, Đà Nẵng",Quận Ngũ Hành Sơn,Đà Nẵng,16.055322,108.242608,7.194,35,213,0,,,,Đang cập nhật,True,False,False,False,,Nhà hàng,Món Thái,https://down-vn.img.susercontent.com/vn-11134513-81ztc-mki2ofm8jmdh18@resize_ss640x400,https://www.foody.vn/da-nang/thai-market-restaurant-183-nguyen-van-thoai,/da-nang/thai-market-restaurant-183-nguyen-van-thoai/goi-mon
976021,Bánh Mì Nhà Chang,"147 Lê Đình Lý, P. Bình Thuận, Quận Hải Châu, Đà Nẵng",Quận Hải Châu,Đà Nẵng,16.054552,108.2120509,5.9,2,4,0,,,,0789892456,True,False,False,False,,Quán ăn,Món Miền Trung,https://down-vn.img.susercontent.com/vn-11134513-7r98o-lsu8t75n9c5ga0@resize_ss640x400,https://www.foody.vn/da-nang/banh-mi-nha-chang,/da-nang/banh-mi-nha-chang/goi-mon
718547,Tiệm Ăn Đường Triều - Món Hoa,"48 Lê Đình Dương, P. Phước Ninh, Quận Hải Châu, Đà Nẵng",Quận Hải Châu,Đà Nẵng,16.061336,108.220946,4.734,9,19,0,,,,Đang cập nhật,False,False,False,False,,Quán ăn,Món Trung Hoa,https://down-vn.img.susercontent.com/vn-11134513-7r98o-lsu2eqtvxfpgc0@resize_ss640x400,https://www.foody.vn/da-nang/tiem-an-duong-trieu-mon-hoa,/da-nang/tiem-an-duong-trieu-mon-hoa/goi-mon
133464,Bánh Tráng Thịt Heo Hương Đại Lộc,"625 Tôn Đức Thắng, P. Hòa Khánh Nam, Quận Liên Chiểu, Đà Nẵng",Quận Liên Chiểu,Đà Nẵng,16.0681529,108.1518555,7.97,32,178,0,,,,0905 770 144,True,False,False,False,,Quán ăn,Món Quảng,https://down-vn.img.susercontent.com/vn-11134513-7r98o-lstttgp3du4kdd@resize_ss640x400,https://www.foody.vn/da-nang/banh-trang-thit-heo-huong-dai-loc,/da-nang/banh-trang-thit-heo-huong-dai-loc/goi-mon
1000000011,Milano Coffee - Mẹ Thứ,"318 Mẹ Thứ, Quận Cẩm Lệ, Đà Nẵng",Quận Cẩm Lệ,Đà Nẵng,15.9999686,108.2127344,9.3,2,7,0,,,,Đang cập nhật,True,False,False,False,,Café/Dessert,Món Việt,https://down-vn.img.susercontent.com/vn-11134513-7r98o-lsvdovuwf26c8c@resize_ss640x400,https://www.foody.vn/da-nang/milano-coffee-me-thu,/da-nang/milano-coffee-me-thu/goi-mon
1000046561,Bánh Mì NGON Đà Nẵng - Bánh mì và nước uống - 40 Hồ Biểu Chánh,"40 Hồ Biểu Chánh, P. Hòa Cường Nam, Quận Hải Châu, Đà Nẵng",Quận Hải Châu,Đà Nẵng,16.0359749,108.2195898,9.534,3,1,0,,,,Đang cập nhật,True,False,False,False,,Quán ăn,Món Miền Trung,https://down-vn.img.susercontent.com/vn-11134513-7r98o-lsvfog0kiuv865@resize_ss640x400,https://www.foody.vn/da-nang/banh-mi-ngon-da-nang-banh-mi-va-nuoc-uong-40-ho-bieu-chanh.qtkecq,/da-nang/banh-mi-ngon-da-nang-banh-mi-va-nuoc-uong-40-ho-bieu-chanh.qtkecq/goi-mon
6316,Bún Hương - Bún Bò Huế,"229 Đống Đa, P. Thạch Thang, Quận Hải Châu, Đà Nẵng",Quận Hải Châu,Đà Nẵng,16.075544,108.215396,6.222,29,104,0,,,,(0236) 3 889 878,True,False,False,False,,Quán ăn,Món Huế,https://down-vn.img.susercontent.com/vn-11134513-7r98o-lstq1rny1byc10@resize_ss640x400,https://www.foody.vn/da-nang/bun-huong-bun-bo-hue,/da-nang/bun-huong-bun-bo-hue/goi-mon
716197,Cháo Chờ Chung Cư,"Ngã 4 Phú Lộc 3 - Kinh Dương Vương, P. Thanh Khê Tây, Quận Liên Chiểu, Đà Nẵng",Quận Liên Chiểu,Đà Nẵng,16.075085,108.168906,7.85,4,16,0,,,,Đang cập nhật,False,False,False,False,,Ăn vặt/vỉa hè,Món Miền Trung,https://down-vn.img.susercontent.com/vn-11134513-7r98o-lsu29j5ckt5l7e@resize_ss640x400,https://www.foody.vn/da-nang/chao-cho-chung-cu,/da-nang/chao-cho-chung-cu/goi-mon
950822,Cháo Bò Ngọc Bảo,"359 Phan Châu Trinh, P. Bình Thuận, Quận Hải Châu, Đà Nẵng",Quận Hải Châu,Đà Nẵng,16.0568757,108.2190335,7.8,4,3,0,,,,0935320373,True,False,False,False,,Quán ăn,Món Miền Trung,https://down-vn.img.susercontent.com/vn-11134513-7r98o-lsu8bl3752u12f@resize_ss640x400,https://www.foody.vn/da-nang/chao-bo-ngoc-bao,/da-nang/chao-bo-ngoc-bao/goi-mon
760057,"Highlands Coffee - Trà, Cà Phê & Bánh - Trần Phú","214 Trần Phú, P. Phước Minh, Quận Hải Châu, Đà Nẵng",Quận Hải Châu,Đà Nẵng,16.063874,108.223332,8.042,24,74,0,,,,Đang cập nhật,True,False,False,False,,Café/Dessert,,https://down-vn.img.susercontent.com/vn-11134513-81ztc-moj11x0ogbv0bf@resize_ss640x400,https://www.foody.vn/da-nang/highlands-coffee-tra-ca-phe-banh-tran-phu,/da-nang/highlands-coffee-tra-ca-phe-banh-tran-phu/goi-mon
688318,Trà Sữa Royaltea - Phạm Văn Đồng,"168 Phạm Văn Đồng, P. An Hải Bắc, Quận Sơn Trà, Đà Nẵng",Quận Sơn Trà,Đà Nẵng,16.070549,108.236574,7.574,115,468,0,,,,Đang cập nhật,False,False,False,False,,Café/Dessert,Món Trung Hoa,https://down-vn.img.susercontent.com/vn-11134513-7r98o-lsu157rgi75w41@resize_ss640x400,https://www.foody.vn/da-nang/tra-sua-royaltea-pham-van-dong,/da-nang/tra-sua-royaltea-pham-van-dong/goi-mon
748500,Xôi Hong 7 Màu,"233 Nguyễn Công Trứ, P. Phước Mỹ, Quận Sơn Trà, Đà Nẵng",Quận Sơn Trà,Đà Nẵng,16.065465,108.240743,7.766,6,70,0,,,,Đang cập nhật,False,False,False,False,,Ăn vặt/vỉa hè,Món Việt,https://down-vn.img.susercontent.com/vn-11134259-7r98o-lw8ezb4ujv1798@resize_ss640x400,https://www.foody.vn/da-nang/xoi-hong-7-mau,
761846,Bún Mắm Heo Quay - Tố Hữu,"38 Tố Hữu, P. Hòa Cường Nam, Quận Hải Châu, Đà Nẵng",Quận Hải Châu,Đà Nẵng,16.03469,108.221203,7.96,10,13,0,,,,Đang cập nhật,False,False,False,False,,Quán ăn,Món Việt,https://down-vn.img.susercontent.com/vn-11134513-7r98o-lsu4b06pvv7o3d@resize_ss640x400,https://www.foody.vn/da-nang/bun-mam-heo-quay-to-huu,/da-nang/bun-mam-heo-quay-to-huu/goi-mon
1002609,Sinh Tố & Ăn Vặt 24 - Trưng Nữ Vương,"24 Trưng Nữ Vương, P. Bình Hiên, Quận Hải Châu, Đà Nẵng",Quận Hải Châu,Đà Nẵng,16.0599,108.222134,7.6,4,9,0,,,,Đang cập nhật,False,False,False,False,,Ăn vặt/vỉa hè,Món Việt,https://down-vn.img.susercontent.com/vn-11134513-7r98o-lsu9i2c19x3884@resize_ss640x400,https://www.foody.vn/da-nang/sinh-to-an-vat-trung-nu-vuong,/da-nang/sinh-to-an-vat-trung-nu-vuong/goi-mon
127241,Mì Quảng Đồng Quê,"46 Nguyễn Hữu Thọ, Quận Hải Châu, Đà Nẵng",Quận Hải Châu,Đà Nẵng,16.0482827,108.2094023,5.978,18,52,0,,,,Đang cập nhật,True,False,False,False,,Quán ăn,Món Miền Trung,https://down-vn.img.susercontent.com/vn-11134513-7r98o-lsttl70l05g906@resize_ss640x400,https://www.foody.vn/da-nang/mi-quang-dong-que,/da-nang/mi-quang-dong-que/goi-mon
214594,Bún Thái Hải Sản - Nguyễn Hữu Thọ,"44 Nguyễn Hữu Thọ, Quận Hải Châu, Đà Nẵng",Quận Hải Châu,Đà Nẵng,16.0481659,108.2094506,8.84,10,18,0,,,,0905 215 238,False,False,False,False,,Quán ăn,Món Việt,https://down-vn.img.susercontent.com/vn-11134513-7r98o-lstwjqlw2vno3d@resize_ss640x400,https://www.foody.vn/da-nang/bun-thai-hai-san-nguyen-huu-tho,/da-nang/bun-thai-hai-san-nguyen-huu-tho/goi-mon
21515,Lẩu Bò Thu,"281 Nguyễn Tri Phương, P. Hoà Thuận Đông, Quận Hải Châu, Đà Nẵng",Quận Hải Châu,Đà Nẵng,16.051319,108.212328,5.668,9,19,0,,,,(0236) 2 466 488 - 0905 133 263,True,False,False,False,,Quán ăn,Món Việt,https://down-vn.img.susercontent.com/vn-11134513-7r98o-lstqphus17lw2c@resize_ss640x400,https://www.foody.vn/da-nang/lau-bo-thu,/da-nang/lau-bo-thu/goi-mon
6711,Hùng My Quán - Gà Lên Mâm,"302 Nguyễn Hữu Thọ, Quận Cẩm Lệ, Đà Nẵng",Quận Cẩm Lệ,Đà Nẵng,16.036863,108.209893,7.33,20,72,0,,,,Đang cập nhật,True,False,False,False,,Quán ăn,Món Việt,https://down-vn.img.susercontent.com/vn-11134259-7r98o-lw9ad9n0kb8b2c@resize_ss640x400,https://www.foody.vn/da-nang/hung-my-quan-ga-len-mam,/da-nang/hung-my-quan-ga-len-mam/goi-mon
984393,Bánh Xèo Bà Mai,"429 Hoàng Diệu, Quận Hải Châu, Đà Nẵng",Quận Hải Châu,Đà Nẵng,16.055473,108.217154,7.6,2,13,0,,,,Đang cập nhật,False,False,False,False,,Ăn vặt/vỉa hè,Món Miền Trung,https://down-vn.img.susercontent.com/vn-11134513-7r98o-lsu91u2k9uvt7d@resize_ss640x400,https://www.foody.vn/da-nang/banh-xeo-ba-mai,/da-nang/banh-xeo-ba-mai/goi-mon
878884,Quán Cơm Nhà Ta - Phan Thành Tài,"K3/8 Phan Thành Tài, P. Hòa Thuận Đông, Quận Hải Châu, Đà Nẵng",Quận Hải Châu,Đà Nẵng,16.053486,108.221471,5.134,12,63,0,,,,Đang cập nhật,True,False,False,False,,Quán ăn,Món Miền Trung,https://down-vn.img.susercontent.com/vn-11134513-7r98o-lsu6rdfkim5512@resize_ss640x400,https://www.foody.vn/da-nang/quan-an-nha-ta-phan-thanh-tai,/da-nang/quan-an-nha-ta-phan-thanh-tai/goi-mon
156823,Momo Milk Tea - Tôn Đản,"384 Tôn Đản, Quận Cẩm Lệ, Đà Nẵng",Quận Cẩm Lệ,Đà Nẵng,16.045724,108.182257,8.0,1,8,0,,,,Đang cập nhật,True,False,False,False,,Café/Dessert,Món Việt,https://down-vn.img.susercontent.com/vn-11134259-7r98o-lwa5enr4ft970b@resize_ss640x400,https://www.foody.vn/da-nang/momo-milk-tea-ton-dan,
728840,Yami - Kem Bơ Sầu Riêng,"83 Nguyễn Xuân Nhĩ, Quận Hải Châu, Đà Nẵng",Quận Hải Châu,Đà Nẵng,16.0293457810889,108.2269932266418,6.2,1,60,0,,,,0919 722 708,True,False,False,False,,Ăn vặt/vỉa hè,"Món Quảng,, Món Thái",https://down-vn.img.susercontent.com/vn-11134259-7r98o-lwbn7rqe9zo965@resize_ss640x400,https://www.foody.vn/da-nang/yami-kem-bo-sau-rieng,
1000000035,Logo Foods - Bún Mắm & Ram Cuốn Cải - Bình Thái 1,"121 Bình Thái 1, Quận Cẩm Lệ, Đà Nẵng",Quận Cẩm Lệ,Đà Nẵng,16.0146742,108.2011042,9.6,6,5,0,,,,Đang cập nhật,True,False,False,False,,"Ăn vặt/vỉa hè,, Quán ăn,, Giao cơm văn phòng",Món Miền Trung,https://down-vn.img.susercontent.com/vn-11134513-7r98o-lsvdnx8j2z0k55@resize_ss640x400,https://www.foody.vn/da-nang/logo-foods-bun-mam-ram-cuon-cai-binh-thai-1,/da-nang/logo-foods-bun-mam-ram-cuon-cai-binh-thai-1/goi-mon
784947,"Mì Cay, Ăn Vặt & Ram Cuốn Cải","547 Trần Nhân Tông, P. An Hải Bắc, Quận Sơn Trà, Đà Nẵng",Quận Sơn Trà,Đà Nẵng,16.0841313,108.2341811,7.666,3,9,0,,,,0905795119,True,False,False,False,,Ăn vặt/vỉa hè,Món Việt,https://down-vn.img.susercontent.com/vn-11134259-7r98o-lwcedwbqwt7f77@resize_ss640x400,https://www.foody.vn/da-nang/mi-cay-an-vat-ram-cuon-cai,/da-nang/mi-cay-an-vat-ram-cuon-cai/goi-mon
6256,Pizza Family,"K149/29/29 Lê Đình Lý, Quận Hải Châu, Đà Nẵng",Quận Hải Châu,Đà Nẵng,16.0540371,108.2126007,7.816,37,132,0,,,,Đang cập nhật,True,False,False,False,,Nhà hàng,Ý,https://down-vn.img.susercontent.com/vn-11134513-7r98o-lstq1t3jxt50ed@resize_ss640x400,https://www.foody.vn/da-nang/pizza-family,/da-nang/pizza-family/goi-mon
891037,Cơm Gà Tam Kỳ - Lê Văn Hiến,"129 Lê Văn Hiến, P. Khuê Mỹ, Quận Ngũ Hành Sơn, Đà Nẵng",Quận Ngũ Hành Sơn,Đà Nẵng,16.0229001364355,108.2510627433657,1.0,1,0,0,,,,Đang cập nhật,True,False,False,False,,Quán ăn,Món Việt,https://down-vn.img.susercontent.com/vn-11134259-7r98o-lwbdxwjt0hjv79@resize_ss640x400,https://www.foody.vn/da-nang/com-ga-tam-ky-le-van-hien,
937523,Duyên - Cơm Gà Xối Mỡ - Châu Thị Vĩnh Tế,"Số 187 Châu Thị Vĩnh Tế, P. Bắc Mỹ Phú, Quận Ngũ Hành Sơn, Đà Nẵng",Quận Ngũ Hành Sơn,Đà Nẵng,16.04701,108.2416,5.6,9,14,0,,,,0768522777,True,False,False,False,,Quán ăn,Món Việt,https://down-vn.img.susercontent.com/vn-11134513-81ztc-mm1yw54pn30vdb@resize_ss640x400,https://www.foody.vn/da-nang/duyen-com-ga-xoi-mo-chau-thi-vinh-te,/da-nang/duyen-com-ga-xoi-mo-chau-thi-vinh-te/goi-mon
912632,Rốt Quán - Trà Sữa & Ăn Vặt,"Ngã Tư Nhân Hòa 06 - Thu Bồn, P. Hoà Xuân, Quận Cẩm Lệ, Đà Nẵng",Quận Cẩm Lệ,Đà Nẵng,15.981006,108.20977,5.934,3,53,0,,,,0977050693 ( Ms. Huế ),True,False,False,False,,Café/Dessert,Món Việt,https://down-vn.img.susercontent.com/vn-11134513-7r98o-lsu7jcgiw7mha2@resize_ss640x400,https://www.foody.vn/da-nang/rot-quan-tra-sua-an-vat,/da-nang/rot-quan-tra-sua-an-vat/goi-mon
184388,Xôi - Bánh Mì,"88 Phan Đăng Lưu, Quận Hải Châu, Đà Nẵng",Quận Hải Châu,Đà Nẵng,16.037057,108.219715,8.2,6,26,0,,,,Đang cập nhật,False,False,False,False,,Ăn vặt/vỉa hè,Món Việt,https://down-vn.img.susercontent.com/vn-11134259-7r98o-lwgzcn0u9exn8b@resize_ss640x400,https://www.foody.vn/da-nang/xoi-banh-mi,
161068,Phở Ngon - Yên Bái,"116 Yên Bái, P. Phước Ninh, Quận Hải Châu, Đà Nẵng",Quận Hải Châu,Đà Nẵng,16.065974,108.222275,7.96,5,24,0,,,,Đang cập nhật,False,False,False,False,,Quán ăn,,https://down-vn.img.susercontent.com/vn-11134513-7r98o-lstusi05m3lw6f@resize_ss640x400,https://www.foody.vn/da-nang/pho-ngon-yen-bai,/da-nang/pho-ngon-yen-bai/goi-mon
861312,Cơm Gà Phương Hoa,"15 Huỳnh Ngọc Huệ, P. Thanh Khê Đông, Quận Thanh Khê, Đà Nẵng",Quận Thanh Khê,Đà Nẵng,16.063131,108.184187,9.4,2,10,0,,,,0905.672.632,True,False,False,False,,Quán ăn,Món Việt,https://down-vn.img.susercontent.com/vn-11134513-7r98o-lsu68pj1rl5044@resize_ss640x400,https://www.foody.vn/da-nang/com-ga-phuong-hoa,/da-nang/com-ga-phuong-hoa/goi-mon
310068,Bé Tý - Nhậu Bình Dân,"317 Lê Thanh Nghị, Quận Hải Châu, Đà Nẵng",Quận Hải Châu,Đà Nẵng,16.033346,108.218666,6.0,2,3,0,,,,Đang cập nhật,False,False,False,False,,Quán nhậu,Món Việt,https://down-vn.img.susercontent.com/vn-11134259-7r98o-lwf2zozqwa8r7f@resize_ss640x400,https://www.foody.vn/da-nang/be-ty-nhau-binh-dan,
88125,Rolls Coffee To Go,"121 Phan Châu Trinh, P. Hải Châu 1, Quận Hải Châu, Đà Nẵng",Quận Hải Châu,Đà Nẵng,16.068127,108.2203,7.752,13,126,0,,,,0905 272 282,True,False,False,False,,Café/Dessert,Món Việt,https://down-vn.img.susercontent.com/vn-11134513-7r98o-lstsccbhyfnoc6@resize_ss640x400,https://www.foody.vn/da-nang/rolls-coffee-to-go,/da-nang/rolls-coffee-to-go/goi-mon
263011,Mì Cay Hàn Quốc Samyang,"K45B Dũng Sĩ Thanh Khê, Quận Thanh Khê, Đà Nẵng",Quận Thanh Khê,Đà Nẵng,16.072288,108.176248,9.0,1,4,0,,,,0931 972 344,True,False,False,False,,Shop Online,Món Hàn,https://down-vn.img.susercontent.com/vn-11134259-7r98o-lw9a1wtqrumz1a@resize_ss640x400,https://www.foody.vn/da-nang/mi-cay-han-quoc-samyang,
67852,Mọi Quán - Lẩu & Nướng,"114 Núi Thành, P. Hòa Thuận Đông, Quận Hải Châu, Đà Nẵng",Quận Hải Châu,Đà Nẵng,16.0509194,108.220423,6.49,163,767,0,,,,0906 401 192,False,False,False,False,,Quán ăn,Món Việt,https://down-vn.img.susercontent.com/vn-11134513-7r98o-lstrxltm8gplf2@resize_ss640x400,https://www.foody.vn/da-nang/moi-quan,/da-nang/moi-quan/goi-mon
311586,Cua Đồng Quán,"Lô 8 Trần Bạch Đằng, Quận Ngũ Hành Sơn, Đà Nẵng",Quận Ngũ Hành Sơn,Đà Nẵng,16.057056,108.245514,7.714,40,409,0,,,,Đang cập nhật,True,False,False,False,,Quán ăn,Món Việt,https://down-vn.img.susercontent.com/vn-11134513-7r98o-lstymtaf170k55@resize_ss640x400,https://www.foody.vn/da-nang/cua-dong-quan,/da-nang/cua-dong-quan/goi-mon
700311,Phá Lấu Thu,"781 Trần Cao Vân, Quận Thanh Khê, Đà Nẵng",Quận Thanh Khê,Đà Nẵng,16.066251,108.18269,6.744,7,16,0,,,,Đang cập nhật,False,False,False,False,,Ăn vặt/vỉa hè,Món Việt,https://down-vn.img.susercontent.com/vn-11134513-7r98o-lsu1lyvlx3fdbd@resize_ss640x400,https://www.foody.vn/da-nang/pha-lau-thu,/da-nang/pha-lau-thu/goi-mon
1018341,Cà Phê Muối SAMDIMIKE,"1 Xuân Đán 1, P. Xuân Hà, Quận Thanh Khê, Đà Nẵng",Quận Thanh Khê,Đà Nẵng,16.070975,108.194131,8.754,8,16,0,,,,0903936630,True,False,False,False,,Café/Dessert,Món Việt,https://down-vn.img.susercontent.com/vn-11134513-7r98o-lsu9s1h1pvicee@resize_ss640x400,https://www.foody.vn/da-nang/ca-phe-muoi-samdimike,/da-nang/ca-phe-muoi-samdimike/goi-mon
740921,Bún Mắm Bà Xinh,"Kiệt 906 Ngô Quyền, P. An Hải Bắc, Quận Sơn Trà, Đà Nẵng",Quận Sơn Trà,Đà Nẵng,16.074879,108.230396,7.25,4,14,0,,,,Đang cập nhật,False,False,False,False,,Ăn vặt/vỉa hè,Món Quảng,https://down-vn.img.susercontent.com/vn-11134513-7r98o-lsu3czd69ficba@resize_ss640x400,https://www.foody.vn/da-nang/bun-mam-ba-xinh,/da-nang/bun-mam-ba-xinh/goi-mon
80231,Epice Restaurant - Pullman Danang Beach Resort,"Pullman Danang Beach Resort, 101 Võ Nguyên Giáp, P. Khuê Mỹ, Quận Ngũ Hành Sơn, Đà Nẵng",Quận Ngũ Hành Sơn,Đà Nẵng,16.040447,108.249957,7.014,44,143,0,,,,Đang cập nhật,True,False,False,False,,"Nhà hàng,, Buffet","Món Việt,, Món Âu",https://down-vn.img.susercontent.com/vn-11134513-7r98o-lsts5s37m0t58d@resize_ss640x400,https://www.foody.vn/da-nang/epice-restaurant-pullman-danang-beach-resort,/da-nang/epice-restaurant-pullman-danang-beach-resort/goi-mon
9446,Burger King - Sân Bay Đà Nẵng,"Sân Bay Đà Nẵng, Quận Thanh Khê, Đà Nẵng",Quận Thanh Khê,Đà Nẵng,16.055372,108.203503,5.658,28,115,0,,,,Đang cập nhật,True,False,False,False,,Quán ăn,Mỹ,https://down-vn.img.susercontent.com/vn-11134259-7r98o-lwca4y1ap7tn59@resize_ss640x400,https://www.foody.vn/da-nang/burger-king-san-bay-da-nang,
1113422,Kimbap & Tokbokki - Tiệm Ăn BongSu - Lê Hữu Trác,"80/39 Lê Hữu Trác, Quận Sơn Trà, Đà Nẵng",Quận Sơn Trà,Đà Nẵng,16.0578093,108.2397317,7.298,6,7,0,,,,Đang cập nhật,True,False,False,False,,Quán ăn,,https://down-vn.img.susercontent.com/vn-11134513-7r98o-lsv6yw60x8ecf5@resize_ss640x400,https://www.foody.vn/da-nang/kimbap-tokbokki-tiem-an-bongsu-le-huu-trac,/da-nang/kimbap-tokbokki-tiem-an-bongsu-le-huu-trac/goi-mon
642297,Bánh Tráng Nướng Đà Lạt - Trà Sữa Thạch Nhà Làm,"76 Phan Thanh, P. Thạc Gián, Quận Thanh Khê, Đà Nẵng",Quận Thanh Khê,Đà Nẵng,16.063595,108.20853,7.3,16,75,0,,,,0984 843 927,False,False,False,False,,Ăn vặt/vỉa hè,Đà Lạt,https://down-vn.img.susercontent.com/vn-11134513-7r98o-lstzf8xv1kexfa@resize_ss640x400,https://www.foody.vn/da-nang/banh-trang-nuong-da-lat-tra-sua-thach-nha-lam,/da-nang/banh-trang-nuong-da-lat-tra-sua-thach-nha-lam/goi-mon
101477,Bánh Tráng Kim - Hàm Nghi,"65/22 Hàm Nghi (Đối diện chùa Vĩnh An), P. Vĩnh Trung, Quận Thanh Khê, Đà Nẵng",Quận Thanh Khê,Đà Nẵng,16.06497,108.21113,7.354,105,513,0,,,,Đang cập nhật,False,False,False,False,,Ăn vặt/vỉa hè,Đà Lạt,https://down-vn.img.susercontent.com/vn-11134513-7r98o-lstspd0e1lfod2@resize_ss640x400,https://www.foody.vn/da-nang/banh-trang-kim-ham-nghi,/da-nang/banh-trang-kim-ham-nghi/goi-mon
1060212,Bún Bò Huế Ngon,"74 Đường 2 Tháng 9, Quận Hải Châu, Đà Nẵng",Quận Hải Châu,Đà Nẵng,16.0571142,108.2221812,5.9,2,37,0,,,,Đang cập nhật,True,False,False,False,,Quán ăn,Món Huế,https://down-vn.img.susercontent.com/vn-11134513-7r98o-lsv2mehn4lg9bc@resize_ss640x400,https://www.foody.vn/da-nang/bun-bo-hue-ngon,/da-nang/bun-bo-hue-ngon/goi-mon
12582,Quán Tâm - Bánh Bèo & Bánh Lọc,"291 Nguyễn Chí Thanh, P. Phước Ninh, Quận Hải Châu, Đà Nẵng",Quận Hải Châu,Đà Nẵng,16.064604,108.220697,6.91,100,422,0,,,,Đang cập nhật,False,False,False,False,,Quán ăn,Món Việt,https://down-vn.img.susercontent.com/vn-11134513-7r98o-lstqc13xef15ce@resize_ss640x400,https://www.foody.vn/da-nang/quan-tam-banh-beo-banh-loc,/da-nang/quan-tam-banh-beo-banh-loc/goi-mon
1845,Quán Chay Nga,"296 Đống Đa, P. Thanh Bình, Quận Hải Châu, Đà Nẵng",Quận Hải Châu,Đà Nẵng,16.0759186,108.215415,7.372,14,23,0,,,,Đang cập nhật,True,False,False,False,,"Ăn chay,, Quán ăn",Món Việt,https://down-vn.img.susercontent.com/vn-11134513-7r98o-lstpoeu1o9tw4c@resize_ss640x400,https://www.foody.vn/da-nang/quan-chay-nga,/da-nang/quan-chay-nga/goi-mon
1000030318,Cơm Hến Ngô Gia Tự Cs2 - Cơm Hến - Bàu Hạc 3,"08 Bàu Hạc 3, P. Vĩnh Trung, Quận Thanh Khê, Đà Nẵng",Quận Thanh Khê,Đà Nẵng,16.0643457,108.213976,5.9,2,1,0,,,,Đang cập nhật,True,False,False,False,,Quán ăn,Món Miền Trung,https://down-vn.img.susercontent.com/vn-11134259-7r98o-lw9r8ilfmh216b@resize_ss640x400,https://www.foody.vn/da-nang/com-hen-ngo-gia-tu-cs2-com-hen-bau-hac-3,/da-nang/com-hen-ngo-gia-tu-cs2-com-hen-bau-hac-3/goi-mon
699319,Bé My - Bánh Tráng Nướng Đà Lạt,"Chân Cầu Rồng, Quận Sơn Trà, Đà Nẵng",Quận Sơn Trà,Đà Nẵng,16.061512,108.230063,8.4,1,2,0,,,,Đang cập nhật,False,False,False,False,,Ăn vặt/vỉa hè,Đà Lạt,https://down-vn.img.susercontent.com/vn-11134259-7r98o-lw9uxzzti4t7ee@resize_ss640x400,https://www.foody.vn/da-nang/be-my-banh-trang-nuong-da-lat,
150,Bánh Tráng Thịt Heo Trần - Lê Duẩn,"4 Lê Duẩn, Quận Hải Châu, Đà Nẵng",Quận Hải Châu,Đà Nẵng,16.072313,108.22274,6.596,353,1541,0,,,,(0236) 3 752 779 - 0905 010 022,True,False,False,False,,Nhà hàng,Món Miền Trung,https://down-vn.img.susercontent.com/vn-11134513-7r98o-lstplutyb4bdf6@resize_ss640x400,https://www.foody.vn/da-nang/banh-trang-thit-heo-tran-le-duan,/da-nang/banh-trang-thit-heo-tran-le-duan/goi-mon
750238,Đặc Sản Mì Quảng Bà Mua - Mỹ Khê 5,"05 Mỹ Khê 5, P. An Hải Nam, Quận Sơn Trà, Đà Nẵng",Quận Sơn Trà,Đà Nẵng,16.0563,108.24353,5.528,14,87,0,,,,(0236) 3 743 789,True,False,False,False,,Quán ăn,Món Quảng,https://down-vn.img.susercontent.com/vn-11134513-7r98o-lsu3r23mpsxw9f@resize_ss640x400,https://www.foody.vn/da-nang/dac-san-mi-quang-ba-mua-my-khe-5,/da-nang/dac-san-mi-quang-ba-mua-my-khe-5/goi-mon
1000065486,"Tuyết Lan Núi Thành - Bún Chả Cá, Bún Mắm, Bánh Tráng Cuốn Thịt Heo","K520/2 Núi Thành, P. Hoà Cường Nam, Quận Hải Châu, Đà Nẵng",Quận Hải Châu,Đà Nẵng,16.0343296,108.2225626,1.0,2,0,0,,,,Đang cập nhật,True,False,False,False,,"Quán ăn,, Giao cơm văn phòng",Món Miền Trung,https://down-vn.img.susercontent.com/vn-11134513-7r98o-lsvh9ajpo7gk40@resize_ss640x400,https://www.foody.vn/da-nang/tuyet-lan-thit-heo-cuon-banh-trang-nui-thanh,/da-nang/tuyet-lan-thit-heo-cuon-banh-trang-nui-thanh/goi-mon
635601,Cuba Milktea & Coffee,"K97/63 Nguyễn Lương Bằng, P. Hòa Khánh Bắc, Quận Liên Chiểu, Đà Nẵng",Quận Liên Chiểu,Đà Nẵng,16.0735309,108.1463465,9.012,19,173,0,,,,01684 266 616,True,False,False,False,,Café/Dessert,Món Việt,https://down-vn.img.susercontent.com/vn-11134513-7r98o-lstz9veg9j15ab@resize_ss640x400,https://www.foody.vn/da-nang/cuba-milktea-coffee,/da-nang/cuba-milktea-coffee/goi-mon
677896,Da Nang Retreat Cafe,"Lý Văn Phức, Quận Ngũ Hành Sơn, Đà Nẵng",Quận Ngũ Hành Sơn,Đà Nẵng,15.985243,108.268208,7.934,3,21,0,,,,0966 735 471,True,False,False,False,,Café/Dessert,Món Việt,https://down-vn.img.susercontent.com/vn-11134259-7r98o-lwhxre32sdsp3a@resize_ss640x400,https://www.foody.vn/da-nang/da-nang-retreat-cafe,
7761,Quán Chay Bồ Đề,"584 Ông Ích Khiêm, P. Dương Nam, Quận Hải Châu, Đà Nẵng",Quận Hải Châu,Đà Nẵng,16.062133,108.216086,7.19,22,74,0,,,,Đang cập nhật,True,False,False,False,,Ăn chay,Món Việt,https://down-vn.img.susercontent.com/vn-11134513-7r98o-lstq4h6fc61l94@resize_ss640x400,https://www.foody.vn/da-nang/quan-chay-bo-de,/da-nang/quan-chay-bo-de/goi-mon
681586,Mì Quảng Bà Mua - Võ Văn Kiệt,"153 Võ Văn Kiệt, P. An Hải Đông, Quận Sơn Trà, Đà Nẵng",Quận Sơn Trà,Đà Nẵng,16.0619536,108.2377923,3.654,11,13,0,,,,Đang cập nhật,True,False,False,False,,Quán ăn,Món Quảng,https://down-vn.img.susercontent.com/vn-11134513-7r98o-lsu0vv573t099e@resize_ss640x400,https://www.foody.vn/da-nang/mi-quang-ba-mua-vo-van-kiet,/da-nang/mi-quang-ba-mua-vo-van-kiet/goi-mon
32920,Kem Tươi Sài Gòn,"299 Nguyễn Tất Thành, P. Thuận Phước, Quận Thanh Khê, Đà Nẵng",Quận Thanh Khê,Đà Nẵng,16.087289,108.215075,8.092,13,81,0,,,,Đang cập nhật,True,False,False,False,,Café/Dessert,Món Quảng,https://down-vn.img.susercontent.com/vn-11134259-7r98o-lw9ws5wjwnh7e9@resize_ss640x400,https://www.foody.vn/da-nang/kem-tuoi-sai-gon,
1048581,Tiệm Nhà Nhung - Chân Gà Sốt Thái - 97 Nhất Chi Mai,"Số 97 Nhất Chi Mai, Quận Cẩm Lệ, Đà Nẵng",Quận Cẩm Lệ,Đà Nẵng,16.006578,108.198257,10.0,3,4,0,,,,Đang cập nhật,True,False,False,False,,Shop Online,Món Việt,https://down-vn.img.susercontent.com/vn-11134513-7r98o-lsv1oqhiqx7d2e@resize_ss640x400,https://www.foody.vn/da-nang/tiem-nha-nhung-chan-ga-sot-thai-97-nhat-chi-mai,/da-nang/tiem-nha-nhung-chan-ga-sot-thai-97-nhat-chi-mai/goi-mon
274283,Song Dê Quán - Đặc Sản Dê Núi,"40 Bắc Sơn, Quận Liên Chiểu, Đà Nẵng",Quận Liên Chiểu,Đà Nẵng,16.058776,108.175407,7.378,8,154,0,,,,0973 736 189 – 0935 973 357 ,True,False,False,False,,Quán nhậu,Món Việt,https://down-vn.img.susercontent.com/vn-11134513-7r98o-lstxwkzqw9zt7f@resize_ss640x400,https://www.foody.vn/da-nang/song-de-quan-dac-san-de-nui,/da-nang/song-de-quan-dac-san-de-nui/goi-mon
155701,Cơm Chay Đà Nẵng,"31/6 Mẹ Nhu, P. Thanh Khê Tây, Quận Thanh Khê, Đà Nẵng",Quận Thanh Khê,Đà Nẵng,16.0669876,108.1820545,6.6,60,454,0,,,,Đang cập nhật,True,False,False,False,,Nhà hàng,Món Miền Trung,https://down-vn.img.susercontent.com/vn-11134513-7r98o-lstun987v4pl24@resize_ss640x400,https://www.foody.vn/da-nang/nha-hang-com-chay-da-nang,/da-nang/nha-hang-com-chay-da-nang/goi-mon
131114,Kem Bơ Ngân Hà,"98 Nguyễn Văn Thoại, Quận Ngũ Hành Sơn, Đà Nẵng",Quận Ngũ Hành Sơn,Đà Nẵng,16.054644,108.240877,7.04,5,30,0,,,,Đang cập nhật,True,False,False,False,,Café/Dessert,Món Miền Trung,https://down-vn.img.susercontent.com/vn-11134513-7r98o-lsttqry2ysw4e1@resize_ss640x400,https://www.foody.vn/da-nang/kem-bo-ngan-ha,/da-nang/kem-bo-ngan-ha/goi-mon
960705,Cô Hoa - Mì Xá Xíu & Miến Gà - Phở Gà,"18 Trần Bình Trọng, P. Hải Châu 1, Quận Hải Châu, Đà Nẵng",Quận Hải Châu,Đà Nẵng,16.066278,108.21944,7.136,3,25,0,,,,0931970561,False,False,False,False,,Ăn vặt/vỉa hè,Món Miền Trung,https://down-vn.img.susercontent.com/vn-11134513-7r98o-lsu8i4h8ocecba@resize_ss640x400,https://www.foody.vn/da-nang/co-hoa-mi-xa-xiu-mien-ga-pho-ga,/da-nang/co-hoa-mi-xa-xiu-mien-ga-pho-ga/goi-mon
654848,Tiệm Ăn Chợ Lớn - Dương Đình Nghệ,"123 Dương Đình Nghệ, P. An Hải Bắc, Quận Sơn Trà, Đà Nẵng",Quận Sơn Trà,Đà Nẵng,16.068606,108.2384131,6.552,25,94,0,,,,(0236) 3 848 282,True,False,False,False,,Quán ăn,Món Trung Hoa,https://down-vn.img.susercontent.com/vn-11134513-7r98o-lstzy2gxk6v846@resize_ss640x400,https://www.foody.vn/da-nang/tiem-an-cho-lon-duong-dinh-nghe,/da-nang/tiem-an-cho-lon-duong-dinh-nghe/goi-mon
182215,BonPas Bakery & Cafe - Phan Đăng Lưu,"119 Phan Đăng Lưu, P. Hoà Cường Bắc, Quận Hải Châu, Đà Nẵng",Quận Hải Châu,Đà Nẵng,16.0359459,108.2164,7.874,667,5394,0,,,,Đang cập nhật,True,False,False,False,,Café/Dessert,"Món Việt,, Món Âu",https://down-vn.img.susercontent.com/vn-11134259-7ras8-m4scesctmaig25@resize_ss640x400,https://www.foody.vn/da-nang/bonpas-bakery-cafe-phan-dang-luu,/da-nang/bonpas-bakery-cafe-phan-dang-luu/goi-mon
148038,"Al Fresco's - Pizza, Mỳ Ý, Sườn, Steak Bò Bít Tết - Vincom Center Đà Nẵng","Tầng 4, Vincom Center, 910A Ngô Quyền, P. An Hải Bắc, Quận Sơn Trà, Đà Nẵng",Quận Sơn Trà,Đà Nẵng,16.071534,108.230564,7.674,86,541,0,,,,(0236) 3 566 866,False,False,False,False,,Quán ăn,"Món Việt,, Ý",https://down-vn.img.susercontent.com/vn-11134513-7r98o-lyonbc2r1r4xcc@resize_ss640x400,https://www.foody.vn/da-nang/al-fresco-s-pizza-my-y-suon-steak-bo-bit-tet-vincom-center-da-nang,/da-nang/al-fresco-s-pizza-my-y-suon-steak-bo-bit-tet-vincom-center-da-nang/goi-mon
1047703,Bánh Mì Chả Cá Má Hải - Châu Thị Vĩnh Tế,"116 Châu Thị Vĩnh Tế, P. Mỹ An, Quận Ngũ Hành Sơn, Đà Nẵng",Quận Ngũ Hành Sơn,Đà Nẵng,16.050295,108.240466,10.0,1,0,0,,,,Đang cập nhật,True,False,False,False,,Ăn vặt/vỉa hè,Món Việt,https://down-vn.img.susercontent.com/vn-11134513-7r98o-lsv1lotr7zx5f0@resize_ss640x400,https://www.foody.vn/da-nang/banh-mi-cha-ca-ma-hai-chau-thi-vinh-te,/da-nang/banh-mi-cha-ca-ma-hai-chau-thi-vinh-te/goi-mon
1115934,Thảo Sugar - Trà Sữa & Mỳ Cay - Yên Thế,"307 Yên Thế, P. Hoà An, Quận Cẩm Lệ, Đà Nẵng",Quận Cẩm Lệ,Đà Nẵng,16.048368,108.179356,10.0,1,1,0,,,,Đang cập nhật,False,False,False,False,,Quán ăn,,https://down-vn.img.susercontent.com/vn-11134513-7r98o-lsv73wd5849l06@resize_ss640x400,https://www.foody.vn/da-nang/thao-sugar-tra-sua-my-cay-yen-the,/da-nang/thao-sugar-tra-sua-my-cay-yen-the/goi-mon
145719,Mì Quảng Bà Mua - Đặng Dung,"25 Đặng Dung, P. Hòa Khánh Bắc, Quận Liên Chiểu, Đà Nẵng",Quận Liên Chiểu,Đà Nẵng,16.070908,108.15015,6.728,14,73,0,,,,0905 080 289,True,False,False,False,,Quán ăn,Món Quảng,https://down-vn.img.susercontent.com/vn-11134513-7r98o-lstu9agxl8sk9f@resize_ss640x400,https://www.foody.vn/da-nang/mi-quang-ba-mua-dang-dung,/da-nang/mi-quang-ba-mua-dang-dung/goi-mon
1004921,Cháo Dinh Dưỡng Cao Cấp ABC,"773 Trần Cao Vân, P. Thanh Khê Đông , Quận Thanh Khê, Đà Nẵng",Quận Thanh Khê,Đà Nẵng,16.066121,108.182781,10.0,1,6,0,,,,0372715887,True,False,False,False,,Quán ăn,Món Miền Trung,https://down-vn.img.susercontent.com/vn-11134513-7r98o-lsu9k61uh0w46b@resize_ss640x400,https://www.foody.vn/da-nang/chao-dinh-duong-cao-cap-abc,/da-nang/chao-dinh-duong-cao-cap-abc/goi-mon
300747,Cháo Dinh Dưỡng Siêu Nhân,"K64/42 Trần Cao Vân, P. Tam Thuận , Quận Thanh Khê, Đà Nẵng",Quận Thanh Khê,Đà Nẵng,16.07336,108.210785,6.968,6,127,0,,,,Đang cập nhật,True,False,False,False,,Quán ăn,Món Việt,https://down-vn.img.susercontent.com/vn-11134513-7r98o-lstyiekvaa3d2f@resize_ss640x400,https://www.foody.vn/da-nang/chao-dinh-duong-sieu-nhan,/da-nang/chao-dinh-duong-sieu-nhan/goi-mon
1076085,Quán Kim Ngọc - Bún Chả Cá & Riêu Cua,"378 Lê Văn Hiến, P. Khuê Mỹ, Quận Ngũ Hành Sơn, Đà Nẵng",Quận Ngũ Hành Sơn,Đà Nẵng,16.0251168,108.2493703,5.0,1,0,0,,,,Đang cập nhật,True,False,False,False,,Quán ăn,,https://down-vn.img.susercontent.com/vn-11134513-7r98o-lsv411bdn4qs29@resize_ss640x400,https://www.foody.vn/da-nang/quan-kim-ngoc-bun-cha-ca-rieu-cua,/da-nang/quan-kim-ngoc-bun-cha-ca-rieu-cua/goi-mon
873830,Cơm Tấm Ba Lam,"149 Huỳnh Thúc Kháng, P. Bình Hiên, Quận Hải Châu, Đà Nẵng",Quận Hải Châu,Đà Nẵng,16.0572814,108.2181412,7.128,28,45,0,,,,0934890193,True,False,False,False,,Quán ăn,Món Miền Nam,https://down-vn.img.susercontent.com/vn-11134513-7r98o-lsu6hp1ccn894c@resize_ss640x400,https://www.foody.vn/da-nang/com-tam-ba-lam,/da-nang/com-tam-ba-lam/goi-mon
1060894,Trà Sữa Cloudy - 25-27 Ngô Văn Sở,"25 - 27 Ngô Văn Sở, P. Hòa Khánh Nam, Quận Liên Chiểu, Đà Nẵng",Quận Liên Chiểu,Đà Nẵng,16.0687316,108.1506048,10.0,1,1,0,,,,Đang cập nhật,True,False,False,False,,Café/Dessert,Món Việt,https://down-vn.img.susercontent.com/vn-11134513-7r98o-lsv2rgroduopa9@resize_ss640x400,https://www.foody.vn/da-nang/tra-sua-cloudy-25-27-ngo-van-so,/da-nang/tra-sua-cloudy-25-27-ngo-van-so/goi-mon
1060043,Thiên Phước Quang - Món Chay,"196 Lê Thanh Nghị, P. Hòa Cường Bắc, Quận Hải Châu, Đà Nẵng",Quận Hải Châu,Đà Nẵng,16.0380412,108.2181631,10.0,1,0,0,,,,Đang cập nhật,True,False,False,False,,Ăn chay,Món Việt,https://down-vn.img.susercontent.com/vn-11134513-7r98o-lsv2lg819txg70@resize_ss640x400,https://www.foody.vn/da-nang/thien-phuoc-quang-mon-chay,/da-nang/thien-phuoc-quang-mon-chay/goi-mon
158904,Bánh Mì Tiến Thành - Phan Châu Trinh,"371 Phan Châu Trinh, P. Bình Thuận, Quận Hải Châu, Đà Nẵng",Quận Hải Châu,Đà Nẵng,16.054073,108.219016,5.266,12,16,0,,,,(0236) 2 226 509,True,False,False,False,,Tiệm bánh,Món Việt,https://down-vn.img.susercontent.com/vn-11134513-7r98o-lstur03aibh5eb@resize_ss640x400,https://www.foody.vn/da-nang/banh-mi-tien-thanh-phan-chau-trinh,/da-nang/banh-mi-tien-thanh-phan-chau-trinh/goi-mon
1117922,2 Phệ - Lẩu Bò & Phá Lấu - Tố Hữu,"128 Tố Hữu, P. Hòa Cường Nam, Quận Hải Châu, Đà Nẵng",Quận Hải Châu,Đà Nẵng,16.034657,108.2173449,4.0,1,0,0,,,,Đang cập nhật,True,False,False,False,,Quán ăn,,https://down-vn.img.susercontent.com/vn-11134513-7r98o-lsv7anbdp28p22@resize_ss640x400,https://www.foody.vn/da-nang/2-phe-lau-bo-pha-lau-to-huu,/da-nang/2-phe-lau-bo-pha-lau-to-huu/goi-mon
948257,Bánh Tráng Abi,"163B Tố Hữu, Quận Hải Châu, Đà Nẵng",Quận Hải Châu,Đà Nẵng,16.0339856,108.2151884,6.0,1,18,0,,,,0773218658,True,False,False,False,,Ăn vặt/vỉa hè,Món Việt,https://down-vn.img.susercontent.com/vn-11134513-7r98o-lsu8936apw3o01@resize_ss640x400,https://www.foody.vn/da-nang/banh-trang-abi-phuong,/da-nang/banh-trang-abi-phuong/goi-mon
45133,Romeo Tiramisu - Nguyễn Chí Thanh,"113/7 Nguyễn Chí Thanh, Quận Hải Châu, Đà Nẵng",Quận Hải Châu,Đà Nẵng,16.0739317,108.2219486,7.332,3,2,0,,,,Đang cập nhật,True,False,False,False,,Tiệm bánh,Món Việt,https://down-vn.img.susercontent.com/vn-11134259-7r98o-lwavezfvbjdn51@resize_ss640x400,https://www.foody.vn/da-nang/romeo-tiramisu-nguyen-chi-thanh,
220020,Barista Coffee,"169 Trưng Nữ Vương, P. Bình Thuận, Quận Hải Châu, Đà Nẵng",Quận Hải Châu,Đà Nẵng,16.054999,108.220307,8.3,2,22,0,,,,Đang cập nhật,True,False,False,False,,Café/Dessert,"Món Việt,, Quốc tế",https://down-vn.img.susercontent.com/vn-11134513-7r98o-lstwpl4k0f4p59@resize_ss640x400,https://www.foody.vn/da-nang/barista-coffee,/da-nang/barista-coffee/goi-mon
935858,Bánh Mì Bảo Tiên,"50 Lương Ngọc Quyến, Quận Hải Châu, Đà Nẵng",Quận Hải Châu,Đà Nẵng,16.081417,108.216889,7.558,15,53,0,,,,0913728703,True,False,False,False,,Tiệm bánh,Món Việt,https://down-vn.img.susercontent.com/vn-11134513-820l4-mih8xafu3pxj35@resize_ss640x400,https://www.foody.vn/da-nang/banh-mi-bao-tien,/da-nang/banh-mi-bao-tien/goi-mon
140316,Quán Chay Nhân Duyên,"93 Tiểu La, Quận Hải Châu, Đà Nẵng",Quận Hải Châu,Đà Nẵng,16.045295,108.2183998,6.3,2,7,0,,,,Đang cập nhật,True,False,False,False,,Quán ăn,Món Việt,https://down-vn.img.susercontent.com/vn-11134513-7r98o-lstu2hprrb8993@resize_ss640x400,https://www.foody.vn/da-nang/quan-chay-nhan-duyen,/da-nang/quan-chay-nhan-duyen/goi-mon
186341,Cơm Tú Tài - Nguyễn Khuyến,"03 Nguyễn Khuyến, Quận Liên Chiểu, Đà Nẵng",Quận Liên Chiểu,Đà Nẵng,16.074529,108.157771,7.132,3,9,0,,,,Đang cập nhật,True,False,False,False,,Quán ăn,Món Việt,https://down-vn.img.susercontent.com/vn-11134259-7r98o-lwboxzwu1ot76c@resize_ss640x400,https://www.foody.vn/da-nang/com-tu-tai-nguyen-khuyen,
262627,Mì Cay Quả Cầu Lửa,"42 Điện Biên Phủ, Quận Thanh Khê, Đà Nẵng",Quận Thanh Khê,Đà Nẵng,16.066253,108.204744,7.666,3,21,0,,,,Đang cập nhật,False,False,False,False,,Quán ăn,Món Hàn,https://down-vn.img.susercontent.com/vn-11134259-7r98o-lwainr6ka1gb72@resize_ss640x400,https://www.foody.vn/da-nang/mi-cay-qua-cau-lua,
794577,Xứ Quảng - Bánh Tráng Thịt Heo,"95 Trưng Nữ Vương, P. Bình Hiên, Quận Hải Châu, Đà Nẵng",Quận Hải Châu,Đà Nẵng,16.058104,108.220707,7.108,13,54,0,,,,Đang cập nhật,True,False,False,False,,Quán ăn,Món Quảng,https://down-vn.img.susercontent.com/vn-11134513-7r98o-lsu5nrdzcyhld6@resize_ss640x400,https://www.foody.vn/da-nang/xu-quang-banh-trang-thit-heo,/da-nang/xu-quang-banh-trang-thit-heo/goi-mon
966033,Bánh Tráng Kẹp 215 - Nguyễn Hoàng,"215 Nguyễn Hoàng, Quận Hải Châu, Đà Nẵng",Quận Hải Châu,Đà Nẵng,16.0586248999999,108.2133327,8.6,1,9,0,,,,0905806002,False,False,False,False,,Ăn vặt/vỉa hè,Món Miền Trung,https://down-vn.img.susercontent.com/vn-11134259-7r98o-lwawj5q2wct59d@resize_ss640x400,https://www.foody.vn/da-nang/banh-trang-kep-215-nguyen-hoang,
689594,Hotpot Story Đà Nẵng,"170 Đường 2 Tháng 9, Quận Hải Châu, Đà Nẵng",Quận Hải Châu,Đà Nẵng,16.051719,108.222149,7.362,27,154,0,,,,Đang cập nhật,True,False,False,False,,Nhà hàng,Món Á,https://down-vn.img.susercontent.com/vn-11134259-7r98o-lwhp9qt2r3rv38@resize_ss640x400,https://www.foody.vn/da-nang/hotpot-story-da-nang,
234437,Bánh Tráng Chi,"Hẻm 235 Núi Thành, Quận Hải Châu, Đà Nẵng",Quận Hải Châu,Đà Nẵng,16.044709,108.221394,7.64,5,51,0,,,,0935 218 893,False,False,False,False,,Ăn vặt/vỉa hè,Món Việt,https://down-vn.img.susercontent.com/vn-11134259-7r98o-lwba7rtj5om130@resize_ss640x400,https://www.foody.vn/da-nang/banh-trang-chi,
1061081,Quán Ốc Sinh Viên,"68 Dương Khuê, P. Mỹ An, Quận Ngũ Hành Sơn, Đà Nẵng",Quận Ngũ Hành Sơn,Đà Nẵng,16.0491343,108.237543,4.6,1,0,0,,,,Đang cập nhật,False,False,False,False,,Quán ăn,Món Việt,https://down-vn.img.susercontent.com/vn-11134513-7r98o-lsv2rpxkz2ro9a@resize_ss640x400,https://www.foody.vn/da-nang/quan-oc-sinh-vien,/da-nang/quan-oc-sinh-vien/goi-mon
219713,Cháo Hàu Tiên Sơn,"297 Lê Thanh Nghị, Quận Hải Châu, Đà Nẵng",Quận Hải Châu,Đà Nẵng,16.034052,108.218655,7.594,42,94,0,,,,0905 883 575,True,False,False,False,,Quán ăn,Món Việt,https://down-vn.img.susercontent.com/vn-11134513-7r98o-lstwpmi7zqmx1b@resize_ss640x400,https://www.foody.vn/da-nang/chao-hau-tien-son,/da-nang/chao-hau-tien-son/goi-mon
763369,Healthy Food - Đậu Hũ - Salad & Sữa Gạo,"280 Trưng Nữ Vương, Quận Hải Châu, Đà Nẵng",Quận Hải Châu,Đà Nẵng,16.0537362043961,108.2189471356125,10.0,1,6,0,,,,0918930911,False,False,False,False,,Ăn vặt/vỉa hè,Món Việt,https://down-vn.img.susercontent.com/vn-11134259-7r98o-lwf9tdp3s5p592@resize_ss640x400,https://www.foody.vn/da-nang/healthy-food-dau-hu-salad-sua-gao,
986939,Bà Chi - Bún Bò & Mỳ Quảng - 135 Hồ Tùng Mậu,"135 Hồ Tùng Mậu , P. Hoà Minh, Quận Liên Chiểu, Đà Nẵng",Quận Liên Chiểu,Đà Nẵng,16.079151,108.1612,9.602,8,29,0,,,,Đang cập nhật,True,False,False,False,,Quán ăn,Món Huế,https://down-vn.img.susercontent.com/vn-11134513-7r98o-lsu91pmqrqft6c@resize_ss640x400,https://www.foody.vn/da-nang/ba-chi-bun-bo-my-quang-135-ho-tung-mau,/da-nang/ba-chi-bun-bo-my-quang-135-ho-tung-mau/goi-mon
93092,Hoàn Vũ - Hải Sản Tươi Sống,"18 Hồ Thấu, Quận Sơn Trà, Đà Nẵng",Quận Sơn Trà,Đà Nẵng,16.083053,108.246376,8.25,4,30,0,,,,0917 982 982 - 0935 427 427,False,False,False,False,,Quán ăn,Món Quảng,https://down-vn.img.susercontent.com/vn-11134259-7r98o-lwhi55xrsjx588@resize_ss640x400,https://www.foody.vn/da-nang/hoan-vu-hai-san-tuoi-song,
136337,Hải Sản Vân Mập,"Lô Z8 - Z9 Trần Hưng Đạo, Quận Sơn Trà, Đà Nẵng",Quận Sơn Trà,Đà Nẵng,16.080409,108.228891,8.6,1,13,0,,,,0905 514 441 - 0975 772 519,False,False,False,False,,Quán ăn,Món Việt,https://down-vn.img.susercontent.com/vn-11134259-7r98o-lwb9rg9azemx2b@resize_ss640x400,https://www.foody.vn/da-nang/hai-san-van-map,
645744,Xôi Cá Dì Kết Vĩnh Trung,"277 Hùng Vương, Quận Hải Châu, Đà Nẵng",Quận Hải Châu,Đà Nẵng,16.0667723779444,108.2125106826424,8.054,8,26,0,,,,Đang cập nhật,False,False,False,False,,Ăn vặt/vỉa hè,Món Việt,https://down-vn.img.susercontent.com/vn-11134259-7r98o-lwbxar3bs2cbeb@resize_ss640x400,https://www.foody.vn/da-nang/xoi-ca-di-ket-vinh-trung,
47538,Mì Quảng Bà Mua (B. Mua) - Trần Bình Trọng,"19 - 21 Trần Bình Trọng, P. Hải Châu 1, Quận Hải Châu, Đà Nẵng",Quận Hải Châu,Đà Nẵng,16.066013,108.218816,6.916,161,602,0,,,,0985 000 075,True,False,False,False,,Quán ăn,Món Quảng,https://down-vn.img.susercontent.com/vn-11134513-7r98o-lstrphga30sk04@resize_ss640x400,https://www.foody.vn/da-nang/mi-quang-ba-mua-tran-binh-trong,/da-nang/mi-quang-ba-mua-tran-binh-trong/goi-mon
726354,Mì Quảng Bà Mua (B. Mua) - Lê Đình Dương,"44 Lê Đình Dương (Ngã 3 Lê Đình Dương - Nguyễn Văn Linh), P. Phước Ninh, Quận Hải Châu, Đà Nẵng",Quận Hải Châu,Đà Nẵng,16.06153,108.220632,5.752,8,40,0,,,,Đang cập nhật,True,False,False,False,,Quán ăn,Món Quảng,https://down-vn.img.susercontent.com/vn-11134513-7r98o-lsu2oox6c2bo63@resize_ss640x400,https://www.foody.vn/da-nang/mi-quang-ba-mua-le-dinh-duong,/da-nang/mi-quang-ba-mua-le-dinh-duong/goi-mon
1118917,Family - Cháo & Súp Dinh Dưỡng,"45 Phan Thanh, P. Thạc Gián, Quận Thanh Khê, Đà Nẵng",Quận Thanh Khê,Đà Nẵng,16.0649603,108.2080347,8.534,3,0,0,,,,Đang cập nhật,True,False,False,False,,Quán ăn,,https://down-vn.img.susercontent.com/vn-11134513-7r98o-lsv7c3n34hi142@resize_ss640x400,https://www.foody.vn/da-nang/family-chao-sup-dinh-duong,/da-nang/family-chao-sup-dinh-duong/goi-mon
964921,Cafe & Trà Sữa BandB - Hà Huy Tập,"215 Hà Huy Tập, P. Thanh Khê Đông, Quận Thanh Khê, Đà Nẵng",Quận Thanh Khê,Đà Nẵng,16.06039,108.18952,8.102,8,21,0,,,,0935266667,True,False,False,False,,Café/Dessert,Món Việt,https://down-vn.img.susercontent.com/vn-11134513-7r98o-lsu8k8vqvb9gfe@resize_ss640x400,https://www.foody.vn/da-nang/cafe-tra-sua-bandb-ha-huy-tap,/da-nang/cafe-tra-sua-bandb-ha-huy-tap/goi-mon
959501,Pha Lê Cafe,"71/12 Tôn Đản, Quận Cẩm Lệ, Đà Nẵng",Quận Cẩm Lệ,Đà Nẵng,16.0579144811035,108.1785294413566,8.8,2,19,0,,,,Đang cập nhật,True,False,False,False,,Café/Dessert,,https://down-vn.img.susercontent.com/vn-11134259-7r98o-lw8i4bhuzwt53e@resize_ss640x400,https://www.foody.vn/da-nang/pha-le-cafe,
104944,Allen Coffee,"Lô 16 Bình Minh 3, Quận Hải Châu, Đà Nẵng",Quận Hải Châu,Đà Nẵng,16.054619,108.220891,6.988,395,942,0,,,,0913 431 985,True,False,False,False,,Café/Dessert,Món Việt,https://down-vn.img.susercontent.com/vn-11134259-7r98o-lwbwaqpivobd5e@resize_ss640x400,https://www.foody.vn/da-nang/allen-coffee,
646644,My's Coffee,"42 - 44 Hồ Tương, P. Thanh Khê Đông, Quận Thanh Khê, Đà Nẵng",Quận Thanh Khê,Đà Nẵng,16.062527,108.182114,8.4,5,83,0,,,,Đang cập nhật,True,False,False,False,,Café/Dessert,Món Việt,https://down-vn.img.susercontent.com/vn-11134513-7r98o-lstzn3vb0ejdf6@resize_ss640x400,https://www.foody.vn/da-nang/my-s-coffee,/da-nang/my-s-coffee/goi-mon
173083,Phương Oanh - Bún - Bánh Xèo & Nem Lụi,"45 Nguyễn Huy Tưởng, P. Hòa Minh, Quận Liên Chiểu, Đà Nẵng",Quận Liên Chiểu,Đà Nẵng,16.0553775,108.1690944,8.278,8,54,0,,,,Đang cập nhật,True,False,False,False,,Quán ăn,Món Quảng,https://down-vn.img.susercontent.com/vn-11134513-7r98o-lstv6pxch7lw3a@resize_ss640x400,https://www.foody.vn/da-nang/quan-phuong-oanh-bun-banh-xeo-nem-lui,/da-nang/quan-phuong-oanh-bun-banh-xeo-nem-lui/goi-mon
260959,Bánh Tráng Nướng Đà Lạt - Trần Hưng Đạo,"Chân cầu Rồng, Trần Hưng Đạo, Quận Sơn Trà, Đà Nẵng",Quận Sơn Trà,Đà Nẵng,16.061047,108.230409,7.08,5,33,0,,,,Đang cập nhật,False,False,False,False,,Ăn vặt/vỉa hè,Đà Lạt,https://down-vn.img.susercontent.com/vn-11134259-7r98o-lwe3f357das9cd@resize_ss640x400,https://www.foody.vn/da-nang/banh-trang-nuong-da-lat-tran-hung-dao,
70348,Thu Bồn - Yaourt Dừa & Ăn Vặt,"44 Nại Hiên Đông 3, P. Nại Hiên Đông, Quận Sơn Trà, Đà Nẵng",Quận Sơn Trà,Đà Nẵng,16.091918,108.234859,7.902,6,34,0,,,,Đang cập nhật,False,False,False,False,,Ăn vặt/vỉa hè,Món Quảng,https://down-vn.img.susercontent.com/vn-11134513-7r98o-lstrzyos1lspc0@resize_ss640x400,https://www.foody.vn/da-nang/thu-bon-yaourt-dua-an-vat,/da-nang/thu-bon-yaourt-dua-an-vat/goi-mon
149835,Bê Thui Chấn,"376 - 378 Ngô Quyền, Quận Sơn Trà, Đà Nẵng",Quận Sơn Trà,Đà Nẵng,16.0875893,108.2412827,5.65,4,11,0,,,,(0236) 3 848 074,True,False,False,False,,Quán ăn,Món Quảng,https://down-vn.img.susercontent.com/vn-11134513-7r98o-lstudx6rmaah82@resize_ss640x400,https://www.foody.vn/da-nang/be-thui-chan-ngo-quyen,/da-nang/be-thui-chan-ngo-quyen/goi-mon
238530,Hải Sản Làng Cá,"Mỹ Khê, Trường Sa, Quận Ngũ Hành Sơn, Đà Nẵng",Quận Ngũ Hành Sơn,Đà Nẵng,16.049455,108.249189,4.144,36,184,0,,,,Đang cập nhật,True,False,False,False,,Nhà hàng,Món Việt,https://down-vn.img.susercontent.com/vn-11134259-7r98o-lwanaxehcc7v82@resize_ss640x400,https://www.foody.vn/da-nang/hai-san-lang-ca,
191257,Bánh Cuốn Nóng 203,"203 Bế Văn Đàn, P. Chính Gián, Quận Thanh Khê, Đà Nẵng",Quận Thanh Khê,Đà Nẵng,16.06488,108.19496,6.81,20,40,0,,,,Đang cập nhật,True,False,False,False,,Ăn vặt/vỉa hè,Món Việt,https://down-vn.img.susercontent.com/vn-11134513-7r98o-lstvsxri0gbd8f@resize_ss640x400,https://www.foody.vn/da-nang/banh-cuon-nong-203,/da-nang/banh-cuon-nong-203/goi-mon
161876,Bánh Cuốn Nóng Tiến Đạt,"553 Tôn Đức Thắng, P. Hòa Khánh Nam, Quận Liên Chiểu, Đà Nẵng",Quận Liên Chiểu,Đà Nẵng,16.0653248,108.1549749,7.16,5,15,0,,,,Đang cập nhật,False,False,False,False,,Quán ăn,Món Việt,https://down-vn.img.susercontent.com/vn-11134513-7r98o-lstuta7ecexl33@resize_ss640x400,https://www.foody.vn/da-nang/banh-cuon-nong-tien-dat,/da-nang/banh-cuon-nong-tien-dat/goi-mon
875193,Cô Én - Bánh Canh & Súp Xương Chả,"425 Ông Ích Khiêm, P. Hải Châu 2, Quận Hải Châu, Đà Nẵng",Quận Hải Châu,Đà Nẵng,16.062754,108.215963,7.802,3,16,0,,,,0934797211,False,False,False,False,,Quán ăn,Món Miền Trung,https://down-vn.img.susercontent.com/vn-11134513-7r98o-lsu6izs5y1fod6@resize_ss640x400,https://www.foody.vn/da-nang/co-en-banh-canh-sup-xuong-cha,/da-nang/co-en-banh-canh-sup-xuong-cha/goi-mon
1035634,Quán Nhân - Cháo Vịt,"83 Phan Tứ, P. Mỹ An, Quận Ngũ Hành Sơn, Đà Nẵng",Quận Ngũ Hành Sơn,Đà Nẵng,16.046329,108.245464,8.4,1,0,0,,,,Đang cập nhật,True,False,False,False,,Quán ăn,Món Việt,https://down-vn.img.susercontent.com/vn-11134513-7r98o-lsuauemyjvlw67@resize_ss640x400,https://www.foody.vn/da-nang/quan-nhan-chao-vit,/da-nang/quan-nhan-chao-vit/goi-mon
127720,Nhắng Nướng,"1054 Ngô Quyền, P. An Hải Bắc, Quận Sơn Trà, Đà Nẵng",Quận Sơn Trà,Đà Nẵng,16.0668736,108.2328264,6.91,24,148,0,,,,Đang cập nhật,False,False,False,False,,Quán ăn,Món Việt,https://down-vn.img.susercontent.com/vn-11134513-7r98o-lsttmi501ndlee@resize_ss640x400,https://www.foody.vn/da-nang/nhang-nuong,/da-nang/nhang-nuong/goi-mon
224413,Tacos Danang - Ẩm Thực Đường Phố Mexico,"K72/17 Nguyễn Văn Thoại, P. Mỹ An, Quận Ngũ Hành Sơn, Đà Nẵng",Quận Ngũ Hành Sơn,Đà Nẵng,16.053789,108.240355,7.616,110,435,0,,,,Đang cập nhật,True,False,False,False,,Ăn vặt/vỉa hè,Mexico,https://down-vn.img.susercontent.com/vn-11134513-7r98o-lstwvezcwvq118@resize_ss640x400,https://www.foody.vn/da-nang/tacos-danang-shop-online,/da-nang/tacos-danang-shop-online/goi-mon
789382,Bếp - Nem nướng Nha Trang,"11 Dương Cát Lợi (Bên Hông ĐH Duy Tân - CS Hòa Khánh), Quận Liên Chiểu, Đà Nẵng",Quận Liên Chiểu,Đà Nẵng,16.050601,108.159359,8.492,11,101,0,,,,Đang cập nhật,True,False,False,False,,Quán ăn,Món Việt,https://down-vn.img.susercontent.com/vn-11134513-7r98o-lsu5h8blcn2cde@resize_ss640x400,https://www.foody.vn/da-nang/bep-bun-dau-mam-tom-nem-nuong-nha-trang,/da-nang/bep-bun-dau-mam-tom-nem-nuong-nha-trang/goi-mon
18951,Mì Xứ Quảng - Phan Đăng Lưu,"2 - 4 Phan Đăng Lưu, Quận Hải Châu, Đà Nẵng",Quận Hải Châu,Đà Nẵng,16.037709,108.223422,7.386,43,313,0,,,,0935 429 427 - 0938 552 577,True,False,False,False,,Quán ăn,Món Quảng,https://down-vn.img.susercontent.com/vn-11134513-7r98o-lstqlhejf4pl68@resize_ss640x400,https://www.foody.vn/da-nang/mi-xu-quang-phan-dang-luu,/da-nang/mi-xu-quang-phan-dang-luu/goi-mon
97508,Mì Quảng Bà Lữ - Nguyễn Văn Linh,"90/8 Nguyễn Văn Linh, P. Nam Dương, Quận Hải Châu, Đà Nẵng",Quận Hải Châu,Đà Nẵng,16.06081,108.215444,9.16,5,25,0,,,,Đang cập nhật,True,False,False,False,,Quán ăn,Món Quảng,https://down-vn.img.susercontent.com/vn-11134513-7r98o-lstsmc2pgi3d97@resize_ss640x400,https://www.foody.vn/da-nang/mi-quang-ba-lu-nguyen-van-linh,/da-nang/mi-quang-ba-lu-nguyen-van-linh/goi-mon
169332,"Mì Quảng, Bánh Tráng Thịt Heo Đồng Xanh","279 Núi Thành, Quận Hải Châu, Đà Nẵng",Quận Hải Châu,Đà Nẵng,16.0430873,108.2214775,8.0,4,11,0,,,,0935 161 167,True,False,False,False,,Quán ăn,Món Quảng,https://down-vn.img.susercontent.com/vn-11134513-7r98o-lstv20p24jb8d2@resize_ss640x400,https://www.foody.vn/da-nang/mi-quang-banh-trang-thit-heo-dong-xanh,/da-nang/mi-quang-banh-trang-thit-heo-dong-xanh/goi-mon
252576,Quán Chay An Lạc Tâm - Phan Đăng Lưu,"117 Phan Đăng Lưu, P. Hòa Cường Bắc, Quận Hải Châu, Đà Nẵng",Quận Hải Châu,Đà Nẵng,16.036102,108.2163347,7.138,41,167,0,,,,Đang cập nhật,True,False,False,False,,Quán ăn,Món Việt,https://down-vn.img.susercontent.com/vn-11134513-7r98o-lstxkzgdwuqhd7@resize_ss640x400,https://www.foody.vn/da-nang/quan-chay-an-lac-tam-phan-dang-luu,/da-nang/quan-chay-an-lac-tam-phan-dang-luu/goi-mon
90592,"Bánh Tráng Kẹp Dì Liên - Trần Tống, P. Thạc Gián","33 Trần Tống, Quận Thanh Khê, Đà Nẵng",Quận Thanh Khê,Đà Nẵng,16.058591,108.210708,6.684,133,567,0,,,, 0905 553 156,False,False,False,False,,Ăn vặt/vỉa hè,Món Quảng,https://down-vn.img.susercontent.com/vn-11134513-7r98o-lstsej2d40ih9b@resize_ss640x400,https://www.foody.vn/da-nang/banh-trang-kep-tran-tong,/da-nang/banh-trang-kep-tran-tong/goi-mon
124870,Quán Chay Tâm Nguyện,"105 Lê Duẩn, P. Hải Châu 2, Quận Hải Châu, Đà Nẵng",Quận Hải Châu,Đà Nẵng,16.070605,108.21604,7.7,16,72,0,,,,Đang cập nhật,True,False,False,False,,Quán ăn,Món Miền Trung,https://down-vn.img.susercontent.com/vn-11134513-7r98o-lsttitndxehl30@resize_ss640x400,https://www.foody.vn/da-nang/quan-chay-tam-nguyen,/da-nang/quan-chay-tam-nguyen/goi-mon
901167,Hoa Lúa Chay - Vegetarian,"Số 7, Đường Đảo Xanh 3, Khu biệt thự Đảo Xanh, Quận Hải Châu, Đà Nẵng",Quận Hải Châu,Đà Nẵng,16.046952,108.226107,8.58,20,55,0,,,, 0236 3639 789,True,False,False,False,,Nhà hàng,Tây Nguyên,https://down-vn.img.susercontent.com/vn-11134513-7r98o-lsu7arrskxw958@resize_ss640x400,https://www.foody.vn/da-nang/hoa-lua-chay-vegetarian-coffee,/da-nang/hoa-lua-chay-vegetarian-coffee/goi-mon
738376,Bánh Xèo Nhung,"105 Nguyễn Thiện Kế, P. Phước Mỹ, Quận Sơn Trà, Đà Nẵng",Quận Sơn Trà,Đà Nẵng,16.0587,108.239106,8.164,6,35,0,,,,Đang cập nhật,True,False,False,False,,Quán ăn,Món Quảng,https://down-vn.img.susercontent.com/vn-11134513-7r98o-lsu37cfj8ck97c@resize_ss640x400,https://www.foody.vn/da-nang/banh-xeo-nhung,/da-nang/banh-xeo-nhung/goi-mon
904638,Niêu Đỏ - Nhà Hàng Cơm Niêu,"7 Phan Bội Châu, Quận Hải Châu, Đà Nẵng",Quận Hải Châu,Đà Nẵng,16.080347,108.221378,6.35,4,36,0,,,,02363817779,True,False,False,False,,Nhà hàng,Món Việt,https://down-vn.img.susercontent.com/vn-11134259-7r98o-lwbgiaxbdsyh78@resize_ss640x400,https://www.foody.vn/da-nang/nieu-do-nha-hang-com-nieu,
62770,Cháo Gà Dì Hoa,"10 Lý Thường Kiệt, Quận Hải Châu, Đà Nẵng",Quận Hải Châu,Đà Nẵng,16.080249,108.2209,6.534,15,74,0,,,,Đang cập nhật,False,False,False,False,,Quán ăn,Món Việt,https://down-vn.img.susercontent.com/vn-11134259-7r98o-lwfbtb9a8g6344@resize_ss640x400,https://www.foody.vn/da-nang/chao-ga-di-hoa,
777549,Phước Duyên - Quán Chay,"202 Đỗ Bá, P. Mỹ An, Quận Ngũ Hành Sơn, Đà Nẵng",Quận Ngũ Hành Sơn,Đà Nẵng,16.0500288,108.2398895,9.0,1,2,0,,,,Đang cập nhật,True,False,False,False,,Quán ăn,Món Việt,https://down-vn.img.susercontent.com/vn-11134513-7r98o-lsu4zke9y8ihf2@resize_ss640x400,https://www.foody.vn/da-nang/phuoc-duyen-quan-chay,/da-nang/phuoc-duyen-quan-chay/goi-mon
953988,Xôi Nội - An Nhơn 9,"16A An Nhơn 9, P. An Hải Bắc, Quận Sơn Trà, Đà Nẵng",Quận Sơn Trà,Đà Nẵng,16.067891,108.234554,7.57,26,74,0,,,,0901 959 669,True,False,False,False,,Quán ăn,Món Việt,https://down-vn.img.susercontent.com/vn-11134513-7r98o-lsu8fqxnuxll1f@resize_ss640x400,https://www.foody.vn/da-nang/xoi-noi-an-nhon-9,/da-nang/xoi-noi-an-nhon-9/goi-mon
680568,Cơm Nhà Linh - An Thượng 26,"35 An Thượng 26, P. Mỹ An, Quận Ngũ Hành Sơn, Đà Nẵng",Quận Ngũ Hành Sơn,Đà Nẵng,16.055214,108.244978,7.862,51,369,0,,,,0962 068 987,True,False,False,False,,"Nhà hàng,, Giao cơm văn phòng",Món Việt,https://down-vn.img.susercontent.com/vn-11134513-7r98o-lsu0tzhw3kxwb0@resize_ss640x400,https://www.foody.vn/da-nang/com-nha-linh,/da-nang/com-nha-linh/goi-mon
969848,Lẩu Hương Cảng,"95 Lê Lợi, Quận Hải Châu, Đà Nẵng",Quận Hải Châu,Đà Nẵng,16.0765903670143,108.2197488245369,6.938,22,144,0,,,,Đang cập nhật,True,False,False,False,,Nhà hàng,Món Việt,https://down-vn.img.susercontent.com/vn-11134259-7r98o-lwcl2ifyzo4995@resize_ss640x400,https://www.foody.vn/da-nang/lau-huong-cang,
38023,Barefoot Restaurant - InterContinental Resort,"Bán Đảo Sơn Trà, Quận Sơn Trà, Đà Nẵng",Quận Sơn Trà,Đà Nẵng,16.123075,108.307825,8.228,7,79,0,,,,(0236) 3 938 888,True,False,False,False,,Nhà hàng,Món Âu,https://down-vn.img.susercontent.com/vn-11134259-7r98o-lwa6e0jbwwd5e3@resize_ss640x400,https://www.foody.vn/da-nang/barefoot-restaurant-intercontinental-resort,
38022,Citron - InterContinental Resort,"Bán Đảo Sơn Trà, Quận Sơn Trà, Đà Nẵng",Quận Sơn Trà,Đà Nẵng,16.1212378,108.3057839,6.882,81,308,0,,,,(0236) 3 938 888,True,False,False,False,,Buffet,Món Âu,https://down-vn.img.susercontent.com/vn-11134259-7r98o-lwa2rpvu2rizbf@resize_ss640x400,https://www.foody.vn/da-nang/citron-intercontinental-resort,
783498,Quán Nhậu Mỹ Liên - Nguyễn Tường Phổ,"Ngã 3 Nguyễn Tường Phổ - Trung Nghĩa 9, P. Hòa Minh, Quận Liên Chiểu, Đà Nẵng",Quận Liên Chiểu,Đà Nẵng,16.062127,108.170594,8.4,4,73,0,,,,Đang cập nhật,True,False,False,False,,Quán nhậu,Món Việt,https://down-vn.img.susercontent.com/vn-11134513-7r98o-lsu58pjy9o61dd@resize_ss640x400,https://www.foody.vn/da-nang/quan-nhau-my-lien-nguyen-tuong-pho,/da-nang/quan-nhau-my-lien-nguyen-tuong-pho/goi-mon
733938,Thích Nhậu Quán - Nhậu Bình Dân,"Lô 11 Nam Trân, Quận Liên Chiểu, Đà Nẵng",Quận Liên Chiểu,Đà Nẵng,16.067309,108.170365,9.4,2,5,0,,,,01219 505 961 - 0905 953 708,True,False,False,False,,Quán nhậu,"Món Miền Trung,, Món Miền Nam",https://down-vn.img.susercontent.com/vn-11134259-7r98o-lwbgcmdoh5gbd0@resize_ss640x400,https://www.foody.vn/da-nang/thich-nhau-quan-nhau-binh-dan,
14375,Phở Gia Truyền 18A,"126 Nguyễn Hữu Thọ, Quận Hải Châu, Đà Nẵng",Quận Hải Châu,Đà Nẵng,16.045496,108.209865,8.534,3,1,0,,,,0905 528 569,True,False,False,False,,Quán ăn,Món Việt,https://down-vn.img.susercontent.com/vn-11134259-7r98o-lwfyj0d6lal5ec@resize_ss640x400,https://www.foody.vn/da-nang/pho-gia-truyen-18a,
947256,Gỏi Bò Khô Gan Rim Cô Hoa,"53 Nguyễn Trãi, P. Hải Châu 2, Quận Hải Châu, Đà Nẵng",Quận Hải Châu,Đà Nẵng,16.064837,108.215664,6.55,4,16,0,,,,0935725519,True,False,False,False,,Ăn vặt/vỉa hè,Món Miền Trung,https://down-vn.img.susercontent.com/vn-11134513-7r98o-lsu87op6l0ntda@resize_ss640x400,https://www.foody.vn/da-nang/goi-bo-kho-gan-rim-co-hoa,/da-nang/goi-bo-kho-gan-rim-co-hoa/goi-mon
1147380,Cơm sườn Đào Duy Từ - 26 Hải Phòng,"26 Hải Phòng, P. Thạch Thang, Quận Hải Châu, Đà Nẵng",Quận Hải Châu,Đà Nẵng,16.0727587,108.2195798,10.0,1,0,0,,,,Đang cập nhật,True,False,False,False,,Quán ăn,,https://down-vn.img.susercontent.com/vn-11134513-7r98o-lsv9dlclg7tl42@resize_ss640x400,https://www.foody.vn/da-nang/com-suon-dao-duy-tu-26-hai-phong,/da-nang/com-suon-dao-duy-tu-26-hai-phong/goi-mon
128531,Quán Liễu - Bánh Bèo - Nậm - Lọc,"374 Núi Thành, Quận Hải Châu, Đà Nẵng",Quận Hải Châu,Đà Nẵng,16.039535,108.221892,6.07,17,65,0,,,,Đang cập nhật,False,False,False,False,,Quán ăn,Món Miền Trung,https://down-vn.img.susercontent.com/vn-11134259-7r98o-lwaohok50f6j72@resize_ss640x400,https://www.foody.vn/da-nang/quan-lieu-banh-beo-nam-loc,
201049,Pizza Deli Đà Nẵng - Shop Online,"Bán Online, Quận Hải Châu, Đà Nẵng",Quận Hải Châu,Đà Nẵng,16.07163,108.225095,8.3,2,9,0,,,,0935 729 730,True,False,False,False,,Shop Online,Ý,https://down-vn.img.susercontent.com/vn-11134259-7r98o-lwcxstemr8ij9a@resize_ss640x400,https://www.foody.vn/da-nang/pizza-deli-da-nang-shop-online,
1045835,Bánh Mì Khói - 62 Hoàng Hoa Thám,"62 Hoàng Hoa Thám, P. Thạc Gián, Quận Thanh Khê, Đà Nẵng",Quận Thanh Khê,Đà Nẵng,16.0675646,108.2101942,10.0,2,3,0,,,,Đang cập nhật,True,False,False,False,,Ăn vặt/vỉa hè,Món Việt,https://down-vn.img.susercontent.com/vn-11134259-7r98o-lwb0hj7kby6z10@resize_ss640x400,https://www.foody.vn/da-nang/banh-mi-khoi-62-hoang-hoa-tham,/da-nang/banh-mi-khoi-62-hoang-hoa-tham/goi-mon
860479,Bà Chung - Bún Đậu Mắm Tôm - Bún Chả Hà Nội & Bánh Cuốn Nóng,"25 Kinh Dương Vương, P. Thanh Khê Tây, Quận Liên Chiểu, Đà Nẵng",Quận Liên Chiểu,Đà Nẵng,16.072314,108.17301,6.88,5,18,0,,,,Đang cập nhật,True,False,False,False,,Quán ăn,Món Việt,https://down-vn.img.susercontent.com/vn-11134513-7r98o-lsu67bfj2tg9d8@resize_ss640x400,https://www.foody.vn/da-nang/ba-chung-bun-dau-mam-tom-bun-cha-ha-noi-banh-cuon-nong,/da-nang/ba-chung-bun-dau-mam-tom-bun-cha-ha-noi-banh-cuon-nong/goi-mon
733495,Bún Chả Cá Tam Giác - Dũng Sĩ Thanh Khê,"110 Dũng Sĩ Thanh Khê, P. Thanh Khê Tây, Quận Thanh Khê, Đà Nẵng",Quận Thanh Khê,Đà Nẵng,16.073028,108.177923,8.49,9,18,0,,,,Đang cập nhật,True,False,False,False,,Quán ăn,Món Quảng,https://down-vn.img.susercontent.com/vn-11134513-7r98o-lsu30d5mxxace7@resize_ss640x400,https://www.foody.vn/da-nang/bun-cha-ca-tam-giac,/da-nang/bun-cha-ca-tam-giac/goi-mon
1033522,Cơm Gà A Bi,"Đối Diện 31 Phạm Hồng Thái, Quận Hải Châu, Đà Nẵng",Quận Hải Châu,Đà Nẵng,16.067353,108.2214385,8.6,1,39,0,,,,Đang cập nhật,True,False,False,False,,Quán ăn,Món Việt,https://down-vn.img.susercontent.com/vn-11134513-7r98o-lsuaqjpdv2qh70@resize_ss640x400,https://www.foody.vn/da-nang/com-ga-a-bi,/da-nang/com-ga-a-bi/goi-mon
947768,Cơm Gà Phương - Nguyễn Phước Lan,"146 Nguyễn Phước Lan, P. Hòa Xuân, Quận Cẩm Lệ, Đà Nẵng",Quận Cẩm Lệ,Đà Nẵng,16.0203126,108.2277632,9.0,1,0,0,,,,Đang cập nhật,True,False,False,False,,Quán ăn,Món Việt,https://down-vn.img.susercontent.com/vn-11134513-7r98o-lsu86nlgvo9ldf@resize_ss640x400,https://www.foody.vn/da-nang/com-ga-phuong-nguyen-phuoc-lan,/da-nang/com-ga-phuong-nguyen-phuoc-lan/goi-mon
1035120,Bánh Bèo Cô Được - Trưng Nữ Vương,"K233/1 Trưng Nữ Vương, P. Hòa Thuận Đông, Quận Hải Châu, Đà Nẵng",Quận Hải Châu,Đà Nẵng,16.052484,108.218856,9.4,1,0,0,,,,Đang cập nhật,False,False,False,False,,Ăn vặt/vỉa hè,Món Việt,https://down-vn.img.susercontent.com/vn-11134513-7r98o-lsv0krw7yais05@resize_ss640x400,https://www.foody.vn/da-nang/banh-beo-co-duoc-trung-nu-vuong,/da-nang/banh-beo-co-duoc-trung-nu-vuong/goi-mon
1032305,Quán Cơm 346,"346 Cách Mạng Tháng 8, P. Hòa Thọ Đông, Quận Cẩm Lệ, Đà Nẵng",Quận Cẩm Lệ,Đà Nẵng,16.015817,108.201575,9.428,7,0,0,,,,Đang cập nhật,True,False,False,False,,Quán ăn,Món Việt,https://down-vn.img.susercontent.com/vn-11134513-7r98o-lsuanu9og6ft88@resize_ss640x400,https://www.foody.vn/da-nang/quan-com-346,/da-nang/quan-com-346/goi-mon
999159,Kem Dừa Mã Lai - Phan Tứ,"18 Phan Tứ, P. Bắc Mỹ An, Quận Ngũ Hành Sơn, Đà Nẵng",Quận Ngũ Hành Sơn,Đà Nẵng,16.0460492,108.244274,8.444,9,21,0,,,,Đang cập nhật,False,False,False,False,,Ăn vặt/vỉa hè,Malaysia,https://down-vn.img.susercontent.com/vn-11134513-7r98o-lsu9e0u2725543@resize_ss640x400,https://www.foody.vn/da-nang/kem-dua-malaysia,/da-nang/kem-dua-malaysia/goi-mon
166239,Đông Sương Đà Nẵng - Cà Rem,"K364/12 Lê Duẩn, Quận Thanh Khê, Đà Nẵng",Quận Thanh Khê,Đà Nẵng,16.068966577413,108.2085053411044,7.9,2,240,0,,,,0905 761 133,True,False,False,False,,Tiệm bánh,Món Việt,https://down-vn.img.susercontent.com/vn-11134259-7r98o-lwbhnktor5y1ae@resize_ss640x400,https://www.foody.vn/da-nang/dong-suong-da-nang-ca-rem,
700221,"Highlands Coffee - Trà, Cà Phê & Bánh - Điện Biên Phủ","239 Điện Biên Phủ, P. Hoà Khê, Quận Thanh Khê, Đà Nẵng",Quận Thanh Khê,Đà Nẵng,16.065486,108.194715,7.472,30,80,0,,,,(0236) 3 611 972,True,False,False,False,,Café/Dessert,Món Việt,https://down-vn.img.susercontent.com/vn-11134513-81ztc-moj0zjbk4vep1b@resize_ss640x400,https://www.foody.vn/da-nang/highlands-coffee-tra-ca-phe-banh-dien-bien-phu,/da-nang/highlands-coffee-tra-ca-phe-banh-dien-bien-phu/goi-mon
1015420,Xôi Mẹ Choux - Nguyễn Hoàng,"294 Đ. Nguyễn Hoàng, P. Bình Hiên, Quận Hải Châu, Đà Nẵng",Quận Hải Châu,Đà Nẵng,16.0576367,108.212946,7.2,6,21,0,,,,Đang cập nhật,True,False,False,False,,Quán ăn,Món Việt,https://down-vn.img.susercontent.com/vn-11134513-7ras8-m1zp7ps56hln12@resize_ss640x400,https://www.foody.vn/da-nang/xoi-me-choux-nguyen-hoang,/da-nang/xoi-me-choux-nguyen-hoang/goi-mon
1057112,The Kuchara Bakery - Bánh Chuối & Bánh Quế,"35 Tôn Thất Thiệp, P. Mỹ An, Quận Ngũ Hành Sơn, Đà Nẵng",Quận Ngũ Hành Sơn,Đà Nẵng,16.0489181,108.2405208,9.6,1,0,0,,,,Đang cập nhật,True,False,False,False,,Tiệm bánh,Món Việt,https://down-vn.img.susercontent.com/vn-11134513-7r98o-lsv2cp828iah9f@resize_ss640x400,https://www.foody.vn/da-nang/the-kuchara-bakery-banh-chuoi-banh-que,/da-nang/the-kuchara-bakery-banh-chuoi-banh-que/goi-mon
863132,Chị Na - Mít Trộn & Bún Trộn,"Khu Ăn Uống Chợ Bắc Mỹ An, Nguyễn Bá Lân, P. Mỹ An, Quận Ngũ Hành Sơn, Đà Nẵng",Quận Ngũ Hành Sơn,Đà Nẵng,16.041756,108.242383,3.088,7,3,0,,,,Đang cập nhật,True,False,False,False,,Quán ăn,Món Việt,https://down-vn.img.susercontent.com/vn-11134513-7r98o-lsu695upvlp503@resize_ss640x400,https://www.foody.vn/da-nang/chi-na-mit-tron-bun-tron,/da-nang/chi-na-mit-tron-bun-tron/goi-mon
5888,For You Palace,"Lô A2-3 Khu Bắc Tượng Đài, Quận Hải Châu, Đà Nẵng",Quận Hải Châu,Đà Nẵng,16.04666,108.223974,7.632,32,279,0,,,,(0236) 3 687 768,True,False,False,False,,"Nhà hàng,, Tiệc cưới/Hội nghị",,https://down-vn.img.susercontent.com/vn-11134259-7r98o-lwgzzgie6wuz15@resize_ss640x400,https://www.foody.vn/da-nang/for-you-palace,
127746,Gỏi Bò Gan - Mực Cá Rim,"586/38 Ông Ích Khiêm, Quận Hải Châu, Đà Nẵng",Quận Hải Châu,Đà Nẵng,16.061463,108.216472,7.05,4,15,0,,,,Đang cập nhật,False,False,False,False,,Ăn vặt/vỉa hè,Món Quảng,https://down-vn.img.susercontent.com/vn-11134259-7r98o-lwc8vc2jindnab@resize_ss640x400,https://www.foody.vn/da-nang/goi-bo-gan-muc-ca-rim,
697501,Alibaba - Buffet Tự Chọn - Nguyễn Tri Phương,"130 Nguyễn Tri Phương, Quận Thanh Khê, Đà Nẵng",Quận Thanh Khê,Đà Nẵng,16.061458,108.204488,6.296,41,130,0,,,,Đang cập nhật,True,False,False,False,,Quán nhậu,Món Việt,https://down-vn.img.susercontent.com/vn-11134259-7r98o-lw8hjwk8hfx575@resize_ss640x400,https://www.foody.vn/da-nang/alibaba-buffet-tu-chon-nguyen-tri-phuong,
643976,Alibaba - Buffet Tự Chọn - Lê Thanh Nghị,"320 Lê Thanh Nghị, P. Hòa Cường Nam, Quận Hải Châu, Đà Nẵng",Quận Hải Châu,Đà Nẵng,16.033691,108.21846,7.16,77,401,0,,,,Đang cập nhật,True,False,False,False,,Buffet,Món Việt,https://down-vn.img.susercontent.com/vn-11134513-7r98o-lstzih2f3ttwa9@resize_ss640x400,https://www.foody.vn/da-nang/alibaba-buffet-tu-chon-119k,/da-nang/alibaba-buffet-tu-chon-119k/goi-mon
1022036,Bánh Xèo Trang - Lê Đình Lý,"Bên Hông 49 Lê Đình Lý, P. Vĩnh Trung, Quận Thanh Khê, Đà Nẵng",Quận Thanh Khê,Đà Nẵng,16.057938,108.211466,8.95,4,7,0,,,,0777425017,False,False,False,False,,Quán ăn,Món Việt,https://down-vn.img.susercontent.com/vn-11134513-7r98o-lsu9zfsjzpvo80@resize_ss640x400,https://www.foody.vn/da-nang/banh-xeo-trang-le-dinh-ly,/da-nang/banh-xeo-trang-le-dinh-ly/goi-mon
857862,Saigon Brown Cafe & Eatery,"Lô 02BT9 Tân Trào (Giao Với Nguyễn Viết Xuân), P. Hoà Minh, Quận Liên Chiểu, Đà Nẵng",Quận Liên Chiểu,Đà Nẵng,16.06027,108.174426,8.36,10,123,0,,,,Đang cập nhật,True,False,False,False,,Café/Dessert,Món Việt,https://down-vn.img.susercontent.com/vn-11134513-7r98o-lsu64pq47ef85a@resize_ss640x400,https://www.foody.vn/da-nang/saigon-brown-cafe-eatery,/da-nang/saigon-brown-cafe-eatery/goi-mon
1022812,Nhà Hàng Chân Trời Góc Bể - Nguyễn Hữu An,"Lô 59-60-61 Nguyễn Hữu An, P. Nại Hiên Đông, Quận Sơn Trà, Đà Nẵng",Quận Sơn Trà,Đà Nẵng,16.101325,108.229372,7.64,5,65,0,,,,Đang cập nhật,True,False,False,False,,Nhà hàng,Món Việt,https://down-vn.img.susercontent.com/vn-11134259-7r98o-lw9atulqxtjve4@resize_ss640x400,https://www.foody.vn/da-nang/nha-hang-chan-troi-goc-be-nguyen-huu-an,
952740,Thủy Mộc Garden Coffee,"06 Lê Quang Đạo, P. Mỹ An, Quận Ngũ Hành Sơn, Đà Nẵng",Quận Ngũ Hành Sơn,Đà Nẵng,16.053238,108.244574,8.2,1,3,0,,,,0905.255552,True,False,False,False,,Café/Dessert,Món Việt,https://down-vn.img.susercontent.com/vn-11134513-7r98o-lsu8czq51fb8fc@resize_ss640x400,https://www.foody.vn/da-nang/thuy-moc-garden-coffee,/da-nang/thuy-moc-garden-coffee/goi-mon
636882,Bún Bò Mệ Mui,"63B Lê Hồng Phong, Quận Hải Châu, Đà Nẵng",Quận Hải Châu,Đà Nẵng,16.064197,108.219519,7.138,19,61,0,,,,0932 537 837 - 0905 192 440,True,False,False,False,,Quán ăn,Món Miền Trung,https://down-vn.img.susercontent.com/vn-11134513-7r98o-lstz95t9pkg4c7@resize_ss640x400,https://www.foody.vn/da-nang/bun-bo-me-mui,/da-nang/bun-bo-me-mui/goi-mon
899689,K. Su - Các Món Nhậu Bình Dân,"80A Lê Hồng Phong, Quận Hải Châu, Đà Nẵng",Quận Hải Châu,Đà Nẵng,16.063857,108.219036,8.5,2,32,0,,,,0935322383,False,False,False,False,,Quán nhậu,Món Việt,https://down-vn.img.susercontent.com/vn-11134259-7r98o-lwh2vhinqyu3d9@resize_ss640x400,https://www.foody.vn/da-nang/k-su-cac-mon-nhau-binh-dan,
1128589,Bếp Bà Ngoại - Ram Cuốn Cải & Hoành Thánh Chiên - 04 Vũ Trọng Hoàng,"04 Vũ Trọng Hoàng, P. Hoà An, Quận Cẩm Lệ, Đà Nẵng",Quận Cẩm Lệ,Đà Nẵng,16.0569456,108.1776683,10.0,1,0,0,,,,Đang cập nhật,True,False,False,False,,"Café/Dessert,, Quán ăn",,https://down-vn.img.susercontent.com/vn-11134513-7r98o-lsv81ttpszpgb6@resize_ss640x400,https://www.foody.vn/da-nang/bep-ba-ngoai-ram-cuon-cai-hoanh-thanh-chien-04-vu-trong-hoang,/da-nang/bep-ba-ngoai-ram-cuon-cai-hoanh-thanh-chien-04-vu-trong-hoang/goi-mon
197868,Cơm Tấm Sài Gòn - Trưng Nữ Vương,"119 Trương Nữ Vương, P. Bình Hiên, Quận Hải Châu, Đà Nẵng",Quận Hải Châu,Đà Nẵng,16.0574064,108.2205932,5.05,4,12,0,,,,Đang cập nhật,True,False,False,False,,Quán ăn,Món Miền Nam,https://down-vn.img.susercontent.com/vn-11134513-7r98o-lstw05dw353t0e@resize_ss640x400,https://www.foody.vn/da-nang/com-tam-sai-gon-trung-nu-vuong,/da-nang/com-tam-sai-gon-trung-nu-vuong/goi-mon
1000000150,Thị Mẹt - Bún Đậu & Ăn Vặt - Trần Nhân Tông,"159 Trần Nhân Tông, P. Thọ Quang, Quận Sơn Trà, Đà Nẵng",Quận Sơn Trà,Đà Nẵng,16.0945875,108.2430353,7.8,2,4,0,,,,Đang cập nhật,True,False,False,False,,Quán ăn,Món Việt,https://down-vn.img.susercontent.com/vn-11134513-7r98o-lsvds05u2pqcb6@resize_ss640x400,https://www.foody.vn/da-nang/thi-met-bun-dau-an-vat-tran-nhan-tong,/da-nang/thi-met-bun-dau-an-vat-tran-nhan-tong/goi-mon
757413,Thanh Hải - Bánh Bèo Tôm Cháy Tóp Mỡ,"27 Hoàng Tích Trí, P. Thuận Phước, Quận Hải Châu, Đà Nẵng",Quận Hải Châu,Đà Nẵng,16.089847,108.216886,4.6,1,2,0,,,,Đang cập nhật,False,False,False,False,,Ăn vặt/vỉa hè,Món Việt,https://down-vn.img.susercontent.com/vn-11134259-7r98o-lw9f3onwqjmj08@resize_ss640x400,https://www.foody.vn/da-nang/thanh-hai-banh-beo-tom-chay-top-mo,
89771,Đông Phương Quán - Đặc Sản Bò Tơ Quảng Nam,"24B Thăng Long, P. Khuê Trung, Quận Cẩm Lệ, Đà Nẵng",Quận Cẩm Lệ,Đà Nẵng,16.015081,108.209669,3.4,4,3,0,,,,Đang cập nhật,True,False,False,False,,Nhà hàng,Món Quảng,https://down-vn.img.susercontent.com/vn-11134513-7r98o-lstsd5mz0gxw48@resize_ss640x400,https://www.foody.vn/da-nang/dong-phuong-quan-dac-san-bo-to-quang-nam,/da-nang/dong-phuong-quan-dac-san-bo-to-quang-nam/goi-mon
12505,9 Đích - Nhậu Bình Dân,"140 Hàm nghi , Quận Thanh Khê, Đà Nẵng",Quận Thanh Khê,Đà Nẵng,16.061011,108.210912,6.124,13,108,0,,,,Đang cập nhật,False,False,False,False,,Quán ăn,Món Việt,https://down-vn.img.susercontent.com/vn-11134513-7r98o-lstqbr91tqkkca@resize_ss640x400,https://www.foody.vn/da-nang/9-dich-nhau-binh-dan,/da-nang/9-dich-nhau-binh-dan/goi-mon
297520,Quán Blue - Chân Gà Nướng & Cánh Gà Nướng,"52 Trương Hán Siêu, Quận Sơn Trà, Đà Nẵng",Quận Sơn Trà,Đà Nẵng,16.079797,108.230701,9.0,1,5,0,,,,0905 276 691,False,False,False,False,,Ăn vặt/vỉa hè,Món Việt,https://down-vn.img.susercontent.com/vn-11134259-7r98o-lw9wroz8ob1789@resize_ss640x400,https://www.foody.vn/da-nang/quan-blue-chan-ga-nuong-canh-ga-nuong,
1001814,Bánh Tráng Mr.Benly,"456/11 Tôn Đản, P. Hoà An, Quận Cẩm Lệ, Đà Nẵng",Quận Cẩm Lệ,Đà Nẵng,16.0430637,108.1829409,8.504,8,23,0,,,,0795649124,False,False,False,False,,Ăn vặt/vỉa hè,Món Việt,https://down-vn.img.susercontent.com/vn-11134513-7r98o-lsu9gdiabr9gef@resize_ss640x400,https://www.foody.vn/da-nang/banh-trang-mr-benly,/da-nang/banh-trang-mr-benly/goi-mon
976891,"Highlands Coffee - Trà, Cà Phê & Bánh - Nguyễn Văn Thoại","95 Nguyễn Văn Thoại, Quận Sơn Trà, Đà Nẵng",Quận Sơn Trà,Đà Nẵng,16.054482,108.239181,4.628,7,8,0,,,,Đang cập nhật,True,False,False,False,,Café/Dessert,Món Việt,https://down-vn.img.susercontent.com/vn-11134513-81ztc-moj11eqv2gowcb@resize_ss640x400,https://www.foody.vn/da-nang/highlands-coffee-tra-ca-phe-banh-nguyen-van-thoai,/da-nang/highlands-coffee-tra-ca-phe-banh-nguyen-van-thoai/goi-mon
1015137,Say 1993 - Tea & Smoothie,"Lô 42 B1.5 Bàu Vàng 6, P. Hòa Khánh Bắc, Quận Liên Chiểu, Đà Nẵng",Quận Liên Chiểu,Đà Nẵng,16.0799992,108.1448851,9.934,3,3,0,,,,0911301215,True,False,False,False,,Café/Dessert,Món Việt,https://down-vn.img.susercontent.com/vn-11134513-7r98o-lsu9phs1whc4ae@resize_ss640x400,https://www.foody.vn/da-nang/say-1993-tea-smoothie,/da-nang/say-1993-tea-smoothie/goi-mon
15524,Bánh Xèo - Nem Lụi & Bún Thịt Nướng Loan,"Vòng Xoay Nguyễn Công Trứ - Ngô Quyền, Quận Sơn Trà, Đà Nẵng",Quận Sơn Trà,Đà Nẵng,16.067559,108.232686,6.564,11,53,0,,,,0905 028 689,False,False,False,False,,Quán ăn,Món Miền Trung,https://down-vn.img.susercontent.com/vn-11134259-7r98o-lwa9gddq4xqz1c@resize_ss640x400,https://www.foody.vn/da-nang/banh-xeo-nem-lui-bun-thit-nuong-loan,
198824,Bánh Xèo Bé Uyên - Đặc Sản Đại Lộc,"224 Tố Hữu, Quận Cẩm Lệ, Đà Nẵng",Quận Cẩm Lệ,Đà Nẵng,16.033886,108.21277,6.736,29,89,0,,,,0934 787 917 - 0901 979 500,True,False,False,False,,Quán ăn,Món Quảng,https://down-vn.img.susercontent.com/vn-11134513-7r98o-lstw0y9ttbk482@resize_ss640x400,https://www.foody.vn/da-nang/banh-xeo-be-uyen-dac-san-dai-loc,/da-nang/banh-xeo-be-uyen-dac-san-dai-loc/goi-mon
731930,Phá Lấu Sài Gòn - Tiểu La,"39 Tiểu La, P. Hoà Cường Bắc, Quận Hải Châu, Đà Nẵng",Quận Hải Châu,Đà Nẵng,16.0460912,108.2205076,7.058,66,203,0,,,,Đang cập nhật,False,False,False,False,,Ăn vặt/vỉa hè,Món Miền Nam,https://down-vn.img.susercontent.com/vn-11134259-7r98o-lwant7qdzsuz71@resize_ss640x400,https://www.foody.vn/da-nang/pha-lau-sai-gon-tieu-la,/da-nang/pha-lau-sai-gon-tieu-la/goi-mon
887980,Phá Lấu Sài Gòn - 1976 - Tiểu La,"37 Tiểu La, P. Hoà Cường Bắc, Quận Hải Châu, Đà Nẵng",Quận Hải Châu,Đà Nẵng,16.0462341,108.2207541,6.228,15,24,0,,,,0888777017,False,False,False,False,,Quán ăn,Món Miền Nam,https://down-vn.img.susercontent.com/vn-11134513-7r98o-lsu6zz2pe4rd64@resize_ss640x400,https://www.foody.vn/da-nang/pha-lau-sai-gon-1976-tieu-la,/da-nang/pha-lau-sai-gon-1976-tieu-la/goi-mon
171083,Bún Đậu Nhà Cuội,"74/1A Trưng Nữ Vương, P. Bình Hiên, Quận Hải Châu, Đà Nẵng",Quận Hải Châu,Đà Nẵng,16.060017,108.222549,7.414,275,1448,0,,,,0935 400 005 - 0903 305 357,True,False,False,False,,Quán ăn,Món Bắc,https://down-vn.img.susercontent.com/vn-11134513-7r98o-lstv433pbh5lde@resize_ss640x400,https://www.foody.vn/da-nang/cuoi-quan-bun-dau,/da-nang/cuoi-quan-bun-dau/goi-mon
1063082,Poomba's Smokehouse Restaurant,"K40 Trần Văn Dư, P. Mỹ An, Quận Ngũ Hành Sơn, Đà Nẵng",Quận Ngũ Hành Sơn,Đà Nẵng,16.040515,108.244219,9.266,3,44,0,,,,Đang cập nhật,False,False,False,False,,Nhà hàng,"Món Việt,, Quốc tế",https://down-vn.img.susercontent.com/vn-11134513-7ras8-mct3rrzvrnh8cb@resize_ss640x400,https://www.foody.vn/da-nang/poomba-s-smokehouse-restaurant,/da-nang/poomba-s-smokehouse-restaurant/goi-mon
1004608,Tasty Đà Nẵng,"76 Mai Hắc Đế, P. An Hải Tây, Quận Sơn Trà, Đà Nẵng",Quận Sơn Trà,Đà Nẵng,16.063315,108.231593,7.712,9,88,0,,,,0983082833,True,False,False,False,,Ăn vặt/vỉa hè,Món Việt,https://down-vn.img.susercontent.com/vn-11134513-7r98o-lsu9k6jbrg04de@resize_ss640x400,https://www.foody.vn/da-nang/tasty-da-nang,/da-nang/tasty-da-nang/goi-mon
912672,Đà Nẵng Tea Place,"03 Lý Thánh Tông, P. An Hải Bắc, Quận Sơn Trà, Đà Nẵng",Quận Sơn Trà,Đà Nẵng,16.073748,108.23095,9.066,3,45,0,,,,Đang cập nhật,True,False,False,False,,Café/Dessert,Món Việt,https://down-vn.img.susercontent.com/vn-11134513-7r98o-lsu7jsykphg980@resize_ss640x400,https://www.foody.vn/da-nang/danang-tea-place,/da-nang/danang-tea-place/goi-mon
279561,7 Nga - Bê Thui Nóng,"71 Yên Thế, P. Hòa An, Quận Cẩm Lệ, Đà Nẵng",Quận Cẩm Lệ,Đà Nẵng,16.0553827,108.17719,7.758,9,21,0,,,,Đang cập nhật,True,False,False,False,,Quán nhậu,Món Việt,https://down-vn.img.susercontent.com/vn-11134513-7r98o-ltlygozy0zkd4c@resize_ss640x400,https://www.foody.vn/da-nang/7-nga-be-thui-nong,/da-nang/7-nga-be-thui-nong/goi-mon
710757,Thống Gia Restaurant - Ẩm Thực Dân Dã,"432 Thăng Long, P. Khuê Trung, Quận Cẩm Lệ, Đà Nẵng",Quận Cẩm Lệ,Đà Nẵng,16.0122668,108.2076249,8.948,47,125,0,,,,Đang cập nhật,True,False,False,False,,Nhà hàng,"Món Việt,, Món Trung Hoa,, Tiệp (Séc),, Ý",https://down-vn.img.susercontent.com/vn-11134513-7r98o-lsu21u0k4mv8de@resize_ss640x400,https://www.foody.vn/da-nang/thong-gia-restaurant-am-thuc-dan-da,/da-nang/thong-gia-restaurant-am-thuc-dan-da/goi-mon
626366,Karma Waters - Quán Chay Dòng Nước Cam Lồ,"110 Trần Huy Liệu, Quận Cẩm Lệ, Đà Nẵng",Quận Cẩm Lệ,Đà Nẵng,16.0232355852743,108.2047260634155,9.0,1,18,0,,,,0915 961 750 - 0905 141 771,True,False,False,False,,Quán ăn,Món Việt,https://down-vn.img.susercontent.com/vn-11134259-7r98o-lwexo4azd4gp2f@resize_ss640x400,https://www.foody.vn/da-nang/karma-waters-quan-chay-dong-nuoc-cam-lo,
104314,Quán Vịt Đại Lộc,"16 Đông Thạnh 2, Quận Cẩm Lệ, Đà Nẵng",Quận Cẩm Lệ,Đà Nẵng,16.021819,108.198721,3.1,2,7,0,,,,Đang cập nhật,False,False,False,False,,Quán ăn,Món Quảng,https://down-vn.img.susercontent.com/vn-11134259-7r98o-lw9fgugha3tle0@resize_ss640x400,https://www.foody.vn/da-nang/quan-vit-dai-loc,
707670,Lẩu Ba Nghi - Ngô Văn Sở,"106 Ngô Văn Sở, P. Hoà Khánh Nam, Quận Liên Chiểu, Đà Nẵng",Quận Liên Chiểu,Đà Nẵng,16.068012,108.148434,7.0,1,22,0,,,,0932 511 549 - 01289 072 741,False,False,False,False,,Quán nhậu,Món Việt,https://down-vn.img.susercontent.com/vn-11134513-7r98o-lsu1wvlj7ydgf6@resize_ss640x400,https://www.foody.vn/da-nang/lau-ba-nghi-ngo-van-so,/da-nang/lau-ba-nghi-ngo-van-so/goi-mon
115342,Cuisine De Vin - Bếp Nhà Vin,"176 Nguyễn Chí Thanh, P. Phước Ninh, Quận Hải Châu, Đà Nẵng",Quận Hải Châu,Đà Nẵng,16.064993,108.220585,7.736,267,1432,0,,,,0905 002 050,True,False,False,False,,Nhà hàng,Món Âu,https://down-vn.img.susercontent.com/vn-11134513-7r98o-lstt65p55nt078@resize_ss640x400,https://www.foody.vn/da-nang/cuisine-de-vin,/da-nang/cuisine-de-vin/goi-mon
854190,Hà - Bún Lòng Xào Nghệ & Xôi Chiên - Shop Online,"K461/10/4 Hải Phòng, P. Chính Gián, Quận Thanh Khê, Đà Nẵng",Quận Thanh Khê,Đà Nẵng,16.068141,108.205326,7.4,12,64,0,,,,0905541759,True,False,False,False,,Shop Online,Món Việt,https://down-vn.img.susercontent.com/vn-11134513-7r98o-lsu62ayp655l08@resize_ss640x400,https://www.foody.vn/da-nang/ha-bun-long-xao-nghe-xoi-chien-shop-online,/da-nang/ha-bun-long-xao-nghe-xoi-chien-shop-online/goi-mon
768555,Trình Cà Phê - Phố Đi Bộ Bạch Đằng,"Kiot Z04 (Gần Cầu Rồng), Phố Đi Bộ Bạch Đằng, P. Bình Hiên, Quận Hải Châu, Đà Nẵng",Quận Hải Châu,Đà Nẵng,16.0593316,108.2240111,7.73,20,66,0,,,,Đang cập nhật,True,False,False,False,,Café/Dessert,Món Việt,https://down-vn.img.susercontent.com/vn-11134259-7r98o-lwdkg1v4sw63d9@resize_ss640x400,https://www.foody.vn/da-nang/trinh-ca-phe-pho-di-bo-bach-dang,/da-nang/trinh-ca-phe-pho-di-bo-bach-dang/goi-mon
130761,Mì Quảng Bé Ba,"Phan Trọng Tuệ, Quận Hải Châu, Đà Nẵng",Quận Hải Châu,Đà Nẵng,16.032316,108.21473,7.8,1,5,0,,,,Đang cập nhật,False,False,False,False,,Quán ăn,Món Việt,https://down-vn.img.susercontent.com/vn-11134259-7r98o-lweebsg153o908@resize_ss640x400,https://www.foody.vn/da-nang/mi-quang-be-ba,
976905,Quán Phượng - Cơm Ếch & Bún Lòng Xào Nghệ,"29 Tôn Đức Thắng, P. Hòa Minh, Quận Liên Chiểu, Đà Nẵng",Quận Liên Chiểu,Đà Nẵng,16.060293,108.176636,9.0,4,4,0,,,,0898168918,True,False,False,False,,Ăn vặt/vỉa hè,Món Miền Trung,https://down-vn.img.susercontent.com/vn-11134513-7r98o-lsu8v03k9hhgf5@resize_ss640x400,https://www.foody.vn/da-nang/quan-phuong-com-ga-xe-bun-long-xao-nghe,/da-nang/quan-phuong-com-ga-xe-bun-long-xao-nghe/goi-mon
209347,Cơm 5 Ý,"8 Hồng Thái, P. Hòa Minh, Quận Liên Chiểu, Đà Nẵng",Quận Liên Chiểu,Đà Nẵng,16.0598512,108.1752132,8.88,5,8,0,,,,Đang cập nhật,True,False,False,False,,"Quán ăn,, Quán nhậu",Món Việt,https://down-vn.img.susercontent.com/vn-11134513-7r98o-lstwddq1gdcp73@resize_ss640x400,https://www.foody.vn/da-nang/com-5-y,/da-nang/com-5-y/goi-mon
284546,Cơm Tấm,"120 Tôn Đản, Quận Cẩm Lệ, Đà Nẵng",Quận Cẩm Lệ,Đà Nẵng,16.0555221724091,108.1784704327583,8.2,1,1,0,,,,0935 774 898,True,False,False,False,,Quán ăn,Món Việt,https://down-vn.img.susercontent.com/vn-11134259-7r98o-lwc9dqd2dexl6c@resize_ss640x400,https://www.foody.vn/da-nang/com-tam,
70658,Bà Ân - Bún Chả Cá & Bún Riêu - Hùng Vương,"293 - 295 Hùng Vương, P. Hải Châu 2, Quận Hải Châu, Đà Nẵng",Quận Hải Châu,Đà Nẵng,16.067317,108.214492,7.73,43,141,0,,,,0905 865 522,True,False,False,False,,Quán ăn,Món Quảng,https://down-vn.img.susercontent.com/vn-11134513-7ra0g-m9g3rbxdeesu23@resize_ss640x400,https://www.foody.vn/da-nang/bun-cha-ca-ca-thu-ba-an,/da-nang/bun-cha-ca-ca-thu-ba-an/goi-mon
134749,Ram Cuốn Cải Dì Hoa - Lê Duẩn,"K231/10 Lê Duẩn, Quận Hải Châu, Đà Nẵng",Quận Hải Châu,Đà Nẵng,16.069919,108.211963,5.882,41,147,0,,,,Đang cập nhật,False,False,False,False,,Ăn vặt/vỉa hè,Món Miền Trung,https://down-vn.img.susercontent.com/vn-11134259-7r98o-lwcxen6rczq186@resize_ss640x400,https://www.foody.vn/da-nang/ram-cuon-cai-di-hoa-le-duan,
637859,Kim Chi - Bún Thịt Nướng & Bò Lá Lốt,"05 Nguyễn Chánh, Quận Liên Chiểu, Đà Nẵng",Quận Liên Chiểu,Đà Nẵng,16.081866,108.147146,7.0,3,16,0,,,,01643 221 159,False,False,False,False,,Quán ăn,"Món Miền Trung,, Món Miền Nam",https://down-vn.img.susercontent.com/vn-11134259-7r98o-lwe3pfrijy6zb2@resize_ss640x400,https://www.foody.vn/da-nang/kim-chi-bun-thit-nuong-bo-la-lot,
21918,Bánh Canh Đường Ray - Lê Độ,"K77A/09 Lê Độ, P. Chính Gián, Quận Thanh Khê, Đà Nẵng",Quận Thanh Khê,Đà Nẵng,16.067795,108.202887,8.33,199,198,0,,,,Đang cập nhật,True,False,False,False,,Quán ăn,Món Việt,https://down-vn.img.susercontent.com/vn-11134513-7r98o-lstqq5tyy18k85@resize_ss640x400,https://www.foody.vn/da-nang/banh-canh-duong-ray-le-do,/da-nang/banh-canh-duong-ray-le-do/goi-mon
878088,Quán Vân - Cơm Sườn Nướng,"61 Phan Thanh, P. Thạc Gián, Quận Thanh Khê, Đà Nẵng",Quận Thanh Khê,Đà Nẵng,16.064459,108.208248,1.0,1,1,0,,,,Đang cập nhật,True,False,False,False,,Quán ăn,Món Việt,https://down-vn.img.susercontent.com/vn-11134513-7r98o-lsu6qkmonyxla3@resize_ss640x400,https://www.foody.vn/da-nang/quan-van-com-suon-nuong,/da-nang/quan-van-com-suon-nuong/goi-mon
1126913,Trà Sữa Xingfu Cha - Lê Thanh Nghị,"180 Lê Thanh Nghị, P. Hoà Cường Bắc, Quận Hải Châu, Đà Nẵng",Quận Hải Châu,Đà Nẵng,16.0383156,108.2182252,10.0,2,2,0,,,,Đang cập nhật,True,False,False,False,,Café/Dessert,,https://down-vn.img.susercontent.com/vn-11134513-81ztc-mnmbb543q0ht13@resize_ss640x400,https://www.foody.vn/da-nang/tra-sua-xingfu-cha-le-thanh-nghi,/da-nang/tra-sua-xingfu-cha-le-thanh-nghi/goi-mon
283856,Quán 37 - Lươn Xứ Nghệ,"81 Nguyễn Huy Tưởng, Quận Liên Chiểu, Đà Nẵng",Quận Liên Chiểu,Đà Nẵng,16.0519061070062,108.1700000166893,9.8,2,7,0,,,,0984 865 747,False,False,False,False,,Quán ăn,Món Việt,https://down-vn.img.susercontent.com/vn-11134259-7r98o-lwdlnz72pqsb78@resize_ss640x400,https://www.foody.vn/da-nang/quan-37-luon-xu-nghe,
16310,Phở Hoàn Kiếm,"94 Trưng Nữ Vương, Quận Hải Châu, Đà Nẵng",Quận Hải Châu,Đà Nẵng,16.058557,108.221061,6.1,4,13,0,,,,012 2455 2286,True,False,False,False,,Quán ăn,Hà Nội,https://down-vn.img.susercontent.com/vn-11134513-7r98o-lstqhg3s1ps43d@resize_ss640x400,https://www.foody.vn/da-nang/pho-hoan-kiem,/da-nang/pho-hoan-kiem/goi-mon
18868,Sáu Hào - Đặc Sản Gỏi Cá,"232 Trần Cao Vân, P. Tam Thuận, Quận Thanh Khê, Đà Nẵng",Quận Thanh Khê,Đà Nẵng,16.071909,108.205714,7.638,46,303,0,,,,Đang cập nhật,True,False,False,False,,Quán ăn,Món Quảng,https://down-vn.img.susercontent.com/vn-11134513-7r98o-lstqlc8x068p02@resize_ss640x400,https://www.foody.vn/da-nang/quan-sau-hao-dac-san-goi-ca,/da-nang/quan-sau-hao-dac-san-goi-ca/goi-mon
773592,Quán Xưa - Bún Đậu Mắm Tôm & Bún Chả Hà Nội,"7 Thanh Khê 6, Quận Thanh Khê, Đà Nẵng",Quận Thanh Khê,Đà Nẵng,16.074886,108.175988,7.016,25,80,0,,,,Đang cập nhật,True,False,False,False,,Quán ăn,Món Việt,https://down-vn.img.susercontent.com/vn-11134513-7r98o-lsu4se31yis9e1@resize_ss640x400,https://www.foody.vn/da-nang/quan-xua-bun-dau-mam-tom-bun-cha-ha-noi,/da-nang/quan-xua-bun-dau-mam-tom-bun-cha-ha-noi/goi-mon
1125288,Ốc Đảo - 27 Đặng Thai Mai,"27 Đặng Thai Mai, P. Vĩnh Trung, Quận Thanh Khê, Đà Nẵng",Quận Thanh Khê,Đà Nẵng,16.0610517,108.2113084,9.0,1,1,0,,,,Đang cập nhật,False,False,False,False,,Quán ăn,,https://down-vn.img.susercontent.com/vn-11134513-7r98o-lsv7u7hd9tw923@resize_ss640x400,https://www.foody.vn/da-nang/oc-dao-27-dang-thai-mai,/da-nang/oc-dao-27-dang-thai-mai/goi-mon
69262,Cơm Gà Bé Đen,"60 Phạm Hồng Thái, P. Hải Châu 1, Quận Hải Châu, Đà Nẵng",Quận Hải Châu,Đà Nẵng,16.067462,108.220629,7.13,20,102,0,,,,Đang cập nhật,False,False,False,False,,Quán ăn,Món Việt,https://down-vn.img.susercontent.com/vn-11134513-7r98o-lstrz4ewcihl20@resize_ss640x400,https://www.foody.vn/da-nang/com-ga-be-den,/da-nang/com-ga-be-den/goi-mon
1078057,Cơm Tấm Diệu - 17 Trần Bình Trọng,"17 Trần Bình Trọng, Quận Hải Châu, Đà Nẵng",Quận Hải Châu,Đà Nẵng,16.06604,108.2191,9.8,1,0,0,,,,Đang cập nhật,True,False,False,False,,Quán ăn,,https://down-vn.img.susercontent.com/vn-11134513-7r98o-lsv464etpcih77@resize_ss640x400,https://www.foody.vn/da-nang/com-tam-dieu-17-tran-binh-trong,/da-nang/com-tam-dieu-17-tran-binh-trong/goi-mon
940576,Pizza Hut - Nguyễn Văn Thoại,"62 Nguyễn Văn Thoại, Quận Ngũ Hành Sơn, Đà Nẵng",Quận Ngũ Hành Sơn,Đà Nẵng,16.054276,108.239774,8.132,3,12,0,,,,Đang cập nhật,True,False,False,False,,Nhà hàng,Mỹ,https://down-vn.img.susercontent.com/vn-11134513-81ztc-mmsnls5e2sqqff@resize_ss640x400,https://www.foody.vn/da-nang/pizza-hut-nguyen-van-thoai,/da-nang/pizza-hut-nguyen-van-thoai/goi-mon
1027767,Đại Lộc Nhỏ - Bánh Tráng Thịt Heo,"27/2 Thái Phiên, P. Phước Ninh, Quận Hải Châu, Đà Nẵng",Quận Hải Châu,Đà Nẵng,16.064878,108.222924,8.6,3,32,0,,,,0905507323,True,False,False,False,,Quán ăn,Món Việt,https://down-vn.img.susercontent.com/vn-11134513-7r98o-lsuaas2yidvo31@resize_ss640x400,https://www.foody.vn/da-nang/dai-loc-nho-banh-trang-thit-heo,/da-nang/dai-loc-nho-banh-trang-thit-heo/goi-mon
230786,Bún Bò Bà Cần,"38 Hùng Vương, Quận Hải Châu, Đà Nẵng",Quận Hải Châu,Đà Nẵng,16.068662,108.224016,4.95,4,5,0,,,,Đang cập nhật,False,False,False,False,,Quán ăn,Món Việt,https://down-vn.img.susercontent.com/vn-11134259-7r98o-lwgu3c5n2l7dc4@resize_ss640x400,https://www.foody.vn/da-nang/bun-bo-ba-can,
224233,Food Center Đà Nẵng,"1A Trần Quốc Toản, P. Phước Ninh, Quận Hải Châu, Đà Nẵng",Quận Hải Châu,Đà Nẵng,16.065904,108.224292,7.538,191,1054,0,,,,Đang cập nhật,True,False,False,False,,Nhà hàng,"Món Việt,, Món Nhật,, Món Thái",https://down-vn.img.susercontent.com/vn-11134513-7r98o-lstwv4duf6hld8@resize_ss640x400,https://www.foody.vn/da-nang/food-center-bach-dang,/da-nang/food-center-bach-dang/goi-mon
156576,Phở Bắc Hải - Trần Phú,"185 Trần Phú, P. Hải Châu 1, Quận Hải Châu, Đà Nẵng",Quận Hải Châu,Đà Nẵng,16.0661724,108.2237889,6.06,20,47,0,,,,Đang cập nhật,True,False,False,False,,Quán ăn,Món Bắc,https://down-vn.img.susercontent.com/vn-11134513-7r98o-lstun4tibdsp35@resize_ss640x400,https://www.foody.vn/da-nang/pho-bac-hai-tran-phu,/da-nang/pho-bac-hai-tran-phu/goi-mon
188816,Phở 29 - Phở Hà Nội,"1A Trần Quốc Toản, P. Hải Châu 1, Quận Hải Châu, Đà Nẵng",Quận Hải Châu,Đà Nẵng,16.066058,108.224058,7.742,7,47,0,,,,Đang cập nhật,True,False,False,False,,Quán ăn,Món Việt,https://down-vn.img.susercontent.com/vn-11134513-7r98o-lstvotmcsv5w5c@resize_ss640x400,https://www.foody.vn/da-nang/pho-29-pho-ha-noi,/da-nang/pho-29-pho-ha-noi/goi-mon
185504,Khu Ẩm Thực Chợ Hàn,"Chợ Hàn, Trần Phú, Quận Hải Châu, Đà Nẵng",Quận Hải Châu,Đà Nẵng,16.06813,108.22395,6.628,7,66,0,,,,Đang cập nhật,True,False,False,False,,Ăn vặt/vỉa hè,Món Quảng,https://down-vn.img.susercontent.com/vn-11134259-7r98o-lw8sl34g9rdl90@resize_ss640x400,https://www.foody.vn/da-nang/khu-am-thuc-cho-han,
164061,Namunamu Nine Food Market,"180 Bạch Đằng, Quận Hải Châu, Đà Nẵng",Quận Hải Châu,Đà Nẵng,16.066321,108.224482,7.698,37,414,0,,,,(0236) 3 575 809,True,False,False,False,,Nhà hàng,"Món Việt,, Quốc tế",https://down-vn.img.susercontent.com/vn-11134259-7r98o-lweelronfrvfec@resize_ss640x400,https://www.foody.vn/da-nang/danang-180-food-court,
155717,Bún Bò Bà Rơi,"5 Phan Thành Tài, P. Hòa Thuận Đông, Quận Hải Châu, Đà Nẵng",Quận Hải Châu,Đà Nẵng,16.0537305,108.2214313,5.974,38,155,0,,,,0903 533 040,True,False,False,False,,Quán ăn,Món Huế,https://down-vn.img.susercontent.com/vn-11134513-7r98o-lstumenilvh5b2@resize_ss640x400,https://www.foody.vn/da-nang/bun-bo-ba-roi,/da-nang/bun-bo-ba-roi/goi-mon
888548,Quán Thượng Thành - Bún Bò,"139 Nguyễn Hữu Thọ, Quận Hải Châu, Đà Nẵng",Quận Hải Châu,Đà Nẵng,16.046671,108.20988,7.0,1,19,0,,,,Đang cập nhật,False,False,False,False,,Quán ăn,Món Huế,https://down-vn.img.susercontent.com/vn-11134259-7r98o-lwckx6cq3aop4b@resize_ss640x400,https://www.foody.vn/da-nang/quan-thuong-thanh-bun-bo,
8593,Bò Né Minh Trang,"14 Lê Thánh Tôn, P. Hải Châu 1, Quận Hải Châu, Đà Nẵng",Quận Hải Châu,Đà Nẵng,16.073851,108.219621,6.36,10,36,0,,,,Đang cập nhật,False,False,False,False,,Quán ăn,Món Việt,https://down-vn.img.susercontent.com/vn-11134259-7r98o-lwhlkbcm149n5c@resize_ss640x400,https://www.foody.vn/da-nang/bo-ne-minh-trang,
1035618,San Ốc,"27 Võ Như Hưng, Quận Ngũ Hành Sơn, Đà Nẵng",Quận Ngũ Hành Sơn,Đà Nẵng,16.050011,108.237158,7.8,1,30,0,,,,Đang cập nhật,False,False,False,False,,Quán ăn,Món Việt,https://down-vn.img.susercontent.com/vn-11134513-7r98o-lsv0l80yrwsk0f@resize_ss640x400,https://www.foody.vn/da-nang/san-oc,/da-nang/san-oc/goi-mon
90670,Tiramisu Huân Bakery - Shop Online,"68 Nguyễn Du, P. Thạch Thang, Quận Hải Châu, Đà Nẵng",Quận Hải Châu,Đà Nẵng,16.0785115,108.2183114,6.992,77,261,0,,,,0905 730 196,True,False,False,False,,Shop Online,Món Việt,https://down-vn.img.susercontent.com/vn-11134513-7r98o-lstse60vrkqs7f@resize_ss640x400,https://www.foody.vn/da-nang/tiramisu-huan-bakery,/da-nang/tiramisu-huan-bakery/goi-mon
126265,Bún Mắm Vân - Lê Độ,"K77A/15 Lê Độ, P. Chính Gián, Quận Thanh Khê, Đà Nẵng",Quận Thanh Khê,Đà Nẵng,16.068636,108.201549,9.26,10,20,0,,,,Đang cập nhật,True,False,False,False,,Quán ăn,Món Quảng,https://down-vn.img.susercontent.com/vn-11134513-7r98o-lsttkumf522s91@resize_ss640x400,https://www.foody.vn/da-nang/bun-mam-van,/da-nang/bun-mam-van/goi-mon
633411,Bánh Bèo Chị Sa,"23 Nguyễn Thị Thập, Quận Liên Chiểu, Đà Nẵng",Quận Liên Chiểu,Đà Nẵng,16.07405,108.172913,8.0,1,0,0,,,,Đang cập nhật,False,False,False,False,,Quán ăn,Món Việt,https://down-vn.img.susercontent.com/vn-11134259-7r98o-lw9aa56j3dndf4@resize_ss640x400,https://www.foody.vn/da-nang/banh-beo-chi-sa,
261391,Cơm Văn Phòng Kichi,"95 Đinh Núp, P. Thanh Khê Đông, Quận Thanh Khê, Đà Nẵng",Quận Thanh Khê,Đà Nẵng,16.0618708,108.1836896,7.4,2,10,0,,,,0935 477 904 - 0935 790 397,True,False,False,False,,Giao cơm văn phòng,Món Việt,https://down-vn.img.susercontent.com/vn-11134513-7r98o-lstxow5s09ll3b@resize_ss640x400,https://www.foody.vn/da-nang/com-van-phong-kichi,/da-nang/com-van-phong-kichi/goi-mon
155160,Quán Nhậu A Dũng,"Tổ 23G, P. Thọ Quang, Quận Sơn Trà, Đà Nẵng",Quận Sơn Trà,Đà Nẵng,16.095259,108.248547,7.4,1,75,0,,,,0935 461 968,False,False,False,False,,Quán nhậu,Món Việt,https://down-vn.img.susercontent.com/vn-11134259-7r98o-lwe66nbwtcyh1b@resize_ss640x400,https://www.foody.vn/da-nang/quan-nhau-a-dung,
981003,Hẻm 34 - Cháo Quẩy & Ăn Vặt,"144/34 Nguyễn Lương Bằng, P. Hoà Khánh Bắc, Quận Liên Chiểu, Đà Nẵng",Quận Liên Chiểu,Đà Nẵng,16.07751,108.14923,6.8,1,4,0,,,,0898343201,False,False,False,False,,Ăn vặt/vỉa hè,Món Bắc,https://down-vn.img.susercontent.com/vn-11134259-7r98o-lw8qyt8abmqj5d@resize_ss640x400,https://www.foody.vn/da-nang/hem-34-chao-quay-an-vat,/da-nang/hem-34-chao-quay-an-vat/goi-mon
203362,Bánh Tráng Hải Linh - Nguyễn Văn Siêu,"108 Nguyễn Văn Siêu, Quận Sơn Trà, Đà Nẵng",Quận Sơn Trà,Đà Nẵng,16.0624762,108.2334137,7.322,15,76,0,,,,Đang cập nhật,False,False,False,False,,Ăn vặt/vỉa hè,Món Việt,https://down-vn.img.susercontent.com/vn-11134513-7r98o-lstw5ufk0yvta3@resize_ss640x400,https://www.foody.vn/da-nang/banh-trang-hai-linh-nguyen-van-sieu,/da-nang/banh-trang-hai-linh-nguyen-van-sieu/goi-mon
949057,Bánh Cuốn Nóng Thanh Nhàn,"78 Phan Đăng Lưu, P. Hòa Cường Bắc, Quận Hải Châu, Đà Nẵng",Quận Hải Châu,Đà Nẵng,16.0370781,108.2190447,7.0,4,11,0,,,,"0982 539 482, 032 621 5154",True,False,False,False,,Quán ăn,Món Việt,https://down-vn.img.susercontent.com/vn-11134513-7r98o-lsu8a673m4sk4a@resize_ss640x400,https://www.foody.vn/da-nang/banh-cuon-nong-thanh-nhan,/da-nang/banh-cuon-nong-thanh-nhan/goi-mon
1025012,Gà Nướng Loan Hiệp - Phạm Hùng,"225 Phạm Hùng, Quận Cẩm Lệ, Đà Nẵng",Quận Cẩm Lệ,Đà Nẵng,15.997603,108.207187,9.2,2,114,0,,,,Đang cập nhật,False,False,False,False,,Ăn vặt/vỉa hè,Món Việt,https://down-vn.img.susercontent.com/vn-11134259-7r98o-lw9atxkaopnf1b@resize_ss640x400,https://www.foody.vn/da-nang/ga-nuong-loan-hiep,
968526,Xôi Gà Nga Vân,"32 Đức Lợi 1, P. Thuận Phước, Quận Hải Châu, Đà Nẵng",Quận Hải Châu,Đà Nẵng,16.085957,108.221158,9.3,2,2,0,,,,0905521415,True,False,False,False,,Quán ăn,Món Miền Trung,https://down-vn.img.susercontent.com/vn-11134513-7r98o-lsu8msguue1l3b@resize_ss640x400,https://www.foody.vn/da-nang/xoi-ga-nga-van,/da-nang/xoi-ga-nga-van/goi-mon
947467,Nhậu Lết,"161 Nguyễn Tất Thành, P. Thanh Bình, Quận Hải Châu, Đà Nẵng",Quận Hải Châu,Đà Nẵng,16.0821156,108.2127538,5.648,12,41,0,,,,0788 688 887,True,False,False,False,,Quán nhậu,Món Việt,https://down-vn.img.susercontent.com/vn-11134513-7r98o-lsu868ap9nkp1a@resize_ss640x400,https://www.foody.vn/da-nang/nhau-let,/da-nang/nhau-let/goi-mon
13943,Quán Phương - Cá Đuối Nướng,"Lô A2.1 + 300 m2, 30 Tháng 4, P. Hòa Cường Bắc, Quận Hải Châu, Đà Nẵng",Quận Hải Châu,Đà Nẵng,16.039783,108.216303,7.75,8,20,0,,,,0905 699 413,False,False,False,False,,Quán ăn,Món Việt,https://down-vn.img.susercontent.com/vn-11134259-7r98o-lwbuanpgcmor1b@resize_ss640x400,https://www.foody.vn/da-nang/quan-phuong-ca-duoi-nuong,
761443,Hạnh Quán - Cá Nục Nướng,"110 Xuân Thủy, Quận Cẩm Lệ, Đà Nẵng",Quận Cẩm Lệ,Đà Nẵng,16.0283815,108.2131334,5.7,4,17,0,,,,Đang cập nhật,True,False,False,False,,Quán ăn,Món Việt,https://down-vn.img.susercontent.com/vn-11134513-7r98o-lsu4aczttmmcc4@resize_ss640x400,https://www.foody.vn/da-nang/hanh-quan-ca-nuc-nuong,/da-nang/hanh-quan-ca-nuc-nuong/goi-mon
73348,Quán Chè - Phạm Hồng Thái,"51 Phạm Hồng Thái, P. Hải Châu 1, Quận Hải Châu, Đà Nẵng",Quận Hải Châu,Đà Nẵng,16.067535,108.220312,7.6,9,47,0,,,,Đang cập nhật,False,False,False,False,,Ăn vặt/vỉa hè,Món Việt,https://down-vn.img.susercontent.com/vn-11134513-7r98o-lsts2uv9l8041e@resize_ss640x400,https://www.foody.vn/da-nang/quan-che-pham-hong-thai,/da-nang/quan-che-pham-hong-thai/goi-mon
987208,Cháo Dinh Dưỡng & Súp Cua YOYO - Bùi Tá Hán,"95 Bùi Tá Hán, Khuê Mỹ, Quận Ngũ Hành Sơn, Đà Nẵng",Quận Ngũ Hành Sơn,Đà Nẵng,16.0303505,108.2435238,7.6,1,7,0,,,,0888029559,True,False,False,False,,Quán ăn,Món Miền Trung,https://down-vn.img.susercontent.com/vn-11134513-7r98o-lsu93cwq0wwp74@resize_ss640x400,https://www.foody.vn/da-nang/chao-dinh-duong-sup-cua-yoyo-bui-ta-han,/da-nang/chao-dinh-duong-sup-cua-yoyo-bui-ta-han/goi-mon
985012,Cơm Ngon SML - Cơm Văn Phòng,"340 Nguyễn Văn Linh, P. Thạc Gián, Quận Thanh Khê, Đà Nẵng",Quận Thanh Khê,Đà Nẵng,16.0590167,108.2066009,6.466,6,46,0,,,,0866566546,True,False,False,False,,Quán ăn,Món Miền Trung,https://down-vn.img.susercontent.com/vn-11134513-7r98o-lsu91ancp2fta7@resize_ss640x400,https://www.foody.vn/da-nang/com-ngon-sml-com-van-phong,/da-nang/com-ngon-sml-com-van-phong/goi-mon
1005142,Burger Bros - Nguyễn Chí Thanh,"4 Nguyễn Chi Thanh, Quận Hải Châu, Đà Nẵng",Quận Hải Châu,Đà Nẵng,16.079348,108.219921,3.0,1,2,0,,,,0931921231,True,False,False,False,,Quán ăn,,https://down-vn.img.susercontent.com/vn-11134259-7r98o-lwbqbphvmwnvf7@resize_ss640x400,https://www.foody.vn/da-nang/burger-bros-nguyen-chi-thanh,
1134602,Cá Nục Nướng Người Miền Trung - Cá Nục Nướng - Lê Thanh Nghị,"165 Lê Thanh Nghị, P. Hoà Cường Bắc, Quận Hải Châu, Đà Nẵng",Quận Hải Châu,Đà Nẵng,16.038197,108.218211,10.0,1,0,0,,,,Đang cập nhật,False,False,False,False,,Quán ăn,,https://down-vn.img.susercontent.com/vn-11134513-7r98o-lsv8e6nkt8lg36@resize_ss640x400,https://www.foody.vn/da-nang/ca-nuc-nuong-nguoi-mien-trung-ca-nuc-nuong-le-thanh-nghi,/da-nang/ca-nuc-nuong-nguoi-mien-trung-ca-nuc-nuong-le-thanh-nghi/goi-mon
226640,Trái Cây Xô - Trà Sữa,"83 Quang Trung, Quận Hải Châu, Đà Nẵng",Quận Hải Châu,Đà Nẵng,16.074937,108.218994,7.156,36,163,0,,,,Đang cập nhật,False,False,False,False,,Ăn vặt/vỉa hè,Món Việt,https://down-vn.img.susercontent.com/vn-11134513-7r98o-lstwybkjwdqxa7@resize_ss640x400,https://www.foody.vn/da-nang/trai-cay-xo-tra-sua,/da-nang/trai-cay-xo-tra-sua/goi-mon
88698,Dê Tư Nghĩa - Dê Núi Ninh Bình - 15 Châu Thị Vĩnh Tế,"15 Châu Thị Vĩnh Tế, Quận Ngũ Hành Sơn, Đà Nẵng",Quận Ngũ Hành Sơn,Đà Nẵng,16.0534027,108.2395886,7.126,27,158,0,,,,Đang cập nhật,True,False,False,False,,Nhà hàng,Món Việt,https://down-vn.img.susercontent.com/vn-11134513-7ra0g-m6g34zqi412fd0@resize_ss640x400,https://www.foody.vn/da-nang/de-tu-nghia-de-nui-ninh-binh-15-chau-thi-vinh-te,/da-nang/de-tu-nghia-de-nui-ninh-binh-15-chau-thi-vinh-te/goi-mon
937522,Gỏi Thái Lan - Chế Ơi...!,"40/27 Nguyễn Hữu Thọ, P. Hòa Thuận Tây, Quận Hải Châu, Đà Nẵng",Quận Hải Châu,Đà Nẵng,16.048388,108.209244,7.19,17,37,0,,,,0987886882,False,False,False,False,,Quán ăn,Món Việt,https://down-vn.img.susercontent.com/vn-11134513-7r98o-lsu7zsry2k61a2@resize_ss640x400,https://www.foody.vn/da-nang/goi-thai-lan,/da-nang/goi-thai-lan/goi-mon
966721,Quán Thiệt - Cháo Vịt & Lòng,"(đối diện 87 Tú Mỡ) lô 286 Tú Mỡ, P. Hòa An, Quận Cẩm Lệ, Đà Nẵng",Quận Cẩm Lệ,Đà Nẵng,16.0529694,108.1729528,9.0,4,10,0,,,,Đang cập nhật,False,False,False,False,,Quán ăn,Món Miền Trung,https://down-vn.img.susercontent.com/vn-11134513-7r98o-lsu8lcigvh5l59@resize_ss640x400,https://www.foody.vn/da-nang/quan-thiet-chao-vit-long,/da-nang/quan-thiet-chao-vit-long/goi-mon
694160,Cô Xí - Bánh Bèo - Nậm & Lọc,"186 Tô Hiệu, P. Hòa Minh, Quận Liên Chiểu, Đà Nẵng",Quận Liên Chiểu,Đà Nẵng,16.064183,108.166496,8.44,19,88,0,,,,0935 246 872,True,False,False,False,,Quán ăn,Món Việt,https://down-vn.img.susercontent.com/vn-11134513-7r98o-lsu1d7yet47t36@resize_ss640x400,https://www.foody.vn/da-nang/co-xi-banh-beo-nam-loc,/da-nang/co-xi-banh-beo-nam-loc/goi-mon
675365,Vịt Quay Liu Gia,"214 Lê Thanh Nghị, P. Hoà Cường Nam, Quận Hải Châu, Đà Nẵng",Quận Hải Châu,Đà Nẵng,16.036379,108.2182169,6.636,103,632,0,,,,Đang cập nhật,True,False,False,False,,"Nhà hàng,, Buffet,, Quán ăn",Món Trung Hoa,https://down-vn.img.susercontent.com/vn-11134513-7r98o-lsu0niwugipw3f@resize_ss640x400,https://www.foody.vn/da-nang/vit-quay-liu-gia,/da-nang/vit-quay-liu-gia/goi-mon
649006,Xôi Xá Xíu Cô Trinh - 302 Mẹ Thứ,"302 Mẹ Thứ, Hòa Xuân, Quận Cẩm Lệ, Đà Nẵng",Quận Cẩm Lệ,Đà Nẵng,16.0000046,108.2136565,9.554,9,21,0,,,,Đang cập nhật,False,False,False,False,,Quán ăn,Món Miền Trung,https://down-vn.img.susercontent.com/vn-11134513-7r98o-lstzrtbd1pl0bc@resize_ss640x400,https://www.foody.vn/da-nang/xoi-xa-xiu-co-trinh-302-me-thu,/da-nang/xoi-xa-xiu-co-trinh-302-me-thu/goi-mon
1037751,Cộng Trà Chanh - Trần Quý Cáp,"30 Trần Quý Cáp, P. Thạch Thang, Quận Hải Châu, Đà Nẵng",Quận Hải Châu,Đà Nẵng,16.081314,108.22028,10.0,1,0,0,,,,Đang cập nhật,True,False,False,False,,Café/Dessert,Món Việt,https://down-vn.img.susercontent.com/vn-11134513-7r98o-lsv0saey2uftc1@resize_ss640x400,https://www.foody.vn/da-nang/cong-tra-chanh-tran-quy-cap,/da-nang/cong-tra-chanh-tran-quy-cap/goi-mon
740945,Tiệm Ăn Cây Khế - Bún Mắm Bê Thui & Nước Ép,"K62/14 Trần Xuân Lê, P. Hòa Khê, Quận Thanh Khê, Đà Nẵng",Quận Thanh Khê,Đà Nẵng,16.0583809,108.1875933,5.45,4,23,0,,,,Đang cập nhật,True,False,False,False,,Quán ăn,Món Việt,https://down-vn.img.susercontent.com/vn-11134513-7r98o-lsu3devpk2x0f6@resize_ss640x400,https://www.foody.vn/da-nang/tiem-an-cay-khe-bun-mam-be-thui-nuoc-ep,/da-nang/tiem-an-cay-khe-bun-mam-be-thui-nuoc-ep/goi-mon
105501,Dê Nghĩa 4 - Hệ Thống Dê Đà Nẵng (remove),"08 Đường 2 Tháng 9, Quận Hải Châu, Đà Nẵng",Quận Hải Châu,Đà Nẵng,16.058794,108.222896,8.456,28,86,0,,,,Đang cập nhật,True,False,False,False,,"Nhà hàng,, Quán nhậu",Món Việt,https://down-vn.img.susercontent.com/vn-11134513-7r98o-lstsvq3gszvdfa@resize_ss640x400,https://www.foody.vn/da-nang/de-nghia-4-he-thong-de-da-nang,/da-nang/de-nghia-4-he-thong-de-da-nang/goi-mon
1136494,Ông Lei - Quán Ăn Hàn Quốc - 73 Nguyễn Văn Linh,"73 Nguyễn Văn Linh, P. Phước Ninh, Quận Hải Châu, Đà Nẵng",Quận Hải Châu,Đà Nẵng,16.06069,108.22011,9.848,61,60,0,,,,Đang cập nhật,True,False,False,False,,Quán ăn,,https://down-vn.img.susercontent.com/vn-11134513-7r98o-lsv8i0bncmo4d5@resize_ss640x400,https://www.foody.vn/da-nang/ong-lei-quan-an-han-quoc-73-nguyen-van-linh,/da-nang/ong-lei-quan-an-han-quoc-73-nguyen-van-linh/goi-mon
90887,Cơm Gà Vân - 2 Tháng 9,"15 Đường 2 Tháng 9, P. Hòa Cường Nam, Quận Hải Châu, Đà Nẵng",Quận Hải Châu,Đà Nẵng,16.031239,108.224014,6.802,3,14,0,,,,0905 449 281 - 0909 587 905,True,False,False,False,,Quán ăn,Món Quảng,https://down-vn.img.susercontent.com/vn-11134513-7r98o-lstseku636ah12@resize_ss640x400,https://www.foody.vn/da-nang/com-ga-van-2-thang-9,/da-nang/com-ga-van-2-thang-9/goi-mon
691518,Phương Anh Restaurant - Ẩm Thực Miền Bắc,"741 Ngô Quyền, Quận Sơn Trà, Đà Nẵng",Quận Sơn Trà,Đà Nẵng,16.071102,108.231392,7.85,4,43,0,,,,Đang cập nhật,True,False,False,False,,Nhà hàng,Món Việt,https://down-vn.img.susercontent.com/vn-11134513-7r98o-lsu19xtzmm6c44@resize_ss640x400,https://www.foody.vn/da-nang/phuong-anh-restaurant-am-thuc-mien-bac,/da-nang/phuong-anh-restaurant-am-thuc-mien-bac/goi-mon
891911,Yuna BBQ - Xiên Que - Lẩu & Nướng,"80 Văn Tiến Dũng, Quận Cẩm Lệ, Đà Nẵng",Quận Cẩm Lệ,Đà Nẵng,16.001949,108.21289,7.798,3,49,0,,,,0935995542,True,False,False,False,,Quán ăn,Món Miền Trung,https://down-vn.img.susercontent.com/vn-11134513-7r98o-lsu74189ih8kd3@resize_ss640x400,https://www.foody.vn/da-nang/yuna-bbq-xien-que-lau-nuong,/da-nang/yuna-bbq-xien-que-lau-nuong/goi-mon
148671,Trà Sữa & Chè Thái - Ngô Quyền,"1015 Ngô Quyền, Quận Sơn Trà, Đà Nẵng",Quận Sơn Trà,Đà Nẵng,16.059307,108.2351729999999,8.15,4,8,0,,,,Đang cập nhật,True,False,False,False,,Ăn vặt/vỉa hè,Món Việt,https://down-vn.img.susercontent.com/vn-11134259-7r98o-lwfe11vhignvbe@resize_ss640x400,https://www.foody.vn/da-nang/tra-sua-che-thai-ngo-quyen,
229945,Ăn Vặt 3Colu - Nguyễn Bá Học,"36 Nguyễn Bá Học, P. Bình Thuận, Quận Hải Châu, Đà Nẵng",Quận Hải Châu,Đà Nẵng,16.054763,108.220859,7.354,242,1569,0,,,,0905 266 222,False,False,False,False,,Ăn vặt/vỉa hè,Món Việt,https://down-vn.img.susercontent.com/vn-11134513-7r98o-lstx2hxc6obd12@resize_ss640x400,https://www.foody.vn/da-nang/an-vat-3colu-nguyen-ba-hoc,/da-nang/an-vat-3colu-nguyen-ba-hoc/goi-mon
156167,Quán Thanh - Hải Sản Tươi Sống,"122 Phạm Văn Đồng, Quận Sơn Trà, Đà Nẵng",Quận Sơn Trà,Đà Nẵng,16.0707825142195,108.2357788458466,3.82,10,23,0,,,,Đang cập nhật,True,False,False,False,,Quán ăn,Món Miền Trung,https://down-vn.img.susercontent.com/vn-11134259-7r98o-lwezsyzao4ihf0@resize_ss640x400,https://www.foody.vn/da-nang/quan-thanh-hai-san-tuoi-song,
1072532,Chè Liên - Đỗ Bá,"16 Đỗ Bá, P. Mỹ An, Quận Ngũ Hành Sơn, Đà Nẵng",Quận Ngũ Hành Sơn,Đà Nẵng,16.0516989,108.245955,1.0,1,4,0,,,,Đang cập nhật,True,False,False,False,,"Café/Dessert,, Quán ăn",,https://down-vn.img.susercontent.com/vn-11134513-7r98o-lsv3mxi2t0asdb@resize_ss640x400,https://www.foody.vn/da-nang/che-lien-do-ba,/da-nang/che-lien-do-ba/goi-mon
1035242,Mệ Tâm - Cơm Hến & Bún Hến,"28 Trưng Nữ Vương, P.  Bình Hiên, Quận Hải Châu, Đà Nẵng",Quận Hải Châu,Đà Nẵng,16.060157,108.22248,6.4,2,5,0,,,,Đang cập nhật,True,False,False,False,,Quán ăn,Món Huế,https://down-vn.img.susercontent.com/vn-11134513-7r98o-lsuat0be6vus7e@resize_ss640x400,https://www.foody.vn/da-nang/me-tam-com-hen-bun-hen,/da-nang/me-tam-com-hen-bun-hen/goi-mon
927657,Chị Minh - Cao Lầu & Mì Xíu,"16 Đoàn Thị Điểm, P. Hải Châu 2, Quận Hải Châu, Đà Nẵng",Quận Hải Châu,Đà Nẵng,16.06667,108.21746,7.732,3,8,0,,,,0934963618,True,False,False,False,,Quán ăn,Món Việt,https://down-vn.img.susercontent.com/vn-11134513-7r98o-lsu7t2673cex3a@resize_ss640x400,https://www.foody.vn/da-nang/chi-minh-cao-lau-mi-xiu,/da-nang/chi-minh-cao-lau-mi-xiu/goi-mon
949425,Cơm Hến - Hoàng Diệu,"356/37 Hoàng Diệu, P. Bình Thuận, Quận Hải Châu, Đà Nẵng",Quận Hải Châu,Đà Nẵng,16.0563789,108.2159499,8.41,19,26,0,,,,0903572689,True,False,False,False,,Ăn vặt/vỉa hè,Món Huế,https://down-vn.img.susercontent.com/vn-11134513-7r98o-lsu8a2lsvcex1f@resize_ss640x400,https://www.foody.vn/da-nang/com-hen-10k,/da-nang/com-hen-10k/goi-mon
270380,Bà Cho - Bánh Canh Nam Phổ,"50 Nguyễn Huy Tưởng, P. Hòa Minh, Quận Liên Chiểu, Đà Nẵng",Quận Liên Chiểu,Đà Nẵng,16.0540826,108.1691485,6.934,3,7,0,,,,Đang cập nhật,False,False,False,False,,Quán ăn,Món Việt,https://down-vn.img.susercontent.com/vn-11134513-7r98o-lstxuexv479ga4@resize_ss640x400,https://www.foody.vn/da-nang/ba-cho-banh-canh-nam-pho,/da-nang/ba-cho-banh-canh-nam-pho/goi-mon
1012356,Bánh Mì Bà Lan - 48 Phan Châu Trinh,"48 Phan Châu Trinh, P. Hải Châu 1, Quận Hải Châu, Đà Nẵng",Quận Hải Châu,Đà Nẵng,16.067529,108.220028,8.8,2,27,0,,,,0773766952,False,False,False,False,,Ăn vặt/vỉa hè,Món Việt,https://down-vn.img.susercontent.com/vn-11134513-7r98o-lsu9ncqsmt387d@resize_ss640x400,https://www.foody.vn/da-nang/banh-mi-ba-lan-phan-chau-trinh,/da-nang/banh-mi-ba-lan-phan-chau-trinh/goi-mon
978261,Bánh Mì Cô Nhi - Lê Lợi,"164 Lê Lợi (Ngã 4 Lê Lợi - Pasteur), P. Hải Châu 1, Quận Hải Châu, Đà Nẵng",Quận Hải Châu,Đà Nẵng,16.070371,108.220448,7.8,2,7,0,,,,Đang cập nhật,True,False,False,False,,Ăn vặt/vỉa hè,Món Việt,https://down-vn.img.susercontent.com/vn-11134513-7r98o-lsu8uw087op076@resize_ss640x400,https://www.foody.vn/da-nang/banh-mi-co-nhi-le-loi,/da-nang/banh-mi-co-nhi-le-loi/goi-mon
702567,Chân Gà Nướng Hai Còi - Nguyễn Văn Thoại,"58 Nguyễn Văn Thoại, Quận Sơn Trà, Đà Nẵng",Quận Sơn Trà,Đà Nẵng,16.054248,108.239565,6.732,15,46,0,,,,Đang cập nhật,True,False,False,False,,Ăn vặt/vỉa hè,Món Bắc,https://down-vn.img.susercontent.com/vn-11134259-7r98o-lwf0etbc053v4b@resize_ss640x400,https://www.foody.vn/da-nang/chan-ga-nuong-hai-coi-nguyen-van-thoai,
8012,Bánh Canh Tơ - Lê Đình Dương,"140 Lê Đình Dương, P. Hải Châu 2, Quận Hải Châu, Đà Nẵng",Quận Hải Châu,Đà Nẵng,16.062396,108.217403,7.914,37,125,0,,,,Đang cập nhật,False,False,False,False,,Quán ăn,Món Miền Trung,https://down-vn.img.susercontent.com/vn-11134513-7r98o-lstq4m5e29w913@resize_ss640x400,https://www.foody.vn/da-nang/banh-canh-to,/da-nang/banh-canh-to/goi-mon
731320,Bánh Canh Cá Lóc A Hải,"109 Lê Đình Dương, Quận Hải Châu, Đà Nẵng",Quận Hải Châu,Đà Nẵng,16.061887,108.218449,7.6,1,6,0,,,,Đang cập nhật,True,False,False,False,,Quán ăn,Món Việt,https://down-vn.img.susercontent.com/vn-11134259-7r98o-lw9xeh2uiok9bb@resize_ss640x400,https://www.foody.vn/da-nang/banh-canh-ca-loc-a-hai,
1057299,Bếp Cô Cao - Đồ Ăn Hàn Việt,"K01/9 Phan Hành Sơn, P. Mỹ An, Quận Ngũ Hành Sơn, Đà Nẵng",Quận Ngũ Hành Sơn,Đà Nẵng,16.044858,108.239246,8.802,3,3,0,,,,Đang cập nhật,True,False,False,False,,Shop Online,Món Việt,https://down-vn.img.susercontent.com/vn-11134513-7ra0g-m7qdafl5fewj2e@resize_ss640x400,https://www.foody.vn/da-nang/bep-co-cao-do-an-han-viet,/da-nang/bep-co-cao-do-an-han-viet/goi-mon
169197,Mì Quảng Linh,"17 Nguyễn Lương Bằng, P. Hòa Khánh Bắc, Quận Liên Chiểu, Đà Nẵng",Quận Liên Chiểu,Đà Nẵng,16.072028678127,108.1500252708792,8.6,1,1,0,,,,Đang cập nhật,True,False,False,False,,Quán ăn,Món Quảng,https://down-vn.img.susercontent.com/vn-11134259-7r98o-lwi2ys70o9nd8f@resize_ss640x400,https://www.foody.vn/da-nang/mi-quang-linh,
794385,C'est La - Bánh Mì & Toast,"195A Trần Phú, Quận Hải Châu, Đà Nẵng",Quận Hải Châu,Đà Nẵng,16.065709,108.223711,8.398,3,13,0,,,,Đang cập nhật,True,False,False,False,,Tiệm bánh,Món Âu,https://down-vn.img.susercontent.com/vn-11134513-7r98o-lsu5nlodr8hwd7@resize_ss640x400,https://www.foody.vn/da-nang/c-est-la-banh-mi-toast,/da-nang/c-est-la-banh-mi-toast/goi-mon
1047396,Rau Má Pha Organic,"29 Sương Nguyệt Ánh, P. An Hải, Quận Sơn Trà, Đà Nẵng",Quận Sơn Trà,Đà Nẵng,16.0683529,108.2411075,8.8,3,4,0,,,,Đang cập nhật,True,False,False,False,,Ăn vặt/vỉa hè,Món Việt,https://down-vn.img.susercontent.com/vn-11134513-7ra0g-m7tqpplnbmlvd6@resize_ss640x400,https://www.foody.vn/da-nang/rau-ma-pha-organic,/da-nang/rau-ma-pha-organic/goi-mon
161082,Tàu Hủ Đá Chợ Mới,"589 Hoàng Diệu, P. Hòa Thuận Đông, Quận Hải Châu, Đà Nẵng",Quận Hải Châu,Đà Nẵng,16.050371,108.218202,6.98,10,23,0,,,,Đang cập nhật,True,False,False,False,,Ăn vặt/vỉa hè,,https://down-vn.img.susercontent.com/vn-11134513-7r98o-lstusdi4782h2d@resize_ss640x400,https://www.foody.vn/da-nang/tau-hu-da-cho-moi,/da-nang/tau-hu-da-cho-moi/goi-mon
875976,1970's Food & Beer,"108 - 110 Chính Hữu, P. An Hải Bắc, Quận Sơn Trà, Đà Nẵng",Quận Sơn Trà,Đà Nẵng,16.073401,108.239818,7.3,4,56,0,,,,Đang cập nhật,False,False,False,False,,Quán nhậu,Món Việt,https://down-vn.img.susercontent.com/vn-11134513-7r98o-lsu6k9j6zt7ded@resize_ss640x400,https://www.foody.vn/da-nang/1970-s-food-beer,/da-nang/1970-s-food-beer/goi-mon
996963,Tiệm Bánh Mì Trốp Bami - Loseby,"19 Loseby, Quận Sơn Trà, Đà Nẵng",Quận Sơn Trà,Đà Nẵng,16.0736957,108.240443,8.9,2,27,0,,,,0935828047,True,False,False,False,,Quán ăn,"Món Bắc,, Món Miền Trung,, Món Miền Nam,, Tây Nguyên",https://down-vn.img.susercontent.com/vn-11134513-7r98o-lsu9ac809b4p80@resize_ss640x400,https://www.foody.vn/da-nang/tiem-banh-mi-trop-bami-loseby,/da-nang/tiem-banh-mi-trop-bami-loseby/goi-mon
261621,Hủ Tiếu Bình Dân - Loseby,"14 Loseby, P. Phước Mỹ, Quận Sơn Trà, Đà Nẵng",Quận Sơn Trà,Đà Nẵng,16.073589,108.240535,7.9,2,13,0,,,,Đang cập nhật,False,False,False,False,,Ăn vặt/vỉa hè,Món Việt,https://down-vn.img.susercontent.com/vn-11134259-7r98o-lw9z43prt97d54@resize_ss640x400,https://www.foody.vn/da-nang/hu-tieu-binh-dan-loseby,
163705,Mì Quảng Túy Loan - Bà Tỉnh 2,"268 Tôn Đức Thắng, P. Hòa Minh, Quận Liên Chiểu, Đà Nẵng",Quận Liên Chiểu,Đà Nẵng,16.056411,108.168767,6.9,2,17,0,,,,Đang cập nhật,True,False,False,False,,Quán ăn,Món Quảng,https://down-vn.img.susercontent.com/vn-11134513-7r98o-lstuwgf57deh26@resize_ss640x400,https://www.foody.vn/da-nang/my-quang-tuy-loan-ba-tinh-2,/da-nang/my-quang-tuy-loan-ba-tinh-2/goi-mon
955023,"Highlands Coffee - Trà, Cà Phê & Bánh - VTV8","258 Bạch Đằng, P. Phước Ninh, Quận Hải Châu, Đà Nẵng",Quận Hải Châu,Đà Nẵng,16.061551,108.223953,7.41,23,85,0,,,,Đang cập nhật,True,False,False,False,,Café/Dessert,Món Việt,https://down-vn.img.susercontent.com/vn-11134513-81ztc-moj11w0wly4u37@resize_ss640x400,https://www.foody.vn/da-nang/highlands-coffee-tra-ca-phe-banh-vtv8,/da-nang/highlands-coffee-tra-ca-phe-banh-vtv8/goi-mon
1000053876,BÁCH NHẬT - Hủ Tiếu Chay Mỹ Tho - 381 Khúc Hạo,"381 Khúc Hạo, P. Nại Hiên Đông, Quận Sơn Trà, Đà Nẵng",Quận Sơn Trà,Đà Nẵng,16.0955592,108.229029,10.0,4,11,0,,,,Đang cập nhật,True,False,False,False,,Ăn chay,Món Miền Nam,https://down-vn.img.susercontent.com/vn-11134513-7r98o-lsvgdvict4n853@resize_ss640x400,https://www.foody.vn/da-nang/bach-nhat-hu-tieu-chay-my-tho-381-khuc-hao.6rvrlw,/da-nang/bach-nhat-hu-tieu-chay-my-tho-381-khuc-hao.6rvrlw/goi-mon
680295,Tiệm Bánh Thanh - Bánh Bông Lan Cam Bơ,"K25/5 Lý Thường Kiệt, P. Thạch Thang, Quận Hải Châu, Đà Nẵng",Quận Hải Châu,Đà Nẵng,16.079941,108.220871,7.268,6,23,0,,,,0919 644 625 - 0913 421 420,True,False,False,False,,"Tiệm bánh,, Shop Online",Món Việt,https://down-vn.img.susercontent.com/vn-11134513-820l4-me68optwghdt01@resize_ss640x400,https://www.foody.vn/da-nang/tiem-banh-thanh-banh-bong-lan-cam-bo,/da-nang/tiem-banh-thanh-banh-bong-lan-cam-bo/goi-mon
94566,Dì Huê - Bánh Canh & Bột Lọc Chiên,"K75/15 Hùng Vương, Quận Hải Châu, Đà Nẵng",Quận Hải Châu,Đà Nẵng,16.068375,108.219428,6.796,80,233,0,,,,Đang cập nhật,False,False,False,False,,Quán ăn,Món Quảng,https://down-vn.img.susercontent.com/vn-11134513-7r98o-lstsj45343b87e@resize_ss640x400,https://www.foody.vn/da-nang/quan-di-hue-banh-canh-bot-loc-chien,/da-nang/quan-di-hue-banh-canh-bot-loc-chien/goi-mon
644790,Tiệm Bánh Út Mô Tô,"77 Hoàng Diệu, Quận Hải Châu, Đà Nẵng",Quận Hải Châu,Đà Nẵng,16.0639020540183,108.2185077667236,7.534,6,26,0,,,,0913 417 024,True,False,False,False,,Tiệm bánh,Món Việt,https://down-vn.img.susercontent.com/vn-11134259-7r98o-lwh67blslsd539@resize_ss640x400,https://www.foody.vn/da-nang/tiem-banh-ut-mo-to,
159179,PapaSteak - 152 Phan Thanh,"152 Phan Thanh, Quận Thanh Khê, Đà Nẵng",Quận Thanh Khê,Đà Nẵng,16.060342,108.209363,7.624,278,1480,0,,,,0905 673 556 - 0941 356 868,True,False,False,False,,Nhà hàng,"Món Việt,, Món Âu",https://down-vn.img.susercontent.com/vn-11134513-7r98o-lstuq2dxtwuxd6@resize_ss640x400,https://www.foody.vn/da-nang/papasteak-152-phan-thanh,/da-nang/papasteak-152-phan-thanh/goi-mon
950350,Vo Nhu Ngoc - Chân Gà Sốt Thái - Núi Thành,"480 Núi Thành, P. Hòa Cường Nam, Quận Hải Châu, Đà Nẵng",Quận Hải Châu,Đà Nẵng,16.0353,108.222458,9.6,1,4,0,,,, 0901515558,True,False,False,False,,Shop Online,Món Việt,https://down-vn.img.susercontent.com/vn-11134513-7r98o-lytco2u0hsip03@resize_ss640x400,https://www.foody.vn/da-nang/vo-nhu-ngoc-chan-ga-sot-thai-nui-thanh,/da-nang/vo-nhu-ngoc-chan-ga-sot-thai-nui-thanh/goi-mon
1047682,Bún Đậu Mắm Tôm Gia Di - Đống Đa,"193 Đống Đa, Quận Thanh Khê, Đà Nẵng",Quận Thanh Khê,Đà Nẵng,16.076564,108.215958,8.35,4,11,0,,,,Đang cập nhật,True,False,False,False,,Quán ăn,Món Bắc,https://down-vn.img.susercontent.com/vn-11134259-7r98o-lwgiu0fi7u8p92@resize_ss640x400,https://www.foody.vn/da-nang/bun-dau-mam-tom-gia-di-dong-da,/da-nang/bun-dau-mam-tom-gia-di-dong-da/goi-mon
981341,Đặc Sản Vịt Quay Lá Móc Mật Đà Nẵng,"Lô 67 - 68 KDT Sinh Thái Hòa Xuân Giai Đoạn 2 (Đường Tôn Thất Dương Kỵ giao Vũ Xuân Thiều), Quận Cẩm Lệ, Đà Nẵng",Quận Cẩm Lệ,Đà Nẵng,16.01803,108.219947,9.25,4,0,0,,,,0898647686,False,False,False,False,,Quán ăn,Món Việt,https://down-vn.img.susercontent.com/vn-11134513-7r98o-lsu8y7yoo59508@resize_ss640x400,https://www.foody.vn/da-nang/dac-san-vit-quay-la-moc-mat-da-nang,/da-nang/dac-san-vit-quay-la-moc-mat-da-nang/goi-mon
945804,Bún Lòng Bò,"58 Hoàng Thế Thiện, Quận Cẩm Lệ, Đà Nẵng",Quận Cẩm Lệ,Đà Nẵng,16.020473,108.226001,6.33,3,18,0,,,,Đang cập nhật,False,False,False,False,,Quán ăn,Món Miền Trung,https://down-vn.img.susercontent.com/vn-11134513-7r98o-lsu86q478b0k85@resize_ss640x400,https://www.foody.vn/da-nang/bun-long-bo,/da-nang/bun-long-bo/goi-mon
69041,Hưng Phát - Hải Sản Tươi Sống,"91 Đường 3 Tháng 2, Quận Hải Châu, Đà Nẵng",Quận Hải Châu,Đà Nẵng,16.085431,108.219316,6.258,7,34,0,,,,0906 196 166 - 0913 494 692 - 0905 338 362,True,False,False,False,,Quán ăn,Món Quảng,https://down-vn.img.susercontent.com/vn-11134259-7r98o-lwbprohmbaahaa@resize_ss640x400,https://www.foody.vn/da-nang/hung-phat-hai-san-tuoi-song,
9265,Kiến Tửu Quán - Các Món Nhậu,"30 Nguyễn Hoàng, Quận Thanh Khê, Đà Nẵng",Quận Thanh Khê,Đà Nẵng,16.065011,108.214452,6.704,15,180,0,,,,(0236) 3 691 269 - (0236) 3 691 265,True,False,False,False,,Quán ăn,Món Việt,https://down-vn.img.susercontent.com/vn-11134259-7r98o-lwevt80hn9p727@resize_ss640x400,https://www.foody.vn/da-nang/kien-tuu-quan-cac-mon-nhau,
769017,Tự Do Quán - Hải Sản Biển & Các Món Nhậu Bình Dân,"147 - 151 Lê Đại Hành, P. Khuê Trung, Quận Cẩm Lệ, Đà Nẵng",Quận Cẩm Lệ,Đà Nẵng,16.022743,108.202527,5.084,7,58,0,,,,Đang cập nhật,True,False,False,False,,Quán nhậu,Món Việt,https://down-vn.img.susercontent.com/vn-11134513-7r98o-lsu4l7y7pgw4b7@resize_ss640x400,https://www.foody.vn/da-nang/tu-do-quan-hai-san-bien-cac-mon-nhau-binh-dan,/da-nang/tu-do-quan-hai-san-bien-cac-mon-nhau-binh-dan/goi-mon
172129,Thu Trang - Cháo Vịt & Tiết Canh,"25 Hoàng Văn Thái, Quận Liên Chiểu, Đà Nẵng",Quận Liên Chiểu,Đà Nẵng,16.0558923780185,108.1657939776778,4.9,2,6,0,,,,Đang cập nhật,False,False,False,False,,Quán nhậu,Món Miền Trung,https://down-vn.img.susercontent.com/vn-11134259-7r98o-lwalm267xwij13@resize_ss640x400,https://www.foody.vn/da-nang/thu-trang-chao-vit-tiet-canh,
757621,Bò Né 3 Ngon - Nguyễn Huy Tưởng,"19 Nguyễn Huy Tưởng, P. Hòa Minh, Quận Liên Chiểu, Đà Nẵng",Quận Liên Chiểu,Đà Nẵng,16.054956,108.169366,5.65,4,7,0,,,,Đang cập nhật,False,False,False,False,,Quán ăn,Món Việt,https://down-vn.img.susercontent.com/vn-11134513-7r98o-lsu43unir53t78@resize_ss640x400,https://www.foody.vn/da-nang/bo-ne-3-ngon-nguyen-huy-tuong,/da-nang/bo-ne-3-ngon-nguyen-huy-tuong/goi-mon
1071186,Bún Đậu Mắm Tôm - Nhà Híp,"Số 03 Đường Thanh Huy 1, P. Thanh Khê Đông, Quận Thanh Khê, Đà Nẵng",Quận Thanh Khê,Đà Nẵng,16.069307,108.18339,9.868,3,0,0,,,,Đang cập nhật,True,False,False,False,,Quán ăn,,https://down-vn.img.susercontent.com/vn-11134513-7r98o-lsv3n6c1uaahc0@resize_ss640x400,https://www.foody.vn/da-nang/bun-dau-mam-tom-nha-hip,/da-nang/bun-dau-mam-tom-nha-hip/goi-mon
982640,Bánh Mì Heo Quay Mỹ Hạnh,"116B Dũng Sĩ Thanh Khê, P. Thanh Khê Tây, Quận Thanh Khê, Đà Nẵng",Quận Thanh Khê,Đà Nẵng,16.0729842,108.1777055,6.68,5,10,0,,,,0901976485,True,False,False,False,,Ăn vặt/vỉa hè,Món Miền Trung,https://down-vn.img.susercontent.com/vn-11134513-7r98o-lsu8zch1e0uc8f@resize_ss640x400,https://www.foody.vn/da-nang/banh-mi-heo-quay-my-hanh,/da-nang/banh-mi-heo-quay-my-hanh/goi-mon
1025620,Chè Hoa Xù - Thanh Khê 6,"9 Thanh Khê 6, P. Thanh Khê Tây, Quận Thanh Khê, Đà Nẵng",Quận Thanh Khê,Đà Nẵng,16.0748499,108.1759033,9.9,2,45,0,,,,Đang cập nhật,True,False,False,False,,Ăn vặt/vỉa hè,Món Việt,https://down-vn.img.susercontent.com/vn-11134513-7r98o-lsua6rdaa3yxcb@resize_ss640x400,https://www.foody.vn/da-nang/che-hoa-xu-thanh-khe-6,/da-nang/che-hoa-xu-thanh-khe-6/goi-mon
188739,Xôi Bắp - Xôi Đậu,"117 Nguyễn Chí Thanh, Quận Hải Châu, Đà Nẵng",Quận Hải Châu,Đà Nẵng,16.072373,108.220923,7.466,3,9,0,,,,Đang cập nhật,False,False,False,False,,Ăn vặt/vỉa hè,Món Việt,https://down-vn.img.susercontent.com/vn-11134259-7r98o-lwbhqep7ms4940@resize_ss640x400,https://www.foody.vn/da-nang/xoi-bap-xoi-dau,
229497,Bánh Mì Thịt Nướng,"70A Triệu Nữ Vương, Quận Hải Châu, Đà Nẵng",Quận Hải Châu,Đà Nẵng,16.065564,108.2164,8.102,8,40,0,,,,Đang cập nhật,False,False,False,False,,Ăn vặt/vỉa hè,Món Việt,https://down-vn.img.susercontent.com/vn-11134259-7r98o-lwi388zdyzmjf7@resize_ss640x400,https://www.foody.vn/da-nang/banh-mi-thit-nuong,
782132,Bánh Mì Thịt Nướng Phước Nguyên,"Ngã 4 Triệu Nữ Vương - Nguyễn Trãi, P. Hải Châu 2, Quận Hải Châu, Đà Nẵng",Quận Hải Châu,Đà Nẵng,16.064853,108.216489,8.08,5,9,0,,,,Đang cập nhật,False,False,False,False,,Ăn vặt/vỉa hè,Món Việt,https://down-vn.img.susercontent.com/vn-11134513-7r98o-lsu562807dms0f@resize_ss640x400,https://www.foody.vn/da-nang/banh-mi-thit-nuong-phuoc-nguyen,/da-nang/banh-mi-thit-nuong-phuoc-nguyen/goi-mon
765671,Ba Hưng Bakery - Lê Duẩn,"404 Lê Duẩn, P. Tân Chính, Quận Thanh Khê, Đà Nẵng",Quận Thanh Khê,Đà Nẵng,16.067898,108.208184,6.894,13,29,0,,,,Đang cập nhật,True,False,False,False,,Tiệm bánh,Món Việt,https://down-vn.img.susercontent.com/vn-11134513-7r98o-lsu4g271jc1w63@resize_ss640x400,https://www.foody.vn/da-nang/ba-hung-bakery-le-duan,/da-nang/ba-hung-bakery-le-duan/goi-mon
1162184,Cơm Gà Nam Chợ Mới - Đống Đa,"175 Đống Đa, P. Thạch Thang, Quận Hải Châu, Đà Nẵng",Quận Hải Châu,Đà Nẵng,16.0778491,108.2166325,9.8,1,0,0,,,,Đang cập nhật,True,False,False,False,,Quán ăn,,https://down-vn.img.susercontent.com/vn-11134513-7r98o-lva6rookayxw24@resize_ss640x400,https://www.foody.vn/da-nang/com-ga-nam-cho-moi-dong-da,/da-nang/com-ga-nam-cho-moi-dong-da/goi-mon
1022563,Cô Minh - Sinh Tố Tô & Nước Ép Trái Cây,"300 Hải Phòng, P. Tân Chính, Quận Thanh Khê, Đà Nẵng",Quận Thanh Khê,Đà Nẵng,16.069372,108.204926,5.0,1,2,0,,,,Đang cập nhật,False,False,False,False,,Café/Dessert,Món Việt,https://down-vn.img.susercontent.com/vn-11134513-7r98o-lsua0q8a1cqsef@resize_ss640x400,https://www.foody.vn/da-nang/co-minh-sinh-to-to-nuoc-ep-trai-cay,/da-nang/co-minh-sinh-to-to-nuoc-ep-trai-cay/goi-mon
41170,Khu Ẩm Thực LOTTE Mart Đà Nẵng,"Tầng 2, LOTTE Mart, 6 Nại Nam, P. Hòa Cường Bắc, Quận Hải Châu, Đà Nẵng",Quận Hải Châu,Đà Nẵng,16.034776,108.22925,7.31,53,265,0,,,,(0236) 36 119 999,True,False,False,False,,Khu Ẩm Thực,Món Việt,https://down-vn.img.susercontent.com/vn-11134259-7r98o-lwfbpirxyj89d9@resize_ss640x400,https://www.foody.vn/da-nang/khu-am-thuc-lotte-mart-da-nang,
927429,Bún Đậu 68 - Dũng Sỹ Thanh Khê,"89 Dũng Sĩ Thanh Khê, P. Thanh Khê Tây, Quận Thanh Khê, Đà Nẵng",Quận Thanh Khê,Đà Nẵng,16.0738882,108.1770361,4.84,5,10,0,,,,Đang cập nhật,True,False,False,False,,Quán ăn,Món Việt,https://down-vn.img.susercontent.com/vn-11134513-7r98o-lsu7sg6l9rk4fd@resize_ss640x400,https://www.foody.vn/da-nang/bun-dau-68-dung-sy-thanh-khe,/da-nang/bun-dau-68-dung-sy-thanh-khe/goi-mon
254572,Bún Bà Tơ - Dũng Sĩ Thanh Khê,"114 Dũng Sĩ Thanh Khê, P. Thanh Khê Tây, Quận Thanh Khê, Đà Nẵng",Quận Thanh Khê,Đà Nẵng,16.073103,108.177845,4.0,4,8,0,,,,Đang cập nhật,True,False,False,False,,Quán ăn,Món Việt,https://down-vn.img.susercontent.com/vn-11134513-7r98o-lstxm5hoec2h0c@resize_ss640x400,https://www.foody.vn/da-nang/bun-ba-to,/da-nang/bun-ba-to/goi-mon
690761,Tasty U Too Coffee,"57 Bùi Thị Xuân, P. An Hải Tây, Quận Sơn Trà, Đà Nẵng",Quận Sơn Trà,Đà Nẵng,16.05279,108.235392,8.184,135,745,0,,,,Đang cập nhật,True,False,False,False,,Café/Dessert,Món Việt,https://down-vn.img.susercontent.com/vn-11134513-7r98o-lsu18id2y4d578@resize_ss640x400,https://www.foody.vn/da-nang/tasty-u-too-coffee,/da-nang/tasty-u-too-coffee/goi-mon
949325,Sữa Đậu Hà,"04 Tôn Thất Tùng, P. Vĩnh Trung, Quận Thanh Khê, Đà Nẵng",Quận Thanh Khê,Đà Nẵng,16.0581,108.212832,8.36,5,21,0,,,,Đang cập nhật,False,False,False,False,,Ăn vặt/vỉa hè,Món Việt,https://down-vn.img.susercontent.com/vn-11134513-7r98o-lsu89spje3lw76@resize_ss640x400,https://www.foody.vn/da-nang/sua-dau-ha,/da-nang/sua-dau-ha/goi-mon
964611,"Highlands Coffee - Trà, Cà Phê & Bánh - Nguyễn Văn Linh","338 Nguyễn Văn Linh, P. Thạc Gián, Quận Thanh Khê, Đà Nẵng",Quận Thanh Khê,Đà Nẵng,16.059011,108.206563,6.452,8,20,0,,,,Đang cập nhật,True,False,False,False,,Café/Dessert,Món Việt,https://down-vn.img.susercontent.com/vn-11134513-81ztc-moj11tvnsydq25@resize_ss640x400,https://www.foody.vn/da-nang/highlands-coffee-tra-ca-phe-banh-nguyen-van-linh,/da-nang/highlands-coffee-tra-ca-phe-banh-nguyen-van-linh/goi-mon
632860,Sơn Phen - Đặc Sản Gỏi Cá,"Nguyễn Tất Thành, Quận Liên Chiểu, Đà Nẵng",Quận Liên Chiểu,Đà Nẵng,16.0830334,108.1630916,9.2,1,8,0,,,,0988 158 579,False,False,False,False,,Quán nhậu,Món Việt,https://down-vn.img.susercontent.com/vn-11134513-7r98o-lstz2znwsqe1c3@resize_ss640x400,https://www.foody.vn/da-nang/son-phen-dac-san-goi-ca,/da-nang/son-phen-dac-san-goi-ca/goi-mon
682475,Chè Số 1,"334 Ông Ích Khiêm, P. Hải Châu 2, Quận Hải Châu, Đà Nẵng",Quận Hải Châu,Đà Nẵng,16.068175,108.213933,8.0,2,3,0,,,,Đang cập nhật,False,False,False,False,,Ăn vặt/vỉa hè,Món Việt,https://down-vn.img.susercontent.com/vn-11134513-7r98o-lsu0x1g772qhd1@resize_ss640x400,https://www.foody.vn/da-nang/che-so-1,/da-nang/che-so-1/goi-mon
287292,Bánh Tráng Tây Ninh Quỳnh Anh,"65 Thái Thị Bôi, P. Chính Gián, Quận Thanh Khê, Đà Nẵng",Quận Thanh Khê,Đà Nẵng,16.0683552,108.2002486,8.116,69,370,0,,,,0987 999 306,True,False,False,False,,Ăn vặt/vỉa hè,Món Miền Nam,https://down-vn.img.susercontent.com/vn-11134513-7r98o-lsty3o4xivfd52@resize_ss640x400,https://www.foody.vn/da-nang/banh-trang-tay-ninh-quynh-anh,/da-nang/banh-trang-tay-ninh-quynh-anh/goi-mon
204371,Cơm Chay Thiên Nhiên - Trần Tống,"49 Trần Tống, P. Thạc Gián, Quận Thanh Khê, Đà Nẵng",Quận Thanh Khê,Đà Nẵng,16.058452,108.209924,7.234,6,23,0,,,,Đang cập nhật,True,False,False,False,,Quán ăn,Món Việt,https://down-vn.img.susercontent.com/vn-11134513-7ras8-marpqj3lmqipb7@resize_ss640x400,https://www.foody.vn/da-nang/com-chay-thien-nhien-tran-tong,/da-nang/com-chay-thien-nhien-tran-tong/goi-mon
224777,Ốc Ngon Ninh Bình,"25 Lê Thanh Nghị, P. Hòa Cường Bắc, Quận Hải Châu, Đà Nẵng",Quận Hải Châu,Đà Nẵng,16.0435296,108.2175555,8.086,30,157,0,,,,Đang cập nhật,False,False,False,False,,Quán ăn,Món Việt,https://down-vn.img.susercontent.com/vn-11134513-7r98o-lstwwbbblk7t92@resize_ss640x400,https://www.foody.vn/da-nang/oc-ngon-ninh-binh,/da-nang/oc-ngon-ninh-binh/goi-mon
29957,Bánh Bao Chiên,"30 Núi Thành, P. Hòa Thuận Đông, Quận Hải Châu, Đà Nẵng",Quận Hải Châu,Đà Nẵng,16.050285,108.220733,5.926,8,21,0,,,,Đang cập nhật,True,False,False,False,,Ăn vặt/vỉa hè,Món Việt,https://down-vn.img.susercontent.com/vn-11134513-7r98o-lstr1swjonnocd@resize_ss640x400,https://www.foody.vn/da-nang/banh-bao-chien,/da-nang/banh-bao-chien/goi-mon
956804,Quán Nhậu Thu Thủy,"43 Đinh Núp, P. Thanh Khê Đông, Quận Thanh Khê, Đà Nẵng",Quận Thanh Khê,Đà Nẵng,16.061952,108.183608,8.574,7,32,0,,,,0946000162,False,False,False,False,,"Quán ăn,, Quán nhậu",Món Việt,https://down-vn.img.susercontent.com/vn-11134513-7r98o-lsu8fvdhd22sde@resize_ss640x400,https://www.foody.vn/da-nang/quan-nhau-thu-thuy,/da-nang/quan-nhau-thu-thuy/goi-mon
742259,Cơm Tấm Miền Tây - Phan Đăng Lưu,"216 Phan Đăng Lưu, P. Khuê Trung, Quận Cẩm Lệ, Đà Nẵng",Quận Cẩm Lệ,Đà Nẵng,16.036452,108.21186,6.6,1,3,0,,,,0976 999 465,True,False,False,False,,Quán ăn,Miền Tây,https://down-vn.img.susercontent.com/vn-11134513-7r98o-lsu3dz8rrc1w21@resize_ss640x400,https://www.foody.vn/da-nang/com-tam-mien-tay-phan-dang-luu,/da-nang/com-tam-mien-tay-phan-dang-luu/goi-mon
1139941,Nem Nướng Hai Thanh - Nguyễn Phước Lan,"20 Nguyễn Phước Lan, P. Hoà Xuân, Quận Cẩm Lệ, Đà Nẵng",Quận Cẩm Lệ,Đà Nẵng,16.022563,108.2248294,5.0,1,0,0,,,,Đang cập nhật,True,False,False,False,,Quán ăn,,https://down-vn.img.susercontent.com/vn-11134513-7r98o-lsv8qq7418ec7a@resize_ss640x400,https://www.foody.vn/da-nang/nem-nuong-hai-thanh-nguyen-phuoc-lan,/da-nang/nem-nuong-hai-thanh-nguyen-phuoc-lan/goi-mon
1000000199,Bếp Cuốn Nhà Rốt - Đồ Cuốn - Lê Hồng Phong,"91 Lê Hồng Phong, Quận Hải Châu, Đà Nẵng",Quận Hải Châu,Đà Nẵng,16.064112,108.218783,7.692,13,93,0,,,,Đang cập nhật,True,False,False,False,,Quán ăn,Món Việt,https://down-vn.img.susercontent.com/vn-11134513-7r98o-lsvdqpeqhq6c97@resize_ss640x400,https://www.foody.vn/da-nang/bep-cuon-nha-rot-do-cuon-le-hong-phong,/da-nang/bep-cuon-nha-rot-do-cuon-le-hong-phong/goi-mon
262843,Bún Thịt Nướng Bà Hòe,"167 Ông Ích Đường, Quận Cẩm Lệ, Đà Nẵng",Quận Cẩm Lệ,Đà Nẵng,16.015858,108.205179,7.1,2,11,0,,,,Đang cập nhật,False,False,False,False,,Quán ăn,Món Việt,https://down-vn.img.susercontent.com/vn-11134259-7r98o-lwbupvf6u40r26@resize_ss640x400,https://www.foody.vn/da-nang/bun-thit-nuong-ba-hoe,
898824,Bà Bảy - Cháo Gà & Cháo Vịt,"142 Lê Duẩn, Quận Hải Châu, Đà Nẵng",Quận Hải Châu,Đà Nẵng,16.070814,108.215101,8.4,2,30,0,,,,0905442827,False,False,False,False,,Quán ăn,Món Việt,https://down-vn.img.susercontent.com/vn-11134513-7r98o-lsu78k336xztba@resize_ss640x400,https://www.foody.vn/da-nang/ba-bay-chao-ga-chao-vit,/da-nang/ba-bay-chao-ga-chao-vit/goi-mon
1046225,Cherish Coffee & Desserts - 238 Kinh Dương Vương,"238 Kinh Dương Vương, P. Thanh Khê Tây, Quận Liên Chiểu, Đà Nẵng",Quận Liên Chiểu,Đà Nẵng,16.076625,108.166839,5.4,4,10,0,,,,Đang cập nhật,True,False,False,False,,Café/Dessert,Món Việt,https://down-vn.img.susercontent.com/vn-11134513-7r98o-lu6ecy3sodnj84@resize_ss640x400,https://www.foody.vn/da-nang/cherish-coffee-desserts-238-kinh-duong-vuong,/da-nang/cherish-coffee-desserts-238-kinh-duong-vuong/goi-mon
635202,An Thành Quán - Bánh Bèo - Nậm & Lọc,"51 Lê Độ, P. Chính Gián, Quận Thanh Khê, Đà Nẵng",Quận Thanh Khê,Đà Nẵng,16.0692955,108.2016918,7.774,31,68,0,,,,0912 984 455,True,False,False,False,,Quán ăn,Món Việt,https://down-vn.img.susercontent.com/vn-11134513-7r98o-lstz9cei2eo479@resize_ss640x400,https://www.foody.vn/da-nang/an-thanh-quan-banh-beo-nam-loc,/da-nang/an-thanh-quan-banh-beo-nam-loc/goi-mon
1249650,"Moon Food & Drink - Cà Phê Muối, Nước Ép Healthy & Chân Gà","K242/25 Nguyễn Công Trứ, P. An Hải Đông, Quận Sơn Trà, Đà Nẵng",Quận Sơn Trà,Đà Nẵng,16.0650157,108.2383389,10.0,1,0,0,,,,Đang cập nhật,True,False,False,False,,Café/Dessert,,https://down-vn.img.susercontent.com/vn-11134259-7ra0g-m9kzypgny35ube@resize_ss640x400,https://www.foody.vn/da-nang/moon-food-drink-ca-phe-muoi-nuoc-ep-healthy-chan-ga,/da-nang/moon-food-drink-ca-phe-muoi-nuoc-ep-healthy-chan-ga/goi-mon
102916,Đặc Sản Lươn Nghệ An,"22 Lương Đình Của, Quận Cẩm Lệ, Đà Nẵng",Quận Cẩm Lệ,Đà Nẵng,16.017317,108.208286,6.604,8,12,0,,,,Đang cập nhật,True,False,False,False,,Quán ăn,Món Quảng,https://down-vn.img.susercontent.com/vn-11134259-7r98o-lw9kho5754ux68@resize_ss640x400,https://www.foody.vn/da-nang/dac-san-luon-nghe-an,
155127,Ốp La Chín Đen,"45A Ngô Gia Tự, Quận Hải Châu, Đà Nẵng",Quận Hải Châu,Đà Nẵng,16.069677,108.217201,7.52,10,37,0,,,,Đang cập nhật,False,False,False,False,,Quán ăn,Món Việt,https://down-vn.img.susercontent.com/vn-11134259-7r98o-lwaibjmrjnq381@resize_ss640x400,https://www.foody.vn/da-nang/op-la-chin-den,
122008,Kem Baskin Robbins - Bạch Đằng,"74 Bạch Đằng, Quận Hải Châu, Đà Nẵng",Quận Hải Châu,Đà Nẵng,16.069924,108.224964,7.726,541,2576,0,,,,(0236) 384 983 -  0909 091 713,True,False,False,False,,Café/Dessert,Mỹ,https://down-vn.img.susercontent.com/vn-11134513-7r98o-lsttgffe3q2s48@resize_ss640x400,https://www.foody.vn/da-nang/kem-baskin-robbins-bach-dang,/da-nang/kem-baskin-robbins-bach-dang/goi-mon
993896,Cơm Tấm 1989,"345 Cách Mạng Tháng 8, P. Hòa Thọ Đông, Quận Cẩm Lệ, Đà Nẵng",Quận Cẩm Lệ,Đà Nẵng,16.016002,108.202408,6.468,3,41,0,,,,0905 45 46 97,True,False,False,False,,Quán ăn,Món Việt,https://down-vn.img.susercontent.com/vn-11134513-7r98o-lsu995ooi7x55b@resize_ss640x400,https://www.foody.vn/da-nang/com-tam-1989,/da-nang/com-tam-1989/goi-mon
920671,Little DaNang BBQ & PUB - Hệ Thống 4U For You,"Lô 1D Võ Nguyên Giáp, P. Phước Mỹ, Quận Sơn Trà, Đà Nẵng",Quận Sơn Trà,Đà Nẵng,16.087292,108.248698,5.72,5,81,0,,,, 090 551 06 68,True,False,False,False,,Nhà hàng,Món Việt,https://down-vn.img.susercontent.com/vn-11134513-7r98o-lsu7o6a6hhg951@resize_ss640x400,https://www.foody.vn/da-nang/little-danang-bbq-pub,/da-nang/little-danang-bbq-pub/goi-mon
109782,Cơm Cháy Chà Bông,"342 Phan Châu Trinh, Quận Hải Châu, Đà Nẵng",Quận Hải Châu,Đà Nẵng,16.056564,108.218744,7.6,12,64,0,,,,Đang cập nhật,True,False,False,False,,Ăn vặt/vỉa hè,Món Việt,https://down-vn.img.susercontent.com/vn-11134259-7r98o-lwgjbxwln5qz95@resize_ss640x400,https://www.foody.vn/da-nang/com-chay-cha-bong,
1000000112,Tiệm Bánh Bò Sữa - Bánh Mì Phô Mai Bơ Tỏi - Hải Phòng,"322/3 Hải Phòng, P. Chính Gián, Quận Thanh Khê, Đà Nẵng",Quận Thanh Khê,Đà Nẵng,16.0687914,108.2046243,8.09,18,30,0,,,,Đang cập nhật,True,False,False,False,,Shop Online,Món Hàn,https://down-vn.img.susercontent.com/vn-11134513-7r98o-lsvdp2dmvjyc9f@resize_ss640x400,https://www.foody.vn/da-nang/tiem-banh-bo-sua-banh-mi-pho-mai-bo-toi-hai-phong,/da-nang/tiem-banh-bo-sua-banh-mi-pho-mai-bo-toi-hai-phong/goi-mon
1050890,Bánh Canh Cá Nục Vy,"3 Châu Thị Vĩnh Tế, Quận Ngũ Hành Sơn, Đà Nẵng",Quận Ngũ Hành Sơn,Đà Nẵng,16.0539416,108.2392842,5.0,1,0,0,,,,Đang cập nhật,True,False,False,False,,Quán ăn,Món Việt,https://down-vn.img.susercontent.com/vn-11134513-7r98o-lsv1vp440uys5d@resize_ss640x400,https://www.foody.vn/da-nang/banh-canh-ca-nuc-vy,/da-nang/banh-canh-ca-nuc-vy/goi-mon
960928,Trà sữa Cloudy - 186 Phan Đăng Lưu,"186 Phan Đăng Lưu, P. Hoà Cường Bắc, Quận Hải Châu, Đà Nẵng",Quận Hải Châu,Đà Nẵng,16.0361751,108.2144408,7.43,101,122,0,,,,093 4878510,True,False,False,False,,Café/Dessert,Món Việt,https://down-vn.img.susercontent.com/vn-11134513-7r98o-lsu8hw8cqsw489@resize_ss640x400,https://www.foody.vn/da-nang/tra-sua-cloudy-186-phan-dang-luu,/da-nang/tra-sua-cloudy-186-phan-dang-luu/goi-mon
784915,Bé Thơm - Bún - Cháo & Mì Quảng,"27 Nguyễn Văn Thoại, Quận Sơn Trà, Đà Nẵng",Quận Sơn Trà,Đà Nẵng,16.053649,108.237315,5.0,2,1,0,,,,090593738,False,False,False,False,,Quán ăn,Món Việt,https://down-vn.img.susercontent.com/vn-11134259-7r98o-lw9k3o5snsuzf7@resize_ss640x400,https://www.foody.vn/da-nang/be-thom-bun-chao-mi-quang,
766955,Quán Chờ - Bánh Mì Quốc Danh Lò Đất,"85 Nguyễn Văn Thoại, Quận Sơn Trà, Đà Nẵng",Quận Sơn Trà,Đà Nẵng,16.0542517,108.2389143,8.5,2,6,0,,,,0905366537,True,False,False,False,,Ăn vặt/vỉa hè,Món Việt,https://down-vn.img.susercontent.com/vn-11134513-7r98o-lsu4hutuybic01@resize_ss640x400,https://www.foody.vn/da-nang/quan-cho-banh-mi-quoc-danh-lo-dat,/da-nang/quan-cho-banh-mi-quoc-danh-lo-dat/goi-mon
1074228,Cơm Gà Bà Tần,"520-522 Lê Văn Hiến, P. Hòa Hải, Quận Ngũ Hành Sơn, Đà Nẵng",Quận Ngũ Hành Sơn,Đà Nẵng,16.0130009,108.2554254,10.0,1,0,0,,,,Đang cập nhật,True,False,False,False,,Quán ăn,,https://down-vn.img.susercontent.com/vn-11134513-81ztc-mo2jzeun6mtc09@resize_ss640x400,https://www.foody.vn/da-nang/com-ga-ba-tan,/da-nang/com-ga-ba-tan/goi-mon
235763,Phở Hà Nội - Nguyễn Chí Thanh,"177 Nguyễn Chí Thanh, P. Hải Châu 1, Quận Hải Châu, Đà Nẵng",Quận Hải Châu,Đà Nẵng,16.071212,108.221102,7.712,7,31,0,,,,Đang cập nhật,True,False,False,False,,Quán ăn,Hà Nội,https://down-vn.img.susercontent.com/vn-11134513-7r98o-lstx8dntzf6h2b@resize_ss640x400,https://www.foody.vn/da-nang/pho-ha-noi-nguyen-chi-thanh,/da-nang/pho-ha-noi-nguyen-chi-thanh/goi-mon
690970,H Coffee - The Coffee Art,"3 An Thượng 35, P. Mỹ An, Quận Ngũ Hành Sơn, Đà Nẵng",Quận Ngũ Hành Sơn,Đà Nẵng,16.0530917,108.2441253,9.2,2,30,0,,,,Đang cập nhật,True,False,False,False,,Café/Dessert,Món Việt,https://down-vn.img.susercontent.com/vn-11134513-7r98o-lsu196dxsiah81@resize_ss640x400,https://www.foody.vn/da-nang/h-coffee-the-coffee-art,/da-nang/h-coffee-the-coffee-art/goi-mon
736407,Ô Cửa Xanh Cafe,"4C Mỹ Đa Đông 8 (K77 Bà Huyện Thanh Quan), P. Mỹ An, Quận Ngũ Hành Sơn, Đà Nẵng",Quận Ngũ Hành Sơn,Đà Nẵng,16.043726,108.243112,7.126,16,84,0,,,,Đang cập nhật,True,False,False,False,,Café/Dessert,Món Việt,https://down-vn.img.susercontent.com/vn-11134513-7r98o-lsu37ihwcsskd6@resize_ss640x400,https://www.foody.vn/da-nang/o-cua-xanh-cafe,/da-nang/o-cua-xanh-cafe/goi-mon
928606,Kebab Ngon,"21 An Thượng 26, P. Mỹ An, Quận Ngũ Hành Sơn, Đà Nẵng",Quận Ngũ Hành Sơn,Đà Nẵng,16.055192,108.2448053,8.9,2,31,0,,,,0799389646,True,False,False,False,,Quán ăn,Món Việt,https://down-vn.img.susercontent.com/vn-11134513-7r98o-lsu7u5th2p50f2@resize_ss640x400,https://www.foody.vn/da-nang/kebab-ngon,/da-nang/kebab-ngon/goi-mon
1000043916,Bún Bích Loan - Bún - Phạm Như Xương,"46 Phạm Như Xương, P. Hòa Khánh Nam, Quận Liên Chiểu, Đà Nẵng",Quận Liên Chiểu,Đà Nẵng,16.0633045,108.1557567,1.0,2,3,0,,,,Đang cập nhật,True,False,False,False,,Quán ăn,Món Việt,https://down-vn.img.susercontent.com/vn-11134513-7r98o-lsvfeueiab2xa0@resize_ss640x400,https://www.foody.vn/da-nang/bun-bich-loan-bun-pham-nhu-xuong.fpcxcs,/da-nang/bun-bich-loan-bun-pham-nhu-xuong.fpcxcs/goi-mon
73366,Bánh Canh Cá Lóc Bà Cầm - Tôn Đức Thắng,"643 Tôn Đức Thắng, P. Hoà Khánh Nam, Quận Liên Chiểu, Đà Nẵng",Quận Liên Chiểu,Đà Nẵng,16.068481,108.151737,7.9,4,15,0,,,,Đang cập nhật,True,False,False,False,,Quán ăn,Món Việt,https://down-vn.img.susercontent.com/vn-11134513-7r98o-lsts3e9381j891@resize_ss640x400,https://www.foody.vn/da-nang/banh-canh-ca-loc-ba-cam-ton-duc-thang,/da-nang/banh-canh-ca-loc-ba-cam-ton-duc-thang/goi-mon
157921,Bánh Canh Bé Ni - Bánh Canh - Nguyễn Xí,"104 Nguyễn Xí, P. Hòa Minh, Quận Liên Chiểu, Đà Nẵng",Quận Liên Chiểu,Đà Nẵng,16.071555,108.1697705,7.4,1,2,0,,,,Đang cập nhật,True,False,False,False,,Quán ăn,Món Miền Trung,https://down-vn.img.susercontent.com/vn-11134513-7r98o-lstupbf3amqh1d@resize_ss640x400,https://www.foody.vn/da-nang/banh-canh-be-ni-nguyen-xi,/da-nang/banh-canh-be-ni-nguyen-xi/goi-mon
935796,Bánh Canh Bà Bé Chợ Cồn - Hùng Vương,"Bên cạnh số 288 Hùng Vương (Cổng Chợ Cồn Hùng Vương), P. Hải Châu 2, Quận Hải Châu, Đà Nẵng",Quận Hải Châu,Đà Nẵng,16.0675451,108.2149565,4.8,4,21,0,,,,0906576363 - 0905706605,False,False,False,False,,Quán ăn,Món Miền Trung,https://down-vn.img.susercontent.com/vn-11134513-7r98o-lsu7zfp37lp558@resize_ss640x400,https://www.foody.vn/da-nang/banh-canh-ba-be-cho-con-hung-vuong,/da-nang/banh-canh-ba-be-cho-con-hung-vuong/goi-mon
292297,Cô Chinh - Bánh Canh,"K97/49 Nguyễn Lương Bằng, P. Hòa Khánh Bắc, Quận Liên Chiểu, Đà Nẵng",Quận Liên Chiểu,Đà Nẵng,16.0738525,108.1467624,9.2,1,0,0,,,,Đang cập nhật,True,False,False,False,,Quán ăn,Món Việt,https://down-vn.img.susercontent.com/vn-11134513-7r98o-lsty6o3nj4ih0d@resize_ss640x400,https://www.foody.vn/da-nang/co-chinh-banh-canh,/da-nang/co-chinh-banh-canh/goi-mon
683048,Hannah Pub & Restaurant,"14 An Thượng 6, P. Mỹ An, Quận Ngũ Hành Sơn, Đà Nẵng",Quận Ngũ Hành Sơn,Đà Nẵng,16.0472625,108.2453424,7.132,3,31,0,,,,Đang cập nhật,True,False,False,False,,Nhà hàng,"Món Âu,, Châu Mỹ",https://down-vn.img.susercontent.com/vn-11134513-7r98o-lsu0yw8zfyqh5f@resize_ss640x400,https://www.foody.vn/da-nang/hannah-pub-restaurant,/da-nang/hannah-pub-restaurant/goi-mon
748215,Tasty Pizza & Burger - Ngũ Hành Sơn,"99 Ngũ Hành Sơn, P. Mỹ An, Quận Ngũ Hành Sơn, Đà Nẵng",Quận Ngũ Hành Sơn,Đà Nẵng,16.043686,108.240526,7.436,43,127,0,,,,0931 908 041 ,True,False,False,False,,Quán ăn,Ý,https://down-vn.img.susercontent.com/vn-11134513-7r98o-lsu3niyas68pcb@resize_ss640x400,https://www.foody.vn/da-nang/taste-pizza-burger,/da-nang/taste-pizza-burger/goi-mon
197642,Yên Garden Cafe,"4 Nguyễn Huy Tưởng, Quận Liên Chiểu, Đà Nẵng",Quận Liên Chiểu,Đà Nẵng,16.0560441,108.1689993,6.934,65,623,0,,,,0945 313 295 - 0932 888 777,True,False,False,False,,Café/Dessert,Món Việt,https://down-vn.img.susercontent.com/vn-11134513-7r98o-lstvzwgl5bx591@resize_ss640x400,https://www.foody.vn/da-nang/the-suburbs-cafe,/da-nang/the-suburbs-cafe/goi-mon
1000012391,Phở Mụ Chi - Phở Lẩu Sâm Tiến Vua Đà Thành,"38 Trần Quang Diệu, P. An Hải Tây, Quận Sơn Trà, Đà Nẵng",Quận Sơn Trà,Đà Nẵng,16.0546733,108.2355856,5.0,1,3,0,,,,Đang cập nhật,True,False,False,False,,Quán ăn,Món Miền Trung,https://down-vn.img.susercontent.com/vn-11134513-7r98o-lsvdxngt2kd5f6@resize_ss640x400,https://www.foody.vn/da-nang/pho-mu-chi-pho-lau-sam-tien-vua-da-thanh,/da-nang/pho-mu-chi-pho-lau-sam-tien-vua-da-thanh/goi-mon
123932,Quán Lá - Nhậu Bình Dân,"27 Nguyễn Đôn Tiết, P. Thuận Phước, Quận Hải Châu, Đà Nẵng",Quận Hải Châu,Đà Nẵng,16.080018,108.216763,7.49,20,132,0,,,,Đang cập nhật,False,False,False,False,,Quán ăn,Món Miền Trung,https://down-vn.img.susercontent.com/vn-11134513-7r98o-lsttha4t62tgd0@resize_ss640x400,https://www.foody.vn/da-nang/quan-la-nhau-binh-dan,/da-nang/quan-la-nhau-binh-dan/goi-mon
1000042375,Cà Phê Muối - 43 Mét Vuông,"727 Trần Cao Vân, P. Thanh Khê Đông, Quận Thanh Khê, Đà Nẵng",Quận Thanh Khê,Đà Nẵng,16.0685307,108.1834143,9.85,4,49,0,,,,Đang cập nhật,True,False,False,False,,Café/Dessert,"Món Bắc,, Món Miền Trung,, Món Miền Nam",https://down-vn.img.susercontent.com/vn-11134513-7r98o-lsvfi9j03vyxee@resize_ss640x400,https://www.foody.vn/da-nang/ca-phe-muoi-43-met-vuong.5rgnfi,/da-nang/ca-phe-muoi-43-met-vuong.5rgnfi/goi-mon
108949,Cơm Gà 3 Lu,"105 Đặng Dung, P. Hòa Khánh Nam, Quận Liên Chiểu, Đà Nẵng",Quận Liên Chiểu,Đà Nẵng,16.068407,108.151258,7.47,34,94,0,,,,0905 420 766,True,False,False,False,,Quán ăn,Món Quảng,https://down-vn.img.susercontent.com/vn-11134513-7r98o-lstsye2gd1hg52@resize_ss640x400,https://www.foody.vn/da-nang/com-ga-3-lu,/da-nang/com-ga-3-lu/goi-mon
226606,Cơm Tấm 313 - Hoàng Diệu,"K305/09 Hoàng Diệu, Quận Hải Châu, Đà Nẵng",Quận Hải Châu,Đà Nẵng,16.0567,108.2173,8.548,15,35,0,,,,Đang cập nhật,True,False,False,False,,Quán ăn,Món Việt,https://down-vn.img.susercontent.com/vn-11134513-7ras8-m1h6dewok2in54@resize_ss640x400,https://www.foody.vn/da-nang/com-tam-313,/da-nang/com-tam-313/goi-mon
212784,Chè Huế - Phan Tứ,"10 Phan Tứ, Quận Ngũ Hành Sơn, Đà Nẵng",Quận Ngũ Hành Sơn,Đà Nẵng,16.045321,108.241872,7.8,2,15,0,,,,Đang cập nhật,False,False,False,False,,Ăn vặt/vỉa hè,Món Việt,https://down-vn.img.susercontent.com/vn-11134259-7r98o-lw7k68spwst54d@resize_ss640x400,https://www.foody.vn/da-nang/che-hue-phan-tu,
167184,Mì Quảng Thu Bồn,"51 Nguyễn Đức Trung, P. Hòa Khê, Quận Thanh Khê, Đà Nẵng",Quận Thanh Khê,Đà Nẵng,16.070006,108.187494,8.5,2,17,0,,,,0905 703 330,True,False,False,False,,Quán ăn,Món Quảng,https://down-vn.img.susercontent.com/vn-11134513-7r98o-lstuzfug01qc7b@resize_ss640x400,https://www.foody.vn/da-nang/mi-quang-thu-bon,/da-nang/mi-quang-thu-bon/goi-mon
77994,Quán Minh - Mì Hoành Thánh,"62 Phạm Hồng Thái, P. Hải Châu 1, Quận Hải Châu, Đà Nẵng",Quận Hải Châu,Đà Nẵng,16.067462,108.220634,7.55,4,25,0,,,,Đang cập nhật,False,False,False,False,,Quán ăn,Món Việt,https://down-vn.img.susercontent.com/vn-11134513-7r98o-lsts4x073kck28@resize_ss640x400,https://www.foody.vn/da-nang/quan-minh-mi-hoanh-thanh,/da-nang/quan-minh-mi-hoanh-thanh/goi-mon
243648,Home Made - Shop Online,"112/41 Trần Cao Vân, Quận Thanh Khê, Đà Nẵng",Quận Thanh Khê,Đà Nẵng,16.074091,108.208698,6.948,23,58,0,,,,Đang cập nhật,False,False,False,False,,Shop Online,Món Việt,https://down-vn.img.susercontent.com/vn-11134513-7r98o-lstxed5qmnx5d3@resize_ss640x400,https://www.foody.vn/da-nang/home-made-shop-online,/da-nang/home-made-shop-online/goi-mon
1001288,Được Chợ Hàn - Nem Lụi & Bò Lá Lốt,"46 Nguyễn Thái Học, P. Hải Châu 1, Quận Hải Châu, Đà Nẵng",Quận Hải Châu,Đà Nẵng,16.068263,108.223372,8.2,6,33,0,,,,0905996804,False,False,False,False,,Quán ăn,Món Việt,https://down-vn.img.susercontent.com/vn-11134513-7ra0g-m7tloz56qgxf6d@resize_ss640x400,https://www.foody.vn/da-nang/duoc-cho-han-nem-lui-bo-la-lot,/da-nang/duoc-cho-han-nem-lui-bo-la-lot/goi-mon
1018014,Tâm Chợ Hàn - Nem Lụi & Bò Lá Lốt - Đỗ Quang,"K29/11A Đỗ Quang, P. Vĩnh Trung, Quận Thanh Khê, Đà Nẵng",Quận Thanh Khê,Đà Nẵng,16.0620057,108.2117635,10.0,1,2,0,,,,"0905 696 695, 0905300841",True,False,False,False,,Quán ăn,Món Miền Trung,https://down-vn.img.susercontent.com/vn-11134513-7r98o-lsu9srdvss789e@resize_ss640x400,https://www.foody.vn/da-nang/tam-cho-han-nem-lui-bo-la-lot-do-quang,/da-nang/tam-cho-han-nem-lui-bo-la-lot-do-quang/goi-mon
285034,Đừng Về - Cháo Lòng & Xương Má Hàm,"202 Nguyễn Hữu Thọ, Quận Hải Châu, Đà Nẵng",Quận Hải Châu,Đà Nẵng,16.0437048735168,108.2100242748856,8.0,1,1,0,,,,0935 745 515,False,False,False,False,,"Quán ăn,, Quán nhậu",Món Việt,https://down-vn.img.susercontent.com/vn-11134259-7r98o-lwayuztk8nvdcb@resize_ss640x400,https://www.foody.vn/da-nang/dung-ve-chao-long-xuong-ma-ham,
706443,IE Health Life - Điểm Tâm Sáng,"190 Điện Biên Phủ, Quận Thanh Khê, Đà Nẵng",Quận Thanh Khê,Đà Nẵng,16.0657761,108.1974797,8.622,9,97,0,,,,Đang cập nhật,True,False,False,False,,Café/Dessert,Món Việt,https://down-vn.img.susercontent.com/vn-11134513-7r98o-lsu1w4j2ty9w2b@resize_ss640x400,https://www.foody.vn/da-nang/ie-health-life-diem-tam-sang,/da-nang/ie-health-life-diem-tam-sang/goi-mon
958070,Ăn Chuẩn Healthy Food,"285/8 Lê Duẩn, P. Tân Chính, Quận Thanh Khê, Đà Nẵng",Quận Thanh Khê,Đà Nẵng,16.0694563,108.2107343,4.2,10,20,0,,,,Đang cập nhật,True,False,False,False,,Quán ăn,Món Việt,https://down-vn.img.susercontent.com/vn-11134513-7r98o-lsu8h4i1bpvobf@resize_ss640x400,https://www.foody.vn/da-nang/an-chuan-healthy-food,/da-nang/an-chuan-healthy-food/goi-mon
949539,Giả Cầy Chị Bé,"Ngã 3 Nguyễn Hoàng Giao Với Ông Ích Khiêm, P. Hải Châu 2, Quận Hải Châu, Đà Nẵng",Quận Hải Châu,Đà Nẵng,16.065405,108.214601,7.4,1,6,0,,,,0838787323,False,False,False,False,,Ăn vặt/vỉa hè,Món Miền Trung,https://down-vn.img.susercontent.com/vn-11134513-7r98o-lsu8ak7t3jyc4c@resize_ss640x400,https://www.foody.vn/da-nang/gia-cay-chi-be,/da-nang/gia-cay-chi-be/goi-mon
1000000386,Quán Chay Hạnh Vegan - Hải Hồ,"33/03 Hải Hồ, Quận Hải Châu, Đà Nẵng",Quận Hải Châu,Đà Nẵng,16.078991,108.214474,8.88,5,4,0,,,,Đang cập nhật,True,False,False,False,,Ăn chay,"Món Việt,, Món Á,, Đặc biệt",https://down-vn.img.susercontent.com/vn-11134513-7r98o-lsvdsyolk2x0c7@resize_ss640x400,https://www.foody.vn/da-nang/quan-chay-hanh-vegan-hai-ho,/da-nang/quan-chay-hanh-vegan-hai-ho/goi-mon
740192,Pizza Pasta - 178 Bạch Đằng (Remove),"Tầng 2, 178 Bạch Đằng, Quận Hải Châu, Đà Nẵng",Quận Hải Châu,Đà Nẵng,16.066296,108.224584,5.82,23,42,0,,,,Đang cập nhật,True,False,False,False,,Quán ăn,Ý,https://down-vn.img.susercontent.com/vn-11134513-7r98o-lsu3a0ra9ps4e0@resize_ss640x400,https://www.foody.vn/da-nang/pizza-pasta-178-bach-dang,/da-nang/pizza-pasta-178-bach-dang/goi-mon
1109357,Bánh Tráng Kẹp Nướng Cô Vân - Trưng Nữ Vương,"K25/H18A/8B Trưng Nữ Vương, P. Bình Hiên, Quận Hải Châu, Đà Nẵng",Quận Hải Châu,Đà Nẵng,16.0596054,108.2221267,10.0,1,5,0,,,,Đang cập nhật,False,False,False,False,,Quán ăn,,https://down-vn.img.susercontent.com/vn-11134513-7r98o-lsv6o5ngjijdf3@resize_ss640x400,https://www.foody.vn/da-nang/banh-trang-kep-nuong-co-van-trung-nu-vuong,/da-nang/banh-trang-kep-nuong-co-van-trung-nu-vuong/goi-mon
763940,Vườn Gà Quán - Gà Bó Xôi (Remove),"Lô 1264 Xô Viết Nghệ Tĩnh, Quận Hải Châu, Đà Nẵng",Quận Hải Châu,Đà Nẵng,16.032251,108.216374,8.132,3,8,0,,,,Đang cập nhật,True,False,False,False,,Quán ăn,Món Việt,https://down-vn.img.susercontent.com/vn-11134513-7r98o-lsu4e2xbty2s71@resize_ss640x400,https://www.foody.vn/da-nang/vuon-ga-quan-ga-bo-xoi,/da-nang/vuon-ga-quan-ga-bo-xoi/goi-mon
970541,Cơm Bún Đồng Giá 25K Hợi Hợi,"87A Tôn Quang Phiệt, P. An Hải Bắc, Quận Sơn Trà, Đà Nẵng",Quận Sơn Trà,Đà Nẵng,16.086062,108.23792,4.534,3,4,0,,,,0907926835,True,False,False,False,,Quán ăn,Món Việt,https://down-vn.img.susercontent.com/vn-11134513-7r98o-lsu8nzqtihzt0a@resize_ss640x400,https://www.foody.vn/da-nang/com-ga-bun-long-com-tam-hoi-hoi,/da-nang/com-ga-bun-long-com-tam-hoi-hoi/goi-mon
956334,Nu Đồ Kitchen,"K11/1 Lưu Quang Thuận, P. Mỹ An, Quận Ngũ Hành Sơn, Đà Nẵng",Quận Ngũ Hành Sơn,Đà Nẵng,16.0413,108.245035,7.3,2,1,0,,,,Đang cập nhật,True,False,False,False,,Quán ăn,Món Miền Trung,https://down-vn.img.susercontent.com/vn-11134513-7r98o-lsu8fsdjr078ae@resize_ss640x400,https://www.foody.vn/da-nang/nu-do-kitchen,/da-nang/nu-do-kitchen/goi-mon
231801,Canadian Lobster Restaurant,"380 Võ Nguyên Giáp, Quận Ngũ Hành Sơn, Đà Nẵng",Quận Ngũ Hành Sơn,Đà Nẵng,16.043566,108.247928,7.9,6,73,0,,,,Đang cập nhật,True,False,False,False,,Nhà hàng,Món Hàn,https://down-vn.img.susercontent.com/vn-11134513-7r98o-lstx57sapeop5e@resize_ss640x400,https://www.foody.vn/da-nang/canadian-lobster-restaurant,/da-nang/canadian-lobster-restaurant/goi-mon
235787,Draft Beer Premier Village,"99 Võ Nguyên Giáp, P. Mỹ An, Quận Ngũ Hành Sơn, Đà Nẵng",Quận Ngũ Hành Sơn,Đà Nẵng,16.044009,108.248004,7.562,11,103,0,,,,Đang cập nhật,False,False,False,False,,Beer club,Món Việt,https://down-vn.img.susercontent.com/vn-11134513-7r98o-lstx7kngfqo487@resize_ss640x400,https://www.foody.vn/da-nang/draft-beer-premier-village,/da-nang/draft-beer-premier-village/goi-mon
783545,Thời Cổ Restaurant,"354/1 Võ Nguyên Giáp, P. Mỹ An, Quận Ngũ Hành Sơn, Đà Nẵng",Quận Ngũ Hành Sơn,Đà Nẵng,16.043943,108.24779,8.644,41,109,0,,,,Đang cập nhật,True,False,False,False,,Nhà hàng,Món Việt,https://down-vn.img.susercontent.com/vn-11134513-7r98o-lsu594ecjnb8bf@resize_ss640x400,https://www.foody.vn/da-nang/thoi-co-restaurant,/da-nang/thoi-co-restaurant/goi-mon
753408,Taco Ngon - Homemade Tortillas & Fresh Sauces,"83 Hoàng Kế Viêm, P. Bắc Mỹ Phú, Quận Ngũ Hành Sơn, Đà Nẵng",Quận Ngũ Hành Sơn,Đà Nẵng,16.0491329,108.2441683,7.8,2,7,0,,,,Đang cập nhật,True,False,False,False,,Ăn vặt/vỉa hè,Mexico,https://down-vn.img.susercontent.com/vn-11134513-7r98o-lsu3x0pco59547@resize_ss640x400,https://www.foody.vn/da-nang/taco-ngon-homemade-tortillas-fresh-sauces,/da-nang/taco-ngon-homemade-tortillas-fresh-sauces/goi-mon
254300,Biển Xưa - Hải Sản Tươi Sống Tự Chọn,"Lô A3 - A4 Võ Nguyên Giáp, Quận Sơn Trà, Đà Nẵng",Quận Sơn Trà,Đà Nẵng,16.0729292,108.2451168,7.0,2,29,0,,,,0934 741 214 - 0935 700 896 ,True,False,False,False,,Nhà hàng,"Món Việt,, Món Trung Hoa,, Món Nhật",https://down-vn.img.susercontent.com/vn-11134513-7r98o-lstxmsa51oskd3@resize_ss640x400,https://www.foody.vn/da-nang/bien-xua-hai-san-tuoi-song-tu-chon,/da-nang/bien-xua-hai-san-tuoi-song-tu-chon/goi-mon
272222,Kim Dy Restaurant - Cơm & Mì & Phở,"182 Trần Phú, P. Hải Châu 1, Quận Hải Châu, Đà Nẵng",Quận Hải Châu,Đà Nẵng,16.066376,108.223714,7.134,3,62,0,,,,(0236) 3 816 099 - 0905 428 476,True,False,False,False,,Nhà hàng,Món Trung Hoa,https://down-vn.img.susercontent.com/vn-11134513-7r98o-lstxv21fbb9g20@resize_ss640x400,https://www.foody.vn/da-nang/kim-dy-restaurant-com-mi-pho,/da-nang/kim-dy-restaurant-com-mi-pho/goi-mon
211526,Cháo Chờ Bà Thắng,"28 Ngô Xuân Thu, Quận Liên Chiểu, Đà Nẵng",Quận Liên Chiểu,Đà Nẵng,16.12203,108.118241,7.858,14,95,0,,,,Đang cập nhật,False,False,False,False,,Ăn vặt/vỉa hè,Món Việt,https://down-vn.img.susercontent.com/vn-11134259-7r98o-lwaf7n98jpax8f@resize_ss640x400,https://www.foody.vn/da-nang/chao-cho-ba-thang,
936628,Sữa Đậu Chị Thảo,"271 Trưng Nữ Vương, P. Hòa Thuận Đông, Quận Hải Châu, Đà Nẵng",Quận Hải Châu,Đà Nẵng,16.052834,108.218064,8.264,3,10,0,,,,Đang cập nhật,False,False,False,False,,Ăn vặt/vỉa hè,Món Miền Trung,https://down-vn.img.susercontent.com/vn-11134513-7r98o-lsu7z4m3fhcp3f@resize_ss640x400,https://www.foody.vn/da-nang/sua-dau-chi-thao,/da-nang/sua-dau-chi-thao/goi-mon
1055034,Trà Chanh & Ăn Vặt Đà Nẵng,"408 Lê Văn Hiến, P. Khuê Mỹ, Quận Ngũ Hành Sơn, Đà Nẵng",Quận Ngũ Hành Sơn,Đà Nẵng,16.021175,108.251633,9.9,4,11,0,,,,Đang cập nhật,True,False,False,False,,Café/Dessert,Món Việt,https://down-vn.img.susercontent.com/vn-11134513-7r98o-lsv25m35mwuc63@resize_ss640x400,https://www.foody.vn/da-nang/tra-chanh-an-vat-da-nang,/da-nang/tra-chanh-an-vat-da-nang/goi-mon
885695,Fucking Love Milk Tea,"212 Lương Nhữ Hộc, P. Khuê Trung, Quận Cẩm Lệ, Đà Nẵng",Quận Cẩm Lệ,Đà Nẵng,16.032529,108.210894,6.224,18,35,0,,,,0931938007,True,False,False,False,,Café/Dessert,Món Việt,https://down-vn.img.susercontent.com/vn-11134513-7r98o-lsu6xay627k450@resize_ss640x400,https://www.foody.vn/da-nang/fucking-love-milk-tea,/da-nang/fucking-love-milk-tea/goi-mon
749716,Maybe - Coffee & Drinks,"173 Lương Nhữ Hộc, P. Khuê Trung, Quận Cẩm Lệ, Đà Nẵng",Quận Cẩm Lệ,Đà Nẵng,16.032427,108.211106,7.988,36,168,0,,,,Đang cập nhật,True,False,False,False,,Café/Dessert,Món Việt,https://down-vn.img.susercontent.com/vn-11134513-7r98o-lsu3pycqvq9wa8@resize_ss640x400,https://www.foody.vn/da-nang/maybe-coffee-drinks,/da-nang/maybe-coffee-drinks/goi-mon
85267,Mì Quảng Hương Quê - Phan Thanh,"78 Phan Thanh, P. Thạc Gián, Quận Thanh Khê, Đà Nẵng",Quận Thanh Khê,Đà Nẵng,16.0635628,108.2085567,7.392,122,472,0,,,,Đang cập nhật,True,False,False,False,,Quán ăn,Món Quảng,https://down-vn.img.susercontent.com/vn-11134513-7r98o-lstsa4zk0crd31@resize_ss640x400,https://www.foody.vn/da-nang/mi-quang-huong-que-phan-thanh,/da-nang/mi-quang-huong-que-phan-thanh/goi-mon
799037,Xôi Gạo Lứt Tastii - Phan Thanh,"169 Phan Thanh, P. Thạc Gián, Quận Thanh Khê, Đà Nẵng",Quận Thanh Khê,Đà Nẵng,16.0619706,108.2094037,7.384,12,48,0,,,,0935320692,True,False,False,False,,Quán ăn,Món Việt,https://down-vn.img.susercontent.com/vn-11134513-7r98o-lsu5rbas6e2s9f@resize_ss640x400,https://www.foody.vn/da-nang/xoi-gao-lut-tastii-phan-thanh,/da-nang/xoi-gao-lut-tastii-phan-thanh/goi-mon
888869,Tiệm Cơm Vui Vẻ - Cơm Văn Phòng & Cơm Ăn Kiêng - Shop Online,"223/19 Hải Phòng, P. Tân Chính, Quận Thanh Khê, Đà Nẵng",Quận Thanh Khê,Đà Nẵng,16.0714285,108.2113306,6.314,37,94,0,,,,0926119151,True,False,False,False,,Shop Online,Món Việt,https://down-vn.img.susercontent.com/vn-11134513-7r98o-lsu6zh4sz5505f@resize_ss640x400,https://www.foody.vn/da-nang/tiem-com-vui-ve-com-van-phong-com-an-kieng-shop-online,/da-nang/tiem-com-vui-ve-com-van-phong-com-an-kieng-shop-online/goi-mon
1000000276,Alo Cơm Trưa - Trần Thánh Tông,"33 Trần Thánh Tông, Quận Sơn Trà, Đà Nẵng",Quận Sơn Trà,Đà Nẵng,16.0868128,108.2345796,9.4,1,37,0,,,,Đang cập nhật,True,False,False,False,,"Ăn vặt/vỉa hè,, Giao cơm văn phòng",Món Việt,https://down-vn.img.susercontent.com/vn-11134513-7r98o-lsvdt9m1kbkp06@resize_ss640x400,https://www.foody.vn/da-nang/alo-com-trua,/da-nang/alo-com-trua/goi-mon
238426,Cơm Trưa Văn Phòng,"55b Nguyễn Chí Thanh, Quận Hải Châu, Đà Nẵng",Quận Hải Châu,Đà Nẵng,16.075212,108.220556,7.4,1,3,0,,,,0905 038 866,True,False,False,False,,Quán ăn,Món Việt,https://down-vn.img.susercontent.com/vn-11134259-7r98o-lwafa8rfr2zd7d@resize_ss640x400,https://www.foody.vn/da-nang/com-trua-van-phong,
730001,Lẩu Dê 45 - Trần Nhân Tông,"345 Trần Nhân Tông, P. Mân Thái, Quận Sơn Trà, Đà Nẵng",Quận Sơn Trà,Đà Nẵng,16.090205,108.240269,6.0,3,12,0,,,,Đang cập nhật,True,False,False,False,,Quán nhậu,Món Việt,https://down-vn.img.susercontent.com/vn-11134513-7r98o-lsu2x5d0e7d0e6@resize_ss640x400,https://www.foody.vn/da-nang/lau-de-45,/da-nang/lau-de-45/goi-mon
1035158,Dookki Việt Nam - Lẩu & Buffet Tokpokki - Đường 2 Tháng 9,"Lô 3, A5-6 Khu Công Viên Bắc Đài Tưởng Niệm, P. Hòa Cường Bắc, Quận Hải Châu, Đà Nẵng",Quận Hải Châu,Đà Nẵng,16.04811,108.223124,6.128,8,67,0,,,,Đang cập nhật,True,False,False,False,,"Nhà hàng,, Buffet",Món Việt,https://down-vn.img.susercontent.com/vn-11134259-7r98o-lwdupe0bl0pnb1@resize_ss640x400,https://www.foody.vn/da-nang/dookki-viet-nam-lau-buffet-tokpokki-duong-2-thang-9,
659260,Kem Bơ Cô Cúc - Chợ Bắc Mỹ An,"Chợ Bắc Mỹ An, Nguyễn Bá Lân, P. Mỹ An, Quận Ngũ Hành Sơn, Đà Nẵng",Quận Ngũ Hành Sơn,Đà Nẵng,16.041697,108.242311,7.602,21,51,0,,,,0906 561 618 - 0935 508 492,True,False,False,False,,Ăn vặt/vỉa hè,Món Miền Trung,https://down-vn.img.susercontent.com/vn-11134513-7r98o-lsu01q1t0clg98@resize_ss640x400,https://www.foody.vn/da-nang/kem-bo-co-cuc-cho-bac-mi-an,/da-nang/kem-bo-co-cuc-cho-bac-mi-an/goi-mon
1065996,Bún Bò Thủy - Núi Thành,"405 Núi Thành, P. Hòa Cường Bắc, Quận Hải Châu, Đà Nẵng",Quận Hải Châu,Đà Nẵng,16.038669,108.222102,2.2,1,0,0,,,,Đang cập nhật,True,False,False,False,,Quán ăn,,https://down-vn.img.susercontent.com/vn-11134513-7r98o-lsv36ukbyyzd2f@resize_ss640x400,https://www.foody.vn/da-nang/bun-bo-thuy-nui-thanh,/da-nang/bun-bo-thuy-nui-thanh/goi-mon
1153377,Peach City - Trà Đào Dầm & Trà Bí Đao,"130 Lê Hữu Trác, P. An Hải Đông , Quận Sơn Trà, Đà Nẵng",Quận Sơn Trà,Đà Nẵng,16.0589613,108.241531,10.0,1,13,0,,,,Đang cập nhật,True,False,False,False,,Café/Dessert,,https://down-vn.img.susercontent.com/vn-11134513-7r98o-lsv9vgpdz7a102@resize_ss640x400,https://www.foody.vn/da-nang/peach-city-tra-dao-dam-tra-bi-dao,/da-nang/peach-city-tra-dao-dam-tra-bi-dao/goi-mon
118255,Quán Nhậu Bé Mỹ,"1 Chương Dương, Quận Ngũ Hành Sơn, Đà Nẵng",Quận Ngũ Hành Sơn,Đà Nẵng,16.049587,108.233644,6.3,4,35,0,,,,Đang cập nhật,False,False,False,False,,Quán nhậu,Món Quảng,https://down-vn.img.susercontent.com/vn-11134513-7r98o-lstta6ank0wp33@resize_ss640x400,https://www.foody.vn/da-nang/quan-nhau-be-my,/da-nang/quan-nhau-be-my/goi-mon
244037,Sumo BBQ - Buffet Lẩu & Nướng,"Tầng 4, Vincom Center, 910A Ngô Quyền, P. An Hải Bắc, Quận Sơn Trà, Đà Nẵng",Quận Sơn Trà,Đà Nẵng,16.0716905,108.2302364,7.006,149,1163,0,,,,Đang cập nhật,True,False,False,False,,"Nhà hàng,, Buffet",Món Nhật,https://down-vn.img.susercontent.com/vn-11134513-7r98o-lstxekfdzrus59@resize_ss640x400,https://www.foody.vn/da-nang/sumo-bbq-buffet-lau-nuong,/da-nang/sumo-bbq-buffet-lau-nuong/goi-mon
147556,GoGi House - Quán Nướng Hàn Quốc - Vincom Center Đà Nẵng,"Tầng 4, Vincom Center, 910A Ngô Quyền, P. An Hải Bắc, Quận Sơn Trà, Đà Nẵng",Quận Sơn Trà,Đà Nẵng,16.071604,108.230672,7.868,608,3958,0,,,,Đang cập nhật,True,False,False,False,,Nhà hàng,Món Hàn,https://down-vn.img.susercontent.com/vn-11134513-7r98o-lstubeq5zxcp0e@resize_ss640x400,https://www.foody.vn/da-nang/gogi-house-quan-nuong-han-quoc-vincom-center-da-nang,/da-nang/gogi-house-quan-nuong-han-quoc-vincom-center-da-nang/goi-mon
152800,Shogun - Vincom Center Đà Nẵng,"Tầng 4, Vincom Center, 910A Ngô Quyền, P. An Hải Bắc, Quận Sơn Trà, Đà Nẵng",Quận Sơn Trà,Đà Nẵng,16.071604,108.230672,7.784,12,65,0,,,,Đang cập nhật,True,False,False,False,,Nhà hàng,Món Nhật,https://down-vn.img.susercontent.com/vn-11134259-7r98o-lw8db5aa0ct5d0@resize_ss640x400,https://www.foody.vn/da-nang/shogun-vincom-center-da-nang,
890430,Bún Bò & Mì Quảng Cô Ba,"41 Pasteur, P. Hải Châu 1, Quận Hải Châu, Đà Nẵng",Quận Hải Châu,Đà Nẵng,16.069624,108.217781,8.6,1,3,0,,,,Đang cập nhật,False,False,False,False,,Quán ăn,,https://down-vn.img.susercontent.com/vn-11134513-7r98o-lsu70pv66r2x1d@resize_ss640x400,https://www.foody.vn/da-nang/bun-bo-mi-quang-co-ba,/da-nang/bun-bo-mi-quang-co-ba/goi-mon
73581,Hải Huệ - Bánh Cuốn Nóng - Ngô Gia Tự,"47 Ngô Gia Tự, P. Hải Châu 2, Quận Hải Châu, Đà Nẵng",Quận Hải Châu,Đà Nẵng,16.06975,108.217255,7.392,27,89,0,,,,0935 634 914,True,False,False,False,,Quán ăn,Món Miền Trung,https://down-vn.img.susercontent.com/vn-11134513-7r98o-lsts2wxwjzx5d9@resize_ss640x400,https://www.foody.vn/da-nang/hai-hue-banh-cuon-nong-ngo-gia-tu,/da-nang/hai-hue-banh-cuon-nong-ngo-gia-tu/goi-mon
236730,Bánh Canh Dì Hồng,"K402 Trưng Nữ Vương, Quận Hải Châu, Đà Nẵng",Quận Hải Châu,Đà Nẵng,16.0511,108.216015,10.0,2,1,0,,,,Đang cập nhật,False,False,False,False,,Quán ăn,Món Việt,https://down-vn.img.susercontent.com/vn-11134259-7r98o-lwanarihyk0p59@resize_ss640x400,https://www.foody.vn/da-nang/banh-canh-di-hong,
660989,Cơm Tấm Sài Gòn,"88 Phan Thanh, Quận Hải Châu, Đà Nẵng",Quận Hải Châu,Đà Nẵng,16.062524,108.208954,7.6,1,3,0,,,,Đang cập nhật,True,False,False,False,,Quán ăn,Món Miền Nam,https://down-vn.img.susercontent.com/vn-11134259-7r98o-lwh2jskxqlztec@resize_ss640x400,https://www.foody.vn/da-nang/com-tam-sai-gon-88-phan-thanh,
13350,Burgers Min Min,"91 Nguyễn Thị Minh Khai, P. Hải Châu 1, Quận Hải Châu, Đà Nẵng",Quận Hải Châu,Đà Nẵng,16.0711303,108.218674,7.186,72,349,0,,,,Đang cập nhật,True,False,False,False,,Ăn vặt/vỉa hè,Món Việt,https://down-vn.img.susercontent.com/vn-11134513-7r98o-lstqcy72zb2cf2@resize_ss640x400,https://www.foody.vn/da-nang/burgers-min-min,/da-nang/burgers-min-min/goi-mon
12551,Nước Mía Phúc Lai,"2 Lê Lai, Quận Hải Châu, Đà Nẵng",Quận Hải Châu,Đà Nẵng,16.075485,108.219669,7.3,4,12,0,,,,(0236) 3 886 943,True,False,False,False,,Café/Dessert,Món Việt,https://down-vn.img.susercontent.com/vn-11134259-7r98o-lwda4r07kycb15@resize_ss640x400,https://www.foody.vn/da-nang/nuoc-mia-phuc-lai,
130674,Quán Nhậu 63 - Trần Xuân Lê,"63 Trần Xuân Lê, Quận Thanh Khê, Đà Nẵng",Quận Thanh Khê,Đà Nẵng,16.0590859,108.1872951,8.9,2,15,0,,,,Đang cập nhật,False,False,False,False,,Quán ăn,Món Việt,https://down-vn.img.susercontent.com/vn-11134259-7r98o-lwfuhjeq8s7tb4@resize_ss640x400,https://www.foody.vn/da-nang/quan-nhau-63-tran-xuan-le,
686978,Hương - Cơm Nhà Nấu,"K69/12 Ngô Thì Nhậm, Quận Liên Chiểu, Đà Nẵng",Quận Liên Chiểu,Đà Nẵng,16.071126,108.155274,8.8,2,34,0,,,,0916 041 072 - 01216 822 540,True,False,False,False,,Quán ăn,Món Miền Trung,https://down-vn.img.susercontent.com/vn-11134259-7r98o-lwg9r9ozliah6a@resize_ss640x400,https://www.foody.vn/da-nang/huong-com-nha-nau,
1069628,Ẩm Thực Gánh - Bún Đậu Mắm Tôm - Ngô Thì Nhậm,"54B Ngô Thì Nhậm, P. Hòa Khánh Nam, Quận Liên Chiểu, Đà Nẵng",Quận Liên Chiểu,Đà Nẵng,16.0711792,108.155443,6.15,4,35,0,,,,Đang cập nhật,True,False,False,False,,Quán ăn,,https://down-vn.img.susercontent.com/vn-11134513-7r98o-lsv3gqn6w4gpde@resize_ss640x400,https://www.foody.vn/da-nang/am-thuc-ganh-bun-dau-mam-tom-ngo-thi-nham,/da-nang/am-thuc-ganh-bun-dau-mam-tom-ngo-thi-nham/goi-mon
121691,Cháo Lòng Gái,"63 Phạm Văn Nghị, Quận Thanh Khê, Đà Nẵng",Quận Thanh Khê,Đà Nẵng,16.056652,108.210019,8.04,5,12,0,,,,Đang cập nhật,False,False,False,False,,Quán ăn,Món Quảng,https://down-vn.img.susercontent.com/vn-11134513-7r98o-lsttejgzjqmx16@resize_ss640x400,https://www.foody.vn/da-nang/chao-long-gai,/da-nang/chao-long-gai/goi-mon
788483,Passion BBQ,"51 Phó Đức Chính, P. Mân Chính, Quận Sơn Trà, Đà Nẵng",Quận Sơn Trà,Đà Nẵng,16.085198,108.240328,7.36,50,91,0,,,,Đang cập nhật,False,False,False,False,,Nhà hàng,Món Việt,https://down-vn.img.susercontent.com/vn-11134513-7r98o-lsu5fss6rst595@resize_ss640x400,https://www.foody.vn/da-nang/passion-bbq,/da-nang/passion-bbq/goi-mon
853382,The Coffee House - 3 Tháng 2," 82 Đường 3 Tháng 2, Quận Hải Châu, Đà Nẵng",Quận Hải Châu,Đà Nẵng,16.085564,108.219532,8.3,6,11,0,,,,Đang cập nhật,True,False,False,False,,Café/Dessert,Món Việt,https://down-vn.img.susercontent.com/vn-11134513-7r98o-lsu61y2s3ue1a2@resize_ss640x400,https://www.foody.vn/da-nang/the-coffee-house-3-thang-2,/da-nang/the-coffee-house-3-thang-2/goi-mon
1000057909,Bánh Mì & Xôi Má Đức - 497 Núi Thành,"497 Núi Thành, P. Hòa Cường Bắc, Quận Hải Châu, Đà Nẵng",Quận Hải Châu,Đà Nẵng,16.0341819,108.2227151,10.0,1,0,0,,,,Đang cập nhật,True,False,False,False,,Tiệm bánh,Món Việt,https://down-vn.img.susercontent.com/vn-11134513-7r98o-lsvgoagq3wecaf@resize_ss640x400,https://www.foody.vn/da-nang/banh-mi-xoi-ma-duc-497-nui-thanh,/da-nang/banh-mi-xoi-ma-duc-497-nui-thanh/goi-mon
316570,Ẩm Thực Chay An Lạc - Quang Trung,"38 Quang Trung, P. Thạch Thang, Quận Hải Châu, Đà Nẵng",Quận Hải Châu,Đà Nẵng,16.075209,108.221756,5.882,12,26,0,,,,Đang cập nhật,True,False,False,False,,Ăn chay,Món Việt,https://down-vn.img.susercontent.com/vn-11134513-7r98o-lstyt5d59sbd25@resize_ss640x400,https://www.foody.vn/da-nang/quan-chay-an-lac-quang-trung,/da-nang/quan-chay-an-lac-quang-trung/goi-mon
1068599,Trà Sữa Mixue - Dũng Sĩ Thanh Khê,"154 Dũng Sĩ Thanh Khê, P. Thanh Khê Tây, Quận Thanh Khê, Đà Nẵng",Quận Thanh Khê,Đà Nẵng,16.0744251,108.1766847,9.8,2,1,0,,,,Đang cập nhật,True,False,False,False,,Quán ăn,,https://down-vn.img.susercontent.com/vn-11134513-81ztc-mni1bs2u1xxc6f@resize_ss640x400,https://www.foody.vn/da-nang/tra-sua-mixue-dung-si-thanh-khe,/da-nang/tra-sua-mixue-dung-si-thanh-khe/goi-mon
933574,Bánh Canh O Hồng - Đặc Sản Quảng Trị - 109 Lê Quảng Chí,"109 Lê Quảng Chí, P. Hòa Xuân, Quận Cẩm Lệ, Đà Nẵng",Quận Cẩm Lệ,Đà Nẵng,16.0166831,108.224093,7.6,11,14,0,,,,0385701267,True,False,False,False,,Quán ăn,Món Miền Trung,https://down-vn.img.susercontent.com/vn-11134513-7r98o-lsu7wj1ycck93b@resize_ss640x400,https://www.foody.vn/da-nang/banh-canh-o-hong-dac-san-quang-tri-109-le-quang-chi,/da-nang/banh-canh-o-hong-dac-san-quang-tri-109-le-quang-chi/goi-mon
943800,T Cafe,"9 Ngô Văn Sở, Quận Liên Chiểu, Đà Nẵng",Quận Liên Chiểu,Đà Nẵng,16.068985,108.150923,8.4,1,51,0,,,,Đang cập nhật,True,False,False,False,,Café/Dessert,Món Việt,https://down-vn.img.susercontent.com/vn-11134513-7r98o-lsu84uu7n6op18@resize_ss640x400,https://www.foody.vn/da-nang/t-coffee-milktea,/da-nang/t-coffee-milktea/goi-mon
141491,Quán Loan - Bún Bò & Giò Heo,"3 Trần Huy Liệu, Quận Cẩm Lệ, Đà Nẵng",Quận Cẩm Lệ,Đà Nẵng,16.017593,108.205697,6.75,4,13,0,,,,Đang cập nhật,True,False,False,False,,Quán ăn,Món Miền Trung,https://down-vn.img.susercontent.com/vn-11134513-7r98o-lstu3pfjs9zt76@resize_ss640x400,https://www.foody.vn/da-nang/quan-loan-bun-bo-gio-heo,/da-nang/quan-loan-bun-bo-gio-heo/goi-mon
642861,Cơm Tấm Trâm - Đống Đa,"240 Đống Đa, P. Thuận Phước, Quận Hải Châu, Đà Nẵng",Quận Hải Châu,Đà Nẵng,16.0773148,108.2163908,6.556,14,32,0,,,,Đang cập nhật,True,False,False,False,,"Quán ăn,, Giao cơm văn phòng",Món Việt,https://down-vn.img.susercontent.com/vn-11134513-7r98o-lstzfyapxpjtbf@resize_ss640x400,https://www.foody.vn/da-nang/com-tam-tram-dong-da,/da-nang/com-tam-tram-dong-da/goi-mon
1051855,Cơm Tấm Phú Ông,"152 Phan Thanh, P. Thạc Gián, Quận Thanh Khê, Đà Nẵng",Quận Thanh Khê,Đà Nẵng,16.060315,108.209256,9.6,1,1,0,,,,Đang cập nhật,True,False,False,False,,Quán ăn,Món Việt,https://down-vn.img.susercontent.com/vn-11134513-7r98o-lsv1yhxmg3pg28@resize_ss640x400,https://www.foody.vn/da-nang/com-tam-phu-ong,/da-nang/com-tam-phu-ong/goi-mon
1129738,Phở Vân - 149 Võ Văn Kiệt,"149 Võ Văn Kiệt, Quận Sơn Trà, Đà Nẵng",Quận Sơn Trà,Đà Nẵng,16.0619519,108.2378677,2.0,1,0,0,,,,Đang cập nhật,True,False,False,False,,Quán ăn,,https://down-vn.img.susercontent.com/vn-11134513-7r98o-lsv8279m3glgb2@resize_ss640x400,https://www.foody.vn/da-nang/pho-van-149-vo-van-kiet,/da-nang/pho-van-149-vo-van-kiet/goi-mon
875446,Bồ Công Anh F&B - Bún Suông Tôm Cua & Bánh Xèo,"53 Lê Quang Đạo, P. Mỹ An, Quận Ngũ Hành Sơn, Đà Nẵng",Quận Ngũ Hành Sơn,Đà Nẵng,16.053944,108.244458,9.28,5,15,0,,,,Đang cập nhật,True,False,False,False,,Quán ăn,Món Việt,https://down-vn.img.susercontent.com/vn-11134513-7r98o-lsu6kqpdv5xg26@resize_ss640x400,https://www.foody.vn/da-nang/bo-cong-anh-f-b-bun-suong-tom-cua-banh-xeo,/da-nang/bo-cong-anh-f-b-bun-suong-tom-cua-banh-xeo/goi-mon
994754,Pokeman - Poke Bowls & Healthy Drinks,"K72/24 Nguyễn Văn Thoại, P. Mỹ An, Quận Ngũ Hành Sơn, Đà Nẵng",Quận Ngũ Hành Sơn,Đà Nẵng,16.053107,108.240639,8.9,2,15,0,,,,0898189455,True,False,False,False,,Quán ăn,,https://down-vn.img.susercontent.com/vn-11134513-7r98o-lsu99h1nvq1l4d@resize_ss640x400,https://www.foody.vn/da-nang/pokeman-poke-bowls-healthy-drinks,/da-nang/pokeman-poke-bowls-healthy-drinks/goi-mon
1017860,Bánh Lọc Thuỷ - An Thượng 24,"21/34 An Thượng 24, P. Mỹ An, Quận Ngũ Hành Sơn, Đà Nẵng",Quận Ngũ Hành Sơn,Đà Nẵng,16.052579,108.2413398,9.402,11,12,0,,,,0345123001,True,False,False,False,,Shop Online,Món Việt,https://down-vn.img.susercontent.com/vn-11134513-7r98o-lsu9slgsgm8pca@resize_ss640x400,https://www.foody.vn/da-nang/banh-loc-thuy-an-thuong-24,/da-nang/banh-loc-thuy-an-thuong-24/goi-mon
1046462,Mì Mường Thanh,"51 Trần Bạch Đằng, P. Mỹ An, Quận Ngũ Hành Sơn, Đà Nẵng",Quận Ngũ Hành Sơn,Đà Nẵng,16.053323,108.246701,9.702,12,22,0,,,,Đang cập nhật,True,False,False,False,,Quán ăn,Món Việt,https://down-vn.img.susercontent.com/vn-11134513-7r98o-lsv1hlb33irof5@resize_ss640x400,https://www.foody.vn/da-nang/mi-muong-thanh,/da-nang/mi-muong-thanh/goi-mon
894268,H Coffee ,"2 Mỹ Đa Đông 8, P. Mỹ An, Quận Ngũ Hành Sơn, Đà Nẵng",Quận Ngũ Hành Sơn,Đà Nẵng,16.043657,108.242896,8.6,6,42,0,,,,Đang cập nhật,True,False,False,False,,Café/Dessert,Món Việt,https://down-vn.img.susercontent.com/vn-11134513-7r98o-lsu74kihakrd6a@resize_ss640x400,https://www.foody.vn/da-nang/h-coffee,/da-nang/h-coffee/goi-mon
878742,Link Coffee,"117 Phan Tứ, P. Mỹ An, Quận Ngũ Hành Sơn, Đà Nẵng",Quận Ngũ Hành Sơn,Đà Nẵng,16.046569,108.246502,7.88,5,44,0,,,,Đang cập nhật,True,False,False,False,,Café/Dessert,Món Việt,https://down-vn.img.susercontent.com/vn-11134513-7r98o-lsv0jpnpwmv821@resize_ss640x400,https://www.foody.vn/da-nang/link-coffee,/da-nang/link-coffee/goi-mon
171200,Cafe Haru,"140 Hồ Xuân Hương, P. Khuê Mỹ, Quận Ngũ Hành Sơn, Đà Nẵng",Quận Ngũ Hành Sơn,Đà Nẵng,16.040668,108.248347,6.372,14,156,0,,,,Đang cập nhật,True,False,False,False,,Café/Dessert,Món Việt,https://down-vn.img.susercontent.com/vn-11134513-7r98o-lstv558bg0bdab@resize_ss640x400,https://www.foody.vn/da-nang/haru-cafe,/da-nang/haru-cafe/goi-mon
98282,Zé Food - Gà Rán Và Lẩu Ly,"218/2 Đống Đa, P. Thạch Thang, Quận Hải Châu, Đà Nẵng",Quận Hải Châu,Đà Nẵng,16.078078,108.216746,6.918,960,5832,0,,,, 0903 363 964,True,False,False,False,,Ăn vặt/vỉa hè,"Món Nhật,, Món Hàn",https://down-vn.img.susercontent.com/vn-11134513-7r98o-lstsmc1vhpz857@resize_ss640x400,https://www.foody.vn/da-nang/ze-food-ga-ran-va-lau-ly,/da-nang/ze-food-ga-ran-va-lau-ly/goi-mon
799115,Kiot - Cà Phê & Nước Thảo Mộc,"33 Trần Bình Trọng, P. Phước Ninh, Quận Hải Châu, Đà Nẵng",Quận Hải Châu,Đà Nẵng,16.065869,108.218506,8.384,40,125,0,,,,Đang cập nhật,True,False,False,False,,Café/Dessert,Món Việt,https://down-vn.img.susercontent.com/vn-11134513-7r98o-lsu5si2flaqhad@resize_ss640x400,https://www.foody.vn/da-nang/kiot-ca-phe-nuoc-thao-moc,/da-nang/kiot-ca-phe-nuoc-thao-moc/goi-mon
960934,Bún Lòng Xào Nghệ Đà Nẵng & Súp Hầm Xương - Phạm Như Xương,"65/86 Phạm Như Xương, P. Hoà Khánh Nam, Quận Liên Chiểu, Đà Nẵng",Quận Liên Chiểu,Đà Nẵng,16.0630879,108.1545676,9.36,349,556,0,,,,0356249496 ( Ms. Hương),True,False,False,False,,Quán ăn,Món Việt,https://down-vn.img.susercontent.com/vn-11134513-7r98o-lsu8i6tb9bd029@resize_ss640x400,https://www.foody.vn/da-nang/bun-long-xao-nghe-da-nang-sup-ham-xuong-pham-nhu-xuong,/da-nang/bun-long-xao-nghe-da-nang-sup-ham-xuong-pham-nhu-xuong/goi-mon
977493,Cơm Gà Quạt Mo,"25 Ngô Thì Nhậm, P. Hòa Khánh Nam, Quận Liên Chiểu, Đà Nẵng",Quận Liên Chiểu,Đà Nẵng,16.069903,108.152681,3.934,6,8,0,,,,Đang cập nhật,True,False,False,False,,Quán ăn,Món Việt,https://down-vn.img.susercontent.com/vn-11134513-7r98o-lsu8wfcf8clg7f@resize_ss640x400,https://www.foody.vn/da-nang/com-ga-quat-mo,/da-nang/com-ga-quat-mo/goi-mon
660538,Hải Sản Phố,"51 Võ Nguyên Giáp, P. Mỹ An, Quận Ngũ Hành Sơn, Đà Nẵng",Quận Ngũ Hành Sơn,Đà Nẵng,16.056096,108.247022,7.372,30,161,0,,,,Đang cập nhật,True,False,False,False,,Nhà hàng,Món Việt,https://down-vn.img.susercontent.com/vn-11134513-7r98o-lsu03kg5ucp01d@resize_ss640x400,https://www.foody.vn/da-nang/hai-san-pho-restaurant,/da-nang/hai-san-pho-restaurant/goi-mon
145635,Quán Chay Tâm Nguyên Phúc Vegetarian Food,"142 Ngũ Hành Sơn, P. Mỹ An, Quận Ngũ Hành Sơn, Đà Nẵng",Quận Ngũ Hành Sơn,Đà Nẵng,16.048855,108.238026,7.68,5,26,0,,,,01223 458 450 - 0935 839 812,True,False,False,False,,Ăn chay,Món Việt,https://down-vn.img.susercontent.com/vn-11134513-7r98o-lstu907cm30ka8@resize_ss640x400,https://www.foody.vn/da-nang/quan-chay-tam-nguyen-phuc,/da-nang/quan-chay-tam-nguyen-phuc/goi-mon
744455,Gia Nguyễn Cafe,"Lô 32 Bàu Vàng 1, P. Hòa Khánh Bắc, Quận Liên Chiểu, Đà Nẵng",Quận Liên Chiểu,Đà Nẵng,16.0820277,108.1456077,7.866,3,13,0,,,,Đang cập nhật,True,False,False,False,,Café/Dessert,Món Việt,https://down-vn.img.susercontent.com/vn-11134513-7r98o-lsu3hm6m56zd42@resize_ss640x400,https://www.foody.vn/da-nang/gia-nguyen-cafe,/da-nang/gia-nguyen-cafe/goi-mon
263215,Unit 8 Cafe,"08 Lạc Long Quân, P. Hòa Khánh Bắc, Quận Liên Chiểu, Đà Nẵng",Quận Liên Chiểu,Đà Nẵng,16.0767484,108.1476522,8.038,16,233,0,,,,Đang cập nhật,True,False,False,False,,Café/Dessert,Món Việt,https://down-vn.img.susercontent.com/vn-11134513-7r98o-lstxphzkhtp504@resize_ss640x400,https://www.foody.vn/da-nang/unit-8-cafe,/da-nang/unit-8-cafe/goi-mon
197574,Quán Huế,"Nguyễn Viết Xuân, Quận Liên Chiểu, Đà Nẵng",Quận Liên Chiểu,Đà Nẵng,16.0586449073776,108.1703030838532,8.0,1,16,0,,,,Đang cập nhật,False,False,False,False,,Quán ăn,Món Miền Trung,https://down-vn.img.susercontent.com/vn-11134259-7r98o-lwfv5gm1z5y351@resize_ss640x400,https://www.foody.vn/da-nang/quan-hue,
1191171,"Gadana - Chân Gà Cay, Ăn Vặt & Trà Sữa","340 Lê Thanh Nghị, P. Hòa Cường Nam, Quận Hải Châu, Đà Nẵng",Quận Hải Châu,Đà Nẵng,16.0331851,108.2185538,10.0,1,1,0,,,,Đang cập nhật,False,False,False,False,,Quán ăn,,https://down-vn.img.susercontent.com/vn-11134513-7r98o-lsvczj8lxc49c5@resize_ss640x400,https://www.foody.vn/da-nang/gadana-chan-ga-cay-an-vat-tra-sua,/da-nang/gadana-chan-ga-cay-an-vat-tra-sua/goi-mon
770269,May Food & Drink - Shop Online,"158A Nguyễn Hoàng, Quận Thanh Khê, Đà Nẵng",Quận Thanh Khê,Đà Nẵng,16.0616508,108.2138673,6.432,6,35,0,,,,Đang cập nhật,True,False,False,False,,Shop Online,Món Việt,https://down-vn.img.susercontent.com/vn-11134513-7r98o-lsu4mr54xuhl76@resize_ss640x400,https://www.foody.vn/da-nang/may-food-drink-shop-online,/da-nang/may-food-drink-shop-online/goi-mon
6784,Ốc Tư Danh,"1 Triệu Việt Vương, Quận Sơn Trà, Đà Nẵng",Quận Sơn Trà,Đà Nẵng,16.064335,108.230407,5.36,99,415,0,,,,Đang cập nhật,False,False,False,False,,Quán ăn,Món Việt,https://down-vn.img.susercontent.com/vn-11134513-7r98o-lstq2v5o8szo9d@resize_ss640x400,https://www.foody.vn/da-nang/oc-tu-danh,/da-nang/oc-tu-danh/goi-mon
71475,Bánh Tráng Nướng - Đào Duy Từ,"49 Đào Duy Từ, P. Vĩnh Trung, Quận Thanh Khê, Đà Nẵng",Quận Thanh Khê,Đà Nẵng,16.0679633,108.2125163,7.472,39,219,0,,,,Đang cập nhật,False,False,False,False,,"Ăn vặt/vỉa hè,, Quán ăn",Món Việt,https://down-vn.img.susercontent.com/vn-11134513-7r98o-lsts0url3ont1f@resize_ss640x400,https://www.foody.vn/da-nang/banh-trang-nuong-dao-duy-tu,/da-nang/banh-trang-nuong-dao-duy-tu/goi-mon
32751,Chè Xoa Xoa,"46 Trần Bình Trọng, Quận Hải Châu, Đà Nẵng",Quận Hải Châu,Đà Nẵng,16.065857,108.218368,7.518,17,48,0,,,,(0236) 3 572 088,True,False,False,False,,Ăn vặt/vỉa hè,Món Quảng,https://down-vn.img.susercontent.com/vn-11134513-7r98o-lstr5w587r1588@resize_ss640x400,https://www.foody.vn/da-nang/che-xoa-xoa,/da-nang/che-xoa-xoa/goi-mon
5649,Hải Sản Bà Thôi - Lê Đình Dương,"96 Lê Đình Dương, Quận Hải Châu, Đà Nẵng",Quận Hải Châu,Đà Nẵng,16.062027,108.218784,5.908,89,329,0,,,,Đang cập nhật,True,False,False,False,,Quán ăn,Món Việt,https://down-vn.img.susercontent.com/vn-11134513-7r98o-lstq0tzpbau120@resize_ss640x400,https://www.foody.vn/da-nang/hai-san-ba-thoi-le-dinh-duong,/da-nang/hai-san-ba-thoi-le-dinh-duong/goi-mon
282649,Bánh Canh Huế Nhật Linh,"118 Phạm Như Xương, P. Hoà Khánh Nam, Quận Liên Chiểu, Đà Nẵng",Quận Liên Chiểu,Đà Nẵng,16.0647762,108.1514939,7.536,3,15,0,,,,01282 728 441,True,False,False,False,,Quán ăn,Món Huế,https://down-vn.img.susercontent.com/vn-11134513-7r98o-lsty3e3e7xs4b4@resize_ss640x400,https://www.foody.vn/da-nang/nhat-linh-banh-canh-hue,/da-nang/nhat-linh-banh-canh-hue/goi-mon
88874,Ốc Hà - Chợ Cồn,"Hẻm 294 Ông Ích Khiêm, P. Hải Châu 2, Quận Hải Châu, Đà Nẵng",Quận Hải Châu,Đà Nẵng,16.067776,108.214144,6.248,73,241,0,,,,Đang cập nhật,True,False,False,False,,Ăn vặt/vỉa hè,Món Quảng,https://down-vn.img.susercontent.com/vn-11134513-7r98o-lstsc6311iftad@resize_ss640x400,https://www.foody.vn/da-nang/oc-ha-cho-con,/da-nang/oc-ha-cho-con/goi-mon
1069390,"Cháo Nhung Hươu, Gà Ác & Bồ Câu Xì Trum Quán","Lô B19 Hoàng Trung Thông, P. Hòa Minh, Quận Liên Chiểu, Đà Nẵng",Quận Liên Chiểu,Đà Nẵng,16.0685536,108.1649564,9.856,7,18,0,,,,Đang cập nhật,False,False,False,False,,Quán ăn,,https://down-vn.img.susercontent.com/vn-11134513-7r98o-lsv3gz8uazkpae@resize_ss640x400,https://www.foody.vn/da-nang/chao-nhung-huou-ga-ac-bo-cau-xi-trum-quan,/da-nang/chao-nhung-huou-ga-ac-bo-cau-xi-trum-quan/goi-mon
73272,Mì Quảng Giao Thủy - Lê Thanh Nghị,"20 Lê Thanh Nghị, P. Hòa Cường Bắc, Quận Hải Châu, Đà Nẵng",Quận Hải Châu,Đà Nẵng,16.043741,108.21741,5.6,1,9,0,,,,0905 437 611,True,False,False,False,,Quán ăn,Món Quảng,https://down-vn.img.susercontent.com/vn-11134513-7r98o-lsts2iiho3h528@resize_ss640x400,https://www.foody.vn/da-nang/mi-quang-giao-thuy-le-thanh-nghi,/da-nang/mi-quang-giao-thuy-le-thanh-nghi/goi-mon
311495,Trâm - Trà Sữa & Ăn Vặt,"K478/H29/3 Lê Duẩn, Quận Thanh Khê, Đà Nẵng",Quận Thanh Khê,Đà Nẵng,16.0674856835833,108.2061726227402,7.8,1,2,0,,,,0905 072 254,True,False,False,False,,Ăn vặt/vỉa hè,Món Việt,https://down-vn.img.susercontent.com/vn-11134259-7r98o-lwhv3tfbrz6j40@resize_ss640x400,https://www.foody.vn/da-nang/tram-tra-sua-an-vat,
182024,Gió Đồng Quán - Đặc Sản Đồng Quê,"Song Hào, Quận Ngũ Hành Sơn, Đà Nẵng",Quận Ngũ Hành Sơn,Đà Nẵng,15.990257,108.262071,7.04,10,87,0,,,,0939 247 003,True,False,False,False,,"Nhà hàng,, Quán ăn",Món Việt,https://down-vn.img.susercontent.com/vn-11134259-7r98o-lwa9l8rpfs9n6e@resize_ss640x400,https://www.foody.vn/da-nang/gio-dong-quan-dac-san-dong-que,
241971,Cay Nóng - Lẩu & Nướng,"134 Núi Thành, Quận Hải Châu, Đà Nẵng",Quận Hải Châu,Đà Nẵng,16.052705,108.220413,6.53,11,111,0,,,,Đang cập nhật,False,False,False,False,,Quán ăn,Món Việt,https://down-vn.img.susercontent.com/vn-11134513-7r98o-lstxdvfuk53853@resize_ss640x400,https://www.foody.vn/da-nang/cay-nong-lau-nuong,/da-nang/cay-nong-lau-nuong/goi-mon
656420,Đất Quảng - Gà & Hải Sản Tươi Sống,"Lê Đại Hành, Quận Cẩm Lệ, Đà Nẵng",Quận Cẩm Lệ,Đà Nẵng,16.023439,108.204982,6.134,3,3,0,,,,Đang cập nhật,True,False,False,False,,"Quán ăn,, Quán nhậu",Món Miền Trung,https://down-vn.img.susercontent.com/vn-11134259-7r98o-lw9x2fa1dec969@resize_ss640x400,https://www.foody.vn/da-nang/dat-quang-ga-hai-san-tuoi-song,
676141,Đồng Dao - Hải Sản Bình Dân,"117 Lê Đại Hành, P. Hòa Thọ Đông, Quận Cẩm Lệ, Đà Nẵng",Quận Cẩm Lệ,Đà Nẵng,16.021697,108.199565,9.2,1,16,0,,,,Đang cập nhật,True,False,False,False,,Quán ăn,Món Miền Trung,https://down-vn.img.susercontent.com/vn-11134513-7r98o-lsu0qlm2gmmx17@resize_ss640x400,https://www.foody.vn/da-nang/dong-dao-hai-san-binh-dan,/da-nang/dong-dao-hai-san-binh-dan/goi-mon
10081,Nguyệt Ca Quán,"Lô 1278 Xô Viết Nghệ Tĩnh, Quận Hải Châu, Đà Nẵng",Quận Hải Châu,Đà Nẵng,16.032286,108.217368,6.6,1,23,0,,,,Đang cập nhật,True,False,False,False,,Quán ăn,Món Việt,https://down-vn.img.susercontent.com/vn-11134513-7r98o-lstq85fft03ocf@resize_ss640x400,https://www.foody.vn/da-nang/nguyet-ca-quan,/da-nang/nguyet-ca-quan/goi-mon
713212,Quảng Đà Quán - Lẩu Tiến Vua,"172 Nguyễn Phước Lan, Quận Cẩm Lệ, Đà Nẵng",Quận Cẩm Lệ,Đà Nẵng,16.021542,108.226,7.43,7,113,0,,,,0934 733 701,True,False,False,False,,"Quán ăn,, Quán nhậu",Món Việt,https://down-vn.img.susercontent.com/vn-11134513-7r98o-lsu252z2z1jt2a@resize_ss640x400,https://www.foody.vn/da-nang/quang-da-quan-lau-tien-vua,/da-nang/quang-da-quan-lau-tien-vua/goi-mon
7716,Bánh Bèo Bà Bé," 100 Hoàng Văn Thụ, Quận Hải Châu, Đà Nẵng",Quận Hải Châu,Đà Nẵng,16.0631156,108.2189593,6.902,115,443,0,,,,Đang cập nhật,True,False,False,False,,"Ăn vặt/vỉa hè,, Quán ăn",Món Miền Trung,https://down-vn.img.susercontent.com/vn-11134513-7r98o-lstq4550ye9wb8@resize_ss640x400,https://www.foody.vn/da-nang/ba-be-banh-beo,/da-nang/ba-be-banh-beo/goi-mon
935419,INDIAN CURRY- Authentic Indian Restaurant,"110 Phạm Cự Lượng, P. An Hải Bắc, Quận Sơn Trà, Đà Nẵng",Quận Sơn Trà,Đà Nẵng,16.0621162,108.2356672,7.902,6,29,0,,,,0707311084,True,False,False,False,,Quán ăn,Món Ấn Độ,https://down-vn.img.susercontent.com/vn-11134513-7r98o-lsu7zdt3z2ys85@resize_ss640x400,https://www.foody.vn/da-nang/nha-hang-an-do-indian-curry,/da-nang/nha-hang-an-do-indian-curry/goi-mon
11066,Dân Dã Quán - Các Món Nhậu,"265 Nguyễn Văn Linh (Số Mới), P. Vĩnh Trung, Quận Thanh Khê, Đà Nẵng",Quận Thanh Khê,Đà Nẵng,16.060011,108.212619,7.918,39,214,0,,,,Đang cập nhật,True,False,False,False,,Quán ăn,Món Việt,https://down-vn.img.susercontent.com/vn-11134513-7r98o-lstq9jdophhg7e@resize_ss640x400,https://www.foody.vn/da-nang/dan-da-quan-cac-mon-nhau,/da-nang/dan-da-quan-cac-mon-nhau/goi-mon
7983,Bún Bò - Hùng Vương,"244 Hùng Vương, P. Hải Châu 2, Quận Hải Châu, Đà Nẵng",Quận Hải Châu,Đà Nẵng,16.067718,108.216069,7.5,26,61,0,,,,Đang cập nhật,False,False,False,False,,Quán ăn,Món Miền Trung,https://down-vn.img.susercontent.com/vn-11134259-7r98o-lwgowb49z93v66@resize_ss640x400,https://www.foody.vn/da-nang/bun-bo-hung-vuong,
897147,Mr. Gà Tây - Trà Sữa & Ăn Vặt,"76 Lê Doãn Nhạ, P. Hòa Khánh Nam, Quận Liên Chiểu, Đà Nẵng",Quận Liên Chiểu,Đà Nẵng,16.067659,108.153208,7.5,2,27,0,,,,Đang cập nhật,False,False,False,False,,Quán ăn,,https://down-vn.img.susercontent.com/vn-11134513-7r98o-lsu784k9wp8kcf@resize_ss640x400,https://www.foody.vn/da-nang/mr-ga-tay-tra-sua-an-vat,/da-nang/mr-ga-tay-tra-sua-an-vat/goi-mon
746685,Trà Sữa Toco - Lê Doãn Nhạ,"74 Lê Doãn Nhạ, P. Hòa Khánh Nam, Quận Liên Chiểu, Đà Nẵng",Quận Liên Chiểu,Đà Nẵng,16.0674526,108.1533926,7.182,24,87,0,,,,Đang cập nhật,True,False,False,False,,Café/Dessert,Đài Loan,https://down-vn.img.susercontent.com/vn-11134513-7r98o-lsu3m1bz8yope5@resize_ss640x400,https://www.foody.vn/da-nang/tra-sua-toco-le-doan-nha,/da-nang/tra-sua-toco-le-doan-nha/goi-mon
91111,Quán Huệ - Tai Mui Nướng,"432 Ngô Quyền, Quận Sơn Trà, Đà Nẵng",Quận Sơn Trà,Đà Nẵng,16.08663,108.240437,7.276,8,39,0,,,,Đang cập nhật,False,False,False,False,,Quán ăn,Món Việt,https://down-vn.img.susercontent.com/vn-11134259-7r98o-lw9allt581jt3e@resize_ss640x400,https://www.foody.vn/da-nang/quan-hue-tai-mui-nuong,
632928,Huyền - Bánh Bèo & Nậm,"Kiệt 16 Ngô Gia Tự, P. Thạch Thang, Quận Hải Châu, Đà Nẵng",Quận Hải Châu,Đà Nẵng,16.0715425,108.2167613,7.0,2,23,0,,,,Đang cập nhật,False,False,False,False,,Ăn vặt/vỉa hè,Món Việt,https://down-vn.img.susercontent.com/vn-11134513-7r98o-lstz31ec9dj88d@resize_ss640x400,https://www.foody.vn/da-nang/huyen-banh-beo-nam,/da-nang/huyen-banh-beo-nam/goi-mon
1057664,Mì Tương Đen Hàn Quốc - Lê Mạnh Trinh,"86 Lê Mạnh Trinh, P. Phước Mỹ, Quận Sơn Trà, Đà Nẵng",Quận Sơn Trà,Đà Nẵng,16.0740002,108.2435918,7.05,4,36,0,,,,Đang cập nhật,True,False,False,False,,Nhà hàng,Món Hàn,https://down-vn.img.susercontent.com/vn-11134513-7r98o-lsv2fjto3d1geb@resize_ss640x400,https://www.foody.vn/da-nang/mi-tuong-den-han-quoc-le-manh-trinh,/da-nang/mi-tuong-den-han-quoc-le-manh-trinh/goi-mon
230756,Cháo Gạo Lứt & Xôi - Hoàng Diệu,"229 Hoàng Diệu, P. Nam Dương, Quận Hải Châu, Đà Nẵng",Quận Hải Châu,Đà Nẵng,16.059138,108.217119,7.952,13,62,0,,,,Đang cập nhật,False,False,False,False,,Ăn vặt/vỉa hè,Món Việt,https://down-vn.img.susercontent.com/vn-11134513-7r98o-lstx3l16lt509c@resize_ss640x400,https://www.foody.vn/da-nang/chao-gao-lut-xoi-hoang-dieu,/da-nang/chao-gao-lut-xoi-hoang-dieu/goi-mon
128705,Sinh Tố Tường Vy,"408 Núi Thành, Quận Hải Châu, Đà Nẵng",Quận Hải Châu,Đà Nẵng,16.038396,108.222033,5.0,1,12,0,,,,Đang cập nhật,False,False,False,False,,Ăn vặt/vỉa hè,Món Việt,https://down-vn.img.susercontent.com/vn-11134513-7r98o-lsttp21rjo9lbe@resize_ss640x400,https://www.foody.vn/da-nang/sinh-to-tuong-vy,/da-nang/sinh-to-tuong-vy/goi-mon
1148519,Bún Đậu Mắm Tôm Phất Lộc 5 - Bế Văn Đàn,"202 Bế Văn Đàn, P. Chính Gián, Quận Thanh Khê, Đà Nẵng",Quận Thanh Khê,Đà Nẵng,16.0649843,108.1950437,1.2,1,1,0,,,,Đang cập nhật,True,False,False,False,,Quán ăn,,https://down-vn.img.susercontent.com/vn-11134513-7r98o-lsv9ej8vuh095e@resize_ss640x400,https://www.foody.vn/da-nang/bun-dau-mam-tom-phat-loc-5-be-van-dan,/da-nang/bun-dau-mam-tom-phat-loc-5-be-van-dan/goi-mon
990090,"May Hotpot - Mỳ Cay & Ăn Vặt, Trà Sữa - Nguyễn Chánh","18 Nguyễn Chánh, P. Hoà Khánh Bắc, Quận Liên Chiểu, Đà Nẵng",Quận Liên Chiểu,Đà Nẵng,16.082084,108.147397,10.0,3,12,0,,,,0931123168,False,False,False,False,,Quán ăn,Món Hàn,https://down-vn.img.susercontent.com/vn-11134513-7r98o-lsu95yl0xyftd5@resize_ss640x400,https://www.foody.vn/da-nang/may-hotpot-my-cay-an-vat-tra-sua-nguyen-chanh,/da-nang/may-hotpot-my-cay-an-vat-tra-sua-nguyen-chanh/goi-mon
11762,Liên Hoa - Cơm Chay Dưỡng Sinh,"10/11 Hoàng Văn Thụ, P. Phước Ninh, Quận Hải Châu, Đà Nẵng",Quận Hải Châu,Đà Nẵng,16.0628135,108.2227716,6.978,64,381,0,,,,(0236) 3 707 331 - 0906 201 912,True,False,False,False,,"Ăn chay,, Quán ăn",Món Việt,https://down-vn.img.susercontent.com/vn-11134513-820l4-mj2qpzzjmsck23@resize_ss640x400,https://www.foody.vn/da-nang/lien-hoa-com-chay-duong-sinh,/da-nang/lien-hoa-com-chay-duong-sinh/goi-mon
1061469,Noa Bistro - Pizza,"3 Trần Nguyên Đán, P. Hòa Minh, Quận Liên Chiểu, Đà Nẵng",Quận Liên Chiểu,Đà Nẵng,16.076281,108.162192,8.0,1,45,0,,,,Đang cập nhật,True,False,False,False,,Quán ăn,Quốc tế,https://down-vn.img.susercontent.com/vn-11134513-7r98o-lsv2r91xpp5l58@resize_ss640x400,https://www.foody.vn/da-nang/noa-bistro-pizza,/da-nang/noa-bistro-pizza/goi-mon
944040,Bà Ngọc - Bún Thịt Nướng,"151 Phạm Như Xương, P. Hòa Khánh Nam, Quận Liên Chiểu, Đà Nẵng",Quận Liên Chiểu,Đà Nẵng,16.0649308,108.150281,10.0,4,7,0,,,,"0905598649, 0702371338 ( Ms. Thủy ) ",True,False,False,False,,Quán ăn,,https://down-vn.img.susercontent.com/vn-11134513-7r98o-lsu84v5b6xztda@resize_ss640x400,https://www.foody.vn/da-nang/ba-ngoc-bun-thit-nuong,/da-nang/ba-ngoc-bun-thit-nuong/goi-mon
216460,Cơm Tấm Thanh Quyền,"36 Phạm Như Xương, Quận Liên Chiểu, Đà Nẵng",Quận Liên Chiểu,Đà Nẵng,16.06272,108.157057,6.77,7,22,0,,,,Đang cập nhật,True,False,False,False,,Quán ăn,Món Việt,https://down-vn.img.susercontent.com/vn-11134259-7r98o-lwe6e4b4q9jt03@resize_ss640x400,https://www.foody.vn/da-nang/com-tam-thanh-quyen,
990092,Cơm Văn Phòng Green Foods,"627 Tôn Đức Thắng, P. Hòa Khánh Bắc, Quận Liên Chiểu, Đà Nẵng",Quận Liên Chiểu,Đà Nẵng,16.0693253,108.1511178,8.3,2,35,0,,,,0905019093,True,False,False,False,,Quán ăn,Món Việt,https://down-vn.img.susercontent.com/vn-11134513-7r98o-lsu95zsb6m5522@resize_ss640x400,https://www.foody.vn/da-nang/com-van-phong-green-foods,/da-nang/com-van-phong-green-foods/goi-mon
687536,Đũa Xanh Restaurant - Ẩm Thực Chay,"19 Trần Tống, P. Thạch Gián, Quận Thanh Khê, Đà Nẵng",Quận Thanh Khê,Đà Nẵng,16.058576,108.210534,7.45,4,19,0,,,,Đang cập nhật,True,False,False,False,,Nhà hàng,Món Việt,https://down-vn.img.susercontent.com/vn-11134513-7r98o-lsu14cu9r7o9ad@resize_ss640x400,https://www.foody.vn/da-nang/dua-xanh-restaurant-am-thuc-chay,/da-nang/dua-xanh-restaurant-am-thuc-chay/goi-mon
1071191,Quán Cơm & Ăn Vặt Thanh Xuân - Tôn Đức Thắng,"50 Tôn Đức Thắng, P. Hoà Minh, Quận Liên Chiểu, Đà Nẵng",Quận Liên Chiểu,Đà Nẵng,16.0615611,108.1775809,10.0,1,2,0,,,,Đang cập nhật,True,False,False,False,,Quán ăn,,https://down-vn.img.susercontent.com/vn-11134513-7r98o-lsv3mjo10fr890@resize_ss640x400,https://www.foody.vn/da-nang/quan-com-an-vat-thanh-xuan-ton-duc-thang,/da-nang/quan-com-an-vat-thanh-xuan-ton-duc-thang/goi-mon
1065183,Quán Mậu 2- Bánh Tráng Cuốn Thịt Heo - Đỗ Thúc Tịnh,"Số 47 Đỗ Thúc Tịnh, P. Khuê Trung, Quận Cẩm Lệ, Đà Nẵng",Quận Cẩm Lệ,Đà Nẵng,16.026546,108.209694,9.29,7,4,0,,,,Đang cập nhật,True,False,False,False,,Quán ăn,,https://down-vn.img.susercontent.com/vn-11134513-7r98o-lsv34mq2t3gk11@resize_ss640x400,https://www.foody.vn/da-nang/quan-mau-2-banh-trang-cuon-thit-heo-do-thuc-tinh,/da-nang/quan-mau-2-banh-trang-cuon-thit-heo-do-thuc-tinh/goi-mon
633244,Liên Hồng - Hải Sản Tươi Sống,"Lô 11 Võ Văn Kiệt, Quận Sơn Trà, Đà Nẵng",Quận Sơn Trà,Đà Nẵng,16.0633804360984,108.2429165393114,1.8,1,30,0,,,,0941 481 357,False,False,False,False,,Quán nhậu,Món Việt,https://down-vn.img.susercontent.com/vn-11134259-7r98o-lwbxad369ty3c0@resize_ss640x400,https://www.foody.vn/da-nang/lien-hong-hai-san-tuoi-song,
170016,Faifo Grill & Buffet Restaurant,"393 Lê Duẩn, Quận Hải Châu, Đà Nẵng",Quận Hải Châu,Đà Nẵng,16.069081,108.209435,7.422,269,2639,0,,,,(0236) 3 566 393,True,False,False,False,,"Nhà hàng,, Buffet","Món Nhật,, Món Hàn",https://down-vn.img.susercontent.com/vn-11134259-7r98o-lw9lbn722x23d2@resize_ss640x400,https://www.foody.vn/da-nang/faifo-grill-buffet-restaurant,
1086982,Hải Sản Phan - Hàu Nướng Mỡ Hành & Bạch Tuộc Sa Tế - Thái Thị Bôi,"178 Thái Thị Bôi , P. Chính Gián, Quận Thanh Khê, Đà Nẵng",Quận Thanh Khê,Đà Nẵng,16.0684873,108.1964889,10.0,1,0,0,,,,Đang cập nhật,False,False,False,False,,Quán ăn,,https://down-vn.img.susercontent.com/vn-11134513-7r98o-lsv4vbzxk7no2e@resize_ss640x400,https://www.foody.vn/da-nang/hai-san-phan-hau-nuong-mo-hanh-bach-tuoc-sa-te-thai-thi-boi,/da-nang/hai-san-phan-hau-nuong-mo-hanh-bach-tuoc-sa-te-thai-thi-boi/goi-mon
635358,SOHO Buffet & Alacarte,"Lô 1, Công Viên Bắc Tượng Đài, 2 Tháng 9, Quận Hải Châu, Đà Nẵng",Quận Hải Châu,Đà Nẵng,16.0478,108.222755,7.53,142,1191,0,,,,0914 633 078,True,False,False,False,,Buffet,Món Nhật,https://down-vn.img.susercontent.com/vn-11134259-7r98o-lwe1f1jwrye149@resize_ss640x400,https://www.foody.vn/da-nang/soho-buffet-alacarte,
851541,Khoái Ăn Hàng - Chân Gà Sả Ớt,"275 Hoàng Diệu, Quận Hải Châu, Đà Nẵng",Quận Hải Châu,Đà Nẵng,16.057831,108.217148,7.4,4,59,0,,,,Đang cập nhật,True,False,False,False,,Nhà hàng,Món Việt,https://down-vn.img.susercontent.com/vn-11134513-7r98o-lsu612zhizdl70@resize_ss640x400,https://www.foody.vn/da-nang/khoai-an-hang-chan-ga-sa-ot,/da-nang/khoai-an-hang-chan-ga-sa-ot/goi-mon
288465,Phú Sỹ Sơn Place - Nhà Hàng Tiệc Cưới,"ĐT 605, Huyện Hòa Vang, Đà Nẵng",Huyện Hòa Vang,Đà Nẵng,15.9790237249251,108.1857767701149,8.0,1,7,0,,,,Đang cập nhật,True,False,False,False,,Nhà hàng,Món Việt,https://down-vn.img.susercontent.com/vn-11134259-7r98o-lweve4isza3ffd@resize_ss640x400,https://www.foody.vn/da-nang/phu-sy-son-place-nha-hang-tiec-cuoi,
873414,Bếp Healthy - Shop Online,"9/12 Cô Giang, P. Phước Ninh, Quận Hải Châu, Đà Nẵng",Quận Hải Châu,Đà Nẵng,16.062404,108.2219109,8.534,3,6,0,,,,0905171209,False,False,False,False,,Shop Online,Món Việt,https://down-vn.img.susercontent.com/vn-11134513-7r98o-lsu6i1j42gm1bd@resize_ss640x400,https://www.foody.vn/da-nang/bep-healthy-shop-online,/da-nang/bep-healthy-shop-online/goi-mon
649694,Cô Bảy - Bún Bò & Mì Quảng,"12 Phan Tứ, P. Mỹ An, Quận Ngũ Hành Sơn, Đà Nẵng",Quận Ngũ Hành Sơn,Đà Nẵng,16.0450301,108.2412271,4.762,11,16,0,,,,0905 135 315,True,False,False,False,,Quán ăn,Món Quảng,https://down-vn.img.susercontent.com/vn-11134513-7r98o-lstzp82vhiv847@resize_ss640x400,https://www.foody.vn/da-nang/co-bay-bun-bo-mi-quang,/da-nang/co-bay-bun-bo-mi-quang/goi-mon
973531,Quán Hồng - Cháo Gạo Lứt & Xôi Cá Mặn,"Đối Diện 66 Võ Văn Tần, P. Chính Gián, Quận Thanh Khê, Đà Nẵng",Quận Thanh Khê,Đà Nẵng,16.0672032,108.202769,10.0,1,2,0,,,,0778617333,False,False,False,False,,Ăn vặt/vỉa hè,Món Miền Trung,https://down-vn.img.susercontent.com/vn-11134513-7r98o-lsu8qq6bh0p077@resize_ss640x400,https://www.foody.vn/da-nang/quan-hong-chao-gao-lut-xoi-ca-man,/da-nang/quan-hong-chao-gao-lut-xoi-ca-man/goi-mon
959375,Cháo Gạo Lứt - Xôi Cá Bà Ngoại,"Kiệt 180 Ông Ích Khiêm (Ngay đầu kiệt bên tay trái), Quận Hải Châu, Đà Nẵng",Quận Hải Châu,Đà Nẵng,16.072228,108.213146,8.2,4,18,0,,,,Đang cập nhật,False,False,False,False,,Ăn vặt/vỉa hè,Món Việt,https://down-vn.img.susercontent.com/vn-11134513-7r98o-lsu8hv6caffd16@resize_ss640x400,https://www.foody.vn/da-nang/chao-gao-lut-xoi-ca-ba-ngoai,/da-nang/chao-gao-lut-xoi-ca-ba-ngoai/goi-mon
131450,Hải Sản Châu Sơn - Nại Tú 2,"21 Nại Tú 2, Quận Sơn Trà, Đà Nẵng",Quận Sơn Trà,Đà Nẵng,16.08196,108.229436,5.65,28,192,0,,,,Đang cập nhật,False,False,False,False,,Quán ăn,Món Việt,https://down-vn.img.susercontent.com/vn-11134259-7r98o-lwd15irpsyjdce@resize_ss640x400,https://www.foody.vn/da-nang/hai-san-chau-son-1,
96158,Chè Thái Na Na,"K183/5 Hoàng Diệu, P. Nam Dương, Quận Hải Châu, Đà Nẵng",Quận Hải Châu,Đà Nẵng,16.0612208,108.2177154,7.556,66,239,0,,,,0905 625 512,True,False,False,False,,Ăn vặt/vỉa hè,Món Thái,https://down-vn.img.susercontent.com/vn-11134513-7r98o-lstsl68mogpl49@resize_ss640x400,https://www.foody.vn/da-nang/che-thai-na-na,/da-nang/che-thai-na-na/goi-mon
267817,Cơm Gà Ngọc Ký,"213 Đống Đa, Quận Hải Châu, Đà Nẵng",Quận Hải Châu,Đà Nẵng,16.076058,108.21569,6.75,4,16,0,,,,0905 405 501,True,False,False,False,,Quán ăn,Món Việt,https://down-vn.img.susercontent.com/vn-11134259-7r98o-lw9pjanx07h51b@resize_ss640x400,https://www.foody.vn/da-nang/com-ga-ngoc-ky,
987204,Cháo Dinh Dưỡng & Súp Cua YOYO - Phan Đăng Lưu,"100 Phan Đăng Lưu, P. Hòa Cường Bắc, Quận Hải Châu, Đà Nẵng",Quận Hải Châu,Đà Nẵng,16.036152,108.218763,7.95,4,8,0,,,,Đang cập nhật,True,False,False,False,,Quán ăn,Món Miền Trung,https://down-vn.img.susercontent.com/vn-11134513-7r98o-lsu93bcoaxll9a@resize_ss640x400,https://www.foody.vn/da-nang/chao-dinh-duong-sup-cua-yoyo-phan-dang-luu,/da-nang/chao-dinh-duong-sup-cua-yoyo-phan-dang-luu/goi-mon
719505,BonPas Bakery & Cafe - Xô Viết Nghệ Tĩnh,"2 Xô Viết Nghệ Tĩnh, P. Hoà Cường Nam, Quận Hải Châu, Đà Nẵng",Quận Hải Châu,Đà Nẵng,16.033114,108.223684,7.664,41,228,0,,,,Đang cập nhật,True,False,False,False,,Café/Dessert,Món Việt,https://down-vn.img.susercontent.com/vn-11134513-81ztc-moqossrnvmry32@resize_ss640x400,https://www.foody.vn/da-nang/bonpas-bakery-cafe-xo-viet-nghe-tinh,/da-nang/bonpas-bakery-cafe-xo-viet-nghe-tinh/goi-mon
169429,Bánh Mì Heo Quay Chị Lành,"257 Nguyễn Chí Thanh, P. Phước Ninh, Quận Hải Châu, Đà Nẵng",Quận Hải Châu,Đà Nẵng,16.065952,108.22089,7.4,6,20,0,,,,Đang cập nhật,False,False,False,False,,Ăn vặt/vỉa hè,Món Việt,https://down-vn.img.susercontent.com/vn-11134513-7r98o-lstv2fc8qh1g7a@resize_ss640x400,https://www.foody.vn/da-nang/banh-mi-heo-quay-chi-lanh,/da-nang/banh-mi-heo-quay-chi-lanh/goi-mon
1083597,Trà Sữa Ông Nội Quán - Đống Đa,"Số 116 Đống Đa, P. Thuận Phước, Quận Hải Châu, Đà Nẵng",Quận Hải Châu,Đà Nẵng,16.0807774,108.2184529,5.5,4,2,0,,,,Đang cập nhật,True,False,False,False,,Café/Dessert,,https://down-vn.img.susercontent.com/vn-11134513-7r98o-lsv4k8esb4plfd@resize_ss640x400,https://www.foody.vn/da-nang/tra-sua-ong-noi-quan-dong-da,/da-nang/tra-sua-ong-noi-quan-dong-da/goi-mon
730036,Cake & Food MUP's,"13 Bàu Năng 15, P. Hòa Minh, Quận Liên Chiểu, Đà Nẵng",Quận Liên Chiểu,Đà Nẵng,16.069421,108.170942,6.44,5,14,0,,,,Đang cập nhật,True,False,False,False,,Tiệm bánh,Món Việt,https://down-vn.img.susercontent.com/vn-11134513-7r98o-lsu2ue61jvrt61@resize_ss640x400,https://www.foody.vn/da-nang/cake-food-mup-s,/da-nang/cake-food-mup-s/goi-mon
722001,Bà Hoa - Bún Mắm & Bánh Mì Thịt Heo Quay,"103 Nguyễn Công Trứ, P. An Hải Bắc, Quận Sơn Trà, Đà Nẵng",Quận Sơn Trà,Đà Nẵng,16.067519,108.233709,8.0,1,5,0,,,,Đang cập nhật,False,False,False,False,,Ăn vặt/vỉa hè,Món Quảng,https://down-vn.img.susercontent.com/vn-11134513-7r98o-lsu2kw1487mh61@resize_ss640x400,https://www.foody.vn/da-nang/ba-hoa-bun-mam-banh-mi-thit-heo-quay,/da-nang/ba-hoa-bun-mam-banh-mi-thit-heo-quay/goi-mon
264351,Tuân Núi Quán - Gà & Thịt Thỏ,"98 Yết Kiêu, P. Thọ Quang, Quận Sơn Trà, Đà Nẵng",Quận Sơn Trà,Đà Nẵng,16.1163265316365,108.2425624877214,7.866,3,13,0,,,,01647 357 585,True,False,False,False,,"Quán ăn,, Quán nhậu",Món Việt,https://down-vn.img.susercontent.com/vn-11134259-7r98o-lwdamip7l0wpc1@resize_ss640x400,https://www.foody.vn/da-nang/tuan-nui-quan-ga-thit-tho,
108041,Thịt Thỏ Thanh Nhu,"Yết Kiêu, Quận Sơn Trà, Đà Nẵng",Quận Sơn Trà,Đà Nẵng,16.116482,108.239617,7.56,10,78,0,,,,01698 879 485 - 0987 884 654,True,False,False,False,,Quán ăn,Món Quảng,https://down-vn.img.susercontent.com/vn-11134513-7r98o-lstsxb1xge6c20@resize_ss640x400,https://www.foody.vn/da-nang/thit-tho-thanh-nhu,/da-nang/thit-tho-thanh-nhu/goi-mon
726654,Khúc Lan Quán - Các Món Nhậu,"1 Nguyễn Huy Tưởng, P. Hòa Minh, Quận Liên Chiểu, Đà Nẵng",Quận Liên Chiểu,Đà Nẵng,16.0559549,108.1691809,8.4,1,0,0,,,,0905 651 421,True,False,False,False,,Quán nhậu,Món Việt,https://down-vn.img.susercontent.com/vn-11134513-7r98o-lsu2p5ymyv8963@resize_ss640x400,https://www.foody.vn/da-nang/khuc-lan-quan-cac-mon-nhau,/da-nang/khuc-lan-quan-cac-mon-nhau/goi-mon
1000022934,"Tiệm Bánh Canh Cô Út - Bánh Canh Tôm Thịt, Bánh Canh Cá & Bánh Canh Xương","252 Tô Hiến Thành, P. Phước Mỹ, Quận Sơn Trà, Đà Nẵng",Quận Sơn Trà,Đà Nẵng,16.0567158,108.2441312,9.6,1,0,0,,,,Đang cập nhật,True,False,False,False,,"Café/Dessert,, Quán ăn",Món Miền Trung,https://down-vn.img.susercontent.com/vn-11134513-7r98o-lsvdx6ygq18k70@resize_ss640x400,https://www.foody.vn/da-nang/tiem-banh-canh-co-ut-banh-canh-tom-thit-banh-canh-ca-banh-canh-xuong,/da-nang/tiem-banh-canh-co-ut-banh-canh-tom-thit-banh-canh-ca-banh-canh-xuong/goi-mon
961411,Bánh Canh Xương Mắt Heo,"190 Hải Phòng, P. Tân Chính, Quận Thanh Khê, Đà Nẵng",Quận Thanh Khê,Đà Nẵng,16.071615,108.211904,7.4,1,9,0,,,,Đang cập nhật,True,False,False,False,,Ăn vặt/vỉa hè,Món Việt,https://down-vn.img.susercontent.com/vn-11134513-7r98o-lsu8ioxcr4pl0b@resize_ss640x400,https://www.foody.vn/da-nang/banh-canh-xuong-mat-heo,/da-nang/banh-canh-xuong-mat-heo/goi-mon
1050644,Hai Ông - Bò Lá Lốt & Cá Nục Nướng,"137 Lê Thanh Nghị, P. Hòa Cường Bắc, Quận Hải Châu, Đà Nẵng",Quận Hải Châu,Đà Nẵng,16.03931,108.217802,9.976,8,12,0,,,,Đang cập nhật,False,False,False,False,,Quán ăn,Món Việt,https://down-vn.img.susercontent.com/vn-11134513-7r98o-lsv1shejb9okbc@resize_ss640x400,https://www.foody.vn/da-nang/hai-ong-bo-la-lot-ca-nuc-nuong,/da-nang/hai-ong-bo-la-lot-ca-nuc-nuong/goi-mon
169119,Quán Ty - Nem Lụi & Bún Thịt Nướng,"Ngô Gia Tự, P. Hải Châu 2, Quận Hải Châu, Đà Nẵng",Quận Hải Châu,Đà Nẵng,16.0701955129001,108.216777741909,8.7,2,8,0,,,,0905 661 130,False,False,False,False,,Quán ăn,,https://down-vn.img.susercontent.com/vn-11134259-7r98o-lw9u27zrvuft58@resize_ss640x400,https://www.foody.vn/da-nang/quan-ty-nem-lui-bun-thit-nuong,
948697,Law Coffee - Bar,"7 Khúc Hạo, P. Mân Thái, Quận Sơn Trà, Đà Nẵng",Quận Sơn Trà,Đà Nẵng,16.086389,108.2394451,8.0,1,49,0,,,,0924488884,True,False,False,False,,Café/Dessert,,https://down-vn.img.susercontent.com/vn-11134513-7r98o-lsu89wnvkec9b9@resize_ss640x400,https://www.foody.vn/da-nang/law-coffee-bar,/da-nang/law-coffee-bar/goi-mon
204725,Jazz Bar - Cafe - Restaurant,"68 Võ Nguyên Giáp, P. Mân Thái, Quận Sơn Trà, Đà Nẵng",Quận Sơn Trà,Đà Nẵng,16.081902,108.247496,8.4,13,165,0,,,,(0236) 3 911 996,True,False,False,False,,Nhà hàng,Món Việt,https://down-vn.img.susercontent.com/vn-11134513-7r98o-lstw74890azdec@resize_ss640x400,https://www.foody.vn/da-nang/jazz-bar-cafe-restaurant,/da-nang/jazz-bar-cafe-restaurant/goi-mon
158123,Đồng Tiến Bakery - Vân Đồn,"124 Vân Đồn, P. Nại Hiên Đông, Quận Sơn Trà, Đà Nẵng",Quận Sơn Trà,Đà Nẵng,16.088588,108.232435,7.304,27,120,0,,,,(0236) 3 566 338 - 01206 228 183 - 01213 638 484,True,False,False,False,,Tiệm bánh,Món Việt,https://down-vn.img.susercontent.com/vn-11134513-81ztc-mo4yvffsv2te33@resize_ss640x400,https://www.foody.vn/da-nang/dong-tien-bakery-van-don,/da-nang/dong-tien-bakery-van-don/goi-mon
1048867,Cà Phê Vườn Chuối - Nguyễn Sáng,"22 Nguyễn Sáng, P. Mân Thái, Quận Sơn Trà, Đà Nẵng",Quận Sơn Trà,Đà Nẵng,16.0885688,108.246681,8.8,1,2,0,,,,Đang cập nhật,True,False,False,False,,Café/Dessert,Món Việt,https://down-vn.img.susercontent.com/vn-11134513-7r98o-lsv1p3pdeklgb5@resize_ss640x400,https://www.foody.vn/da-nang/ca-phe-vuon-chuoi-nguyen-sang,/da-nang/ca-phe-vuon-chuoi-nguyen-sang/goi-mon
235823,My Love - Kem & Trà Sữa,"75 Bùi Dương Lịch, P. Nại Hiên Đông, Quận Sơn Trà, Đà Nẵng",Quận Sơn Trà,Đà Nẵng,16.0908263,108.2356514,8.4,2,3,0,,,,Đang cập nhật,True,False,False,False,,Café/Dessert,Món Việt,https://down-vn.img.susercontent.com/vn-11134513-7r98o-lstx6odpnt7dfe@resize_ss640x400,https://www.foody.vn/da-nang/my-love-kem-tra-sua,/da-nang/my-love-kem-tra-sua/goi-mon
1034560,360 Coffee & Milk Tea,"16/10 Trương Định, P. Mân Thái, Quận Sơn Trà, Đà Nẵng",Quận Sơn Trà,Đà Nẵng,16.0889664,108.2430228,8.6,1,36,0,,,,Đang cập nhật,True,False,False,False,,Café/Dessert,Món Việt,https://down-vn.img.susercontent.com/vn-11134513-7r98o-lsuasdgpms2h54@resize_ss640x400,https://www.foody.vn/da-nang/360-coffee-milk-tea,/da-nang/360-coffee-milk-tea/goi-mon
11326,Quỳnh Hương - Trà & Cafe,"Lô D2, 10 - 11 - 12 Trần Nhân Tông, Quận Sơn Trà, Đà Nẵng",Quận Sơn Trà,Đà Nẵng,16.089462,108.239445,6.666,6,18,0,,,,(0236) 3 911 116 - 0989 437 357,True,False,False,False,,Café/Dessert,Món Việt,https://down-vn.img.susercontent.com/vn-11134259-7r98o-lwae2xjtgwrd89@resize_ss640x400,https://www.foody.vn/da-nang/quynh-huong-tra-cafe,
165059,Quán 09 - Bò Né,"09 Nguyễn Quyền, Quận Cẩm Lệ, Đà Nẵng",Quận Cẩm Lệ,Đà Nẵng,16.054796,108.172046,7.8,1,8,0,,,,Đang cập nhật,False,False,False,False,,Quán ăn,Món Việt,https://down-vn.img.susercontent.com/vn-11134259-7r98o-lwe2uro5siqh72@resize_ss640x400,https://www.foody.vn/da-nang/quan-09-bo-ne,
748778,Bánh Tráng Thịt Heo Đại Lộc - 82 Trưng Nữ Vương,"82 Trưng Nữ Vương, P. Bình Hiên, Quận Hải Châu, Đà Nẵng",Quận Hải Châu,Đà Nẵng,16.059348,108.221537,7.99,20,49,0,,,,Đang cập nhật,True,False,False,False,,Quán ăn,Món Quảng,https://down-vn.img.susercontent.com/vn-11134513-7r98o-lsu3omx8ah1gd1@resize_ss640x400,https://www.foody.vn/da-nang/banh-trang-thit-heo-dai-loc-82-trung-nu-vuong,/da-nang/banh-trang-thit-heo-dai-loc-82-trung-nu-vuong/goi-mon
680196,Bún Mắm & Mì Quảng - Núi Thành,"96 Núi Thành, Quận Hải Châu, Đà Nẵng",Quận Hải Châu,Đà Nẵng,16.051799,108.220506,6.8,1,2,0,,,,Đang cập nhật,True,False,False,False,,Quán ăn,Món Miền Trung,https://down-vn.img.susercontent.com/vn-11134259-7r98o-lwhxrkl99ot52b@resize_ss640x400,https://www.foody.vn/da-nang/bun-mam-mi-quang-nui-thanh,
910820,Say - Mì Cay & Trà Sữa,"70 Dũng Sĩ Thanh Khê, P. Thanh Khê Tây, Quận Thanh Khê, Đà Nẵng",Quận Thanh Khê,Đà Nẵng,16.073015,108.177813,8.212,18,38,0,,,,Đang cập nhật,True,False,False,False,,Quán ăn,,https://down-vn.img.susercontent.com/vn-11134513-7r98o-lsu7j1jwtcih59@resize_ss640x400,https://www.foody.vn/da-nang/say-mi-cay-tra-sua,/da-nang/say-mi-cay-tra-sua/goi-mon
132459,Cơm Kim Long - Ngô Gia Tự,"125/8 Ngô Gia Tự, P. Hải Châu 2, Quận Hải Châu, Đà Nẵng",Quận Hải Châu,Đà Nẵng,16.06636,108.218123,7.1,22,97,0,,,,0905 349 110,True,False,False,False,,Quán ăn,Món Miền Trung,https://down-vn.img.susercontent.com/vn-11134513-7r98o-lsttsatmp8d5b6@resize_ss640x400,https://www.foody.vn/da-nang/com-kim-long,/da-nang/com-kim-long/goi-mon
936982,Ốc Nguyễn Gia,"60 Phan Tứ, Quận Ngũ Hành Sơn, Đà Nẵng",Quận Ngũ Hành Sơn,Đà Nẵng,16.046635,108.247308,9.144,15,77,0,,,,0393781130,False,False,False,False,,Quán ăn,Món Miền Trung,https://down-vn.img.susercontent.com/vn-11134513-7r98o-lsu811ciugg4c6@resize_ss640x400,https://www.foody.vn/da-nang/oc-nguyen-gia,/da-nang/oc-nguyen-gia/goi-mon
1000029684,Kenbar - Coffee - Nguyễn Tất Thành,"899 Nguyễn Tất Thành, P. Xuân Hà, Quận Thanh Khê, Đà Nẵng",Quận Thanh Khê,Đà Nẵng,16.0722186,108.1933837,8.3,2,3,0,,,,Đang cập nhật,True,False,False,False,,Café/Dessert,Món Miền Trung,https://down-vn.img.susercontent.com/vn-11134513-7r98o-lsvemg5k81c4f0@resize_ss640x400,https://www.foody.vn/da-nang/kenbar-coffee-nguyen-tat-thanh.5s99bl,/da-nang/kenbar-coffee-nguyen-tat-thanh.5s99bl/goi-mon
158770,Bún Đậu Mắm Tôm 180 - Nguyễn Thiện Thuật,"17B Nguyễn Thiện Thuật, P. Bình Thuận, Quận Hải Châu, Đà Nẵng",Quận Hải Châu,Đà Nẵng,16.056363,108.221077,7.046,247,1108,0,,,,090 646 88 77,True,False,False,False,,Quán ăn,Hà Nội,https://down-vn.img.susercontent.com/vn-11134513-7ras8-mczu86glbj4s1b@resize_ss640x400,https://www.foody.vn/da-nang/bun-dau-mam-tom-180-nguyen-thien-thuat,/da-nang/bun-dau-mam-tom-180-nguyen-thien-thuat/goi-mon
684597,Creamtaco,"53 Nại Nam 5, P. Hòa Cường Bắc, Quận Hải Châu, Đà Nẵng",Quận Hải Châu,Đà Nẵng,16.035043,108.230989,8.46,57,233,0,,,,Đang cập nhật,False,False,False,False,,Café/Dessert,,https://down-vn.img.susercontent.com/vn-11134513-7r98o-lsu0zl5r2gt548@resize_ss640x400,https://www.foody.vn/da-nang/creamtaco,/da-nang/creamtaco/goi-mon
631785,Tiệm Cà Phê - Nguyễn Tri Phương,"147 Nguyễn Tri Phương, P. Vĩnh Trung, Quận Thanh Khê, Đà Nẵng",Quận Thanh Khê,Đà Nẵng,16.0556929,108.2101822,8.068,24,91,0,,,,Đang cập nhật,True,False,False,False,,Café/Dessert,Món Việt,https://down-vn.img.susercontent.com/vn-11134513-7r98o-lstz2j0v5d3tc8@resize_ss640x400,https://www.foody.vn/da-nang/tiem-ca-phe-nguyen-tri-phuong,/da-nang/tiem-ca-phe-nguyen-tri-phuong/goi-mon
125006,Cóc Cóc Cafe,"15 Lê Đình Lý, Quận Thanh Khê, Đà Nẵng",Quận Thanh Khê,Đà Nẵng,16.058997,108.211224,7.268,15,98,0,,,,Đang cập nhật,True,False,False,False,,Café/Dessert,,https://down-vn.img.susercontent.com/vn-11134513-7r98o-lsttkhudu9j8a6@resize_ss640x400,https://www.foody.vn/da-nang/coc-coc-cafe,/da-nang/coc-coc-cafe/goi-mon
1185634,Cà Phê Muối Chị Phương - 43 Phạm Văn Nghi,"43 Phạm Văn Nghi, P. Thạc Gián, Quận Thanh Khê, Đà Nẵng",Quận Thanh Khê,Đà Nẵng,16.058157,108.209763,9.502,16,18,0,,,,Đang cập nhật,True,False,False,False,,Quán ăn,,https://down-vn.img.susercontent.com/vn-11134513-7ras8-m0e0j5gqd4sv40@resize_ss640x400,https://www.foody.vn/da-nang/ca-phe-muoi-chi-phuong-43-pham-van-nghi,/da-nang/ca-phe-muoi-chi-phuong-43-pham-van-nghi/goi-mon
1140683,Trà Trái Cây Madam Cool - 93 Nguyễn Tri Phương,"93 Nguyễn Tri Phương, P. Thạc Gián, Quận Thanh Khê, Đà Nẵng",Quận Thanh Khê,Đà Nẵng,16.0567276,108.2081547,9.9,4,3,0,,,,Đang cập nhật,True,False,False,False,,"Café/Dessert,, Quán ăn",,https://down-vn.img.susercontent.com/vn-11134513-7r98o-lsv8v4h4evtla8@resize_ss640x400,https://www.foody.vn/da-nang/tra-trai-cay-madam-cool-93-nguyen-tri-phuong,/da-nang/tra-trai-cay-madam-cool-93-nguyen-tri-phuong/goi-mon
1035198,Đặc Sản Lươn Nghệ An - Nguyễn Hữu Thọ,"28 Nguyễn Hữu Thọ, P. Hoà Thuận Nam, Quận Hải Châu, Đà Nẵng",Quận Hải Châu,Đà Nẵng,16.051267,108.2086649,6.6,2,1,0,,,,Đang cập nhật,False,False,False,False,,Quán ăn,Món Miền Trung,https://down-vn.img.susercontent.com/vn-11134513-7r98o-lsv0ka2g1gas43@resize_ss640x400,https://www.foody.vn/da-nang/dac-san-luon-nghe-an-nguyen-huu-tho,/da-nang/dac-san-luon-nghe-an-nguyen-huu-tho/goi-mon
925139,Healthy Food Vui Vẻ - Ăn Kiêng - Hải Phòng,"223/19 Hải Phòng, P. Tân Chính, Quận Thanh Khê, Đà Nẵng",Quận Thanh Khê,Đà Nẵng,16.07148,108.2113735,9.2,2,6,0,,,,Đang cập nhật,True,False,False,False,,Shop Online,Món Việt,https://down-vn.img.susercontent.com/vn-11134513-7r98o-lsu7qckdxdqc51@resize_ss640x400,https://www.foody.vn/da-nang/healthy-food-vui-ve-an-kieng-hai-phong,/da-nang/healthy-food-vui-ve-an-kieng-hai-phong/goi-mon
1239153,Ăn Vặt Mỹ Mỹ - Chân Gà Sốt Thái Sả Tắc,"K199/8 Hoàng Diệu, P. Nam Dương, Quận Hải Châu, Đà Nẵng",Quận Hải Châu,Đà Nẵng,16.0599256,108.2177087,10.0,1,0,0,,,,Đang cập nhật,True,False,False,False,,Quán ăn,,https://down-vn.img.susercontent.com/vn-11134259-7ras8-m63tztmu6at22a@resize_ss640x400,https://www.foody.vn/da-nang/an-vat-my-my-chan-ga-sot-thai-sa-tac,/da-nang/an-vat-my-my-chan-ga-sot-thai-sa-tac/goi-mon
1045790,Tiệm Cơm Cà Mèn - Gà Nướng Muối Ớt Lá Chanh,"64 Phạm Thiều, Quận Sơn Trà, Đà Nẵng",Quận Sơn Trà,Đà Nẵng,16.072147,108.242655,5.832,6,21,0,,,,Đang cập nhật,True,False,False,False,,Quán ăn,Món Việt,https://down-vn.img.susercontent.com/vn-11134513-7r98o-lsv1fp7oquh0c0@resize_ss640x400,https://www.foody.vn/da-nang/tiem-com-ca-men-ga-nuong-muoi-ot-la-chanh,/da-nang/tiem-com-ca-men-ga-nuong-muoi-ot-la-chanh/goi-mon
109036,Trà Sữa Tic Tac Tea,"122 Nguyễn Chí Thanh, P. Hải Châu 1, Quận Hải Châu, Đà Nẵng",Quận Hải Châu,Đà Nẵng,16.067893,108.221061,7.068,107,338,0,,,,Đang cập nhật,False,False,False,False,,Ăn vặt/vỉa hè,Món Việt,https://down-vn.img.susercontent.com/vn-11134513-7r98o-lstsyi12kc7842@resize_ss640x400,https://www.foody.vn/da-nang/tra-sua-tic-tac-tea,/da-nang/tra-sua-tic-tac-tea/goi-mon
1140706,Bánh Xèo Tôm Nhảy Năm Hiền - Phan Đăng Lưu,"132 Phan Đăng Lưu, P. Hòa Cường Bắc, Quận Hải Châu, Đà Nẵng",Quận Hải Châu,Đà Nẵng,16.0365693,108.2168173,7.6,2,3,0,,,,Đang cập nhật,True,False,False,False,,Quán ăn,,https://down-vn.img.susercontent.com/vn-11134513-7r98o-lsv8ugov7wskb8@resize_ss640x400,https://www.foody.vn/da-nang/banh-xeo-tom-nhay-nam-hien-phan-dang-luu,/da-nang/banh-xeo-tom-nhay-nam-hien-phan-dang-luu/goi-mon
1073261,"Cô Chi Bánh Cuốn, Bánh Bèo","135 Châu Thị Vĩnh Tế, P. Mỹ An, Quận Ngũ Hành Sơn, Đà Nẵng",Quận Ngũ Hành Sơn,Đà Nẵng,16.0491335,108.2409685,1.0,1,4,0,,,,Đang cập nhật,False,False,False,False,,Quán ăn,,https://down-vn.img.susercontent.com/vn-11134259-7r98o-lwe80nuolfiz0d@resize_ss640x400,https://www.foody.vn/da-nang/co-chi-banh-cuon-banh-beo,/da-nang/co-chi-banh-cuon-banh-beo/goi-mon
22448,Đông Tây Quán - Nhậu Bình Dân,"Lô 15-17 Bình Minh1, P. Bình Thuận, Quận Hải Châu, Đà Nẵng",Quận Hải Châu,Đà Nẵng,16.055108,108.221536,7.86,10,77,0,,,,Đang cập nhật,True,False,False,False,,"Quán ăn,, Quán nhậu",Món Việt,https://down-vn.img.susercontent.com/vn-11134513-7r98o-lstqqqf2tih060@resize_ss640x400,https://www.foody.vn/da-nang/dong-tay-quan-nhau-binh-dan,/da-nang/dong-tay-quan-nhau-binh-dan/goi-mon
199303,Bánh Mì & Bánh Bao Ba Hưng Bakery - 47 Nguyễn Văn Thoại,"47 Nguyễn Văn Thoại, Quận Sơn Trà, Đà Nẵng",Quận Sơn Trà,Đà Nẵng,16.053841,108.237523,6.34,38,94,0,,,,(0236) 3 987 919 ,True,False,False,False,,Tiệm bánh,Món Việt,https://down-vn.img.susercontent.com/vn-11134513-7r98o-lstw317m5fpgef@resize_ss640x400,https://www.foody.vn/da-nang/banh-mi-banh-bao-ba-hung-bakery-47-nguyen-van-thoai,/da-nang/banh-mi-banh-bao-ba-hung-bakery-47-nguyen-van-thoai/goi-mon
729121,Selfie Milktea & Coffee,"15B Hàm Tử, Quận Ngũ Hành Sơn, Đà Nẵng",Quận Ngũ Hành Sơn,Đà Nẵng,16.047022,108.236893,7.96,5,33,0,,,,Đang cập nhật,True,False,False,False,,Café/Dessert,Món Việt,https://down-vn.img.susercontent.com/vn-11134513-7r98o-lsu2uiahink45a@resize_ss640x400,https://www.foody.vn/da-nang/selfie-milktea-coffee,/da-nang/selfie-milktea-coffee/goi-mon
650714,Trà Sữa & Ăn Vặt - Cafe FALYN,"124 Châu Thị Vĩnh Tế, P. Mỹ An, Quận Ngũ Hành Sơn, Đà Nẵng",Quận Ngũ Hành Sơn,Đà Nẵng,16.049699,108.240672,8.2,13,160,0,,,,0935 735 246 - 0974 346 522,True,False,False,False,,Ăn vặt/vỉa hè,Món Việt,https://down-vn.img.susercontent.com/vn-11134513-7r98o-lstzpgip4wwp77@resize_ss640x400,https://www.foody.vn/da-nang/tra-sua-an-vat-cafe-falyn,/da-nang/tra-sua-an-vat-cafe-falyn/goi-mon
17943,Chân Gà Nướng Hà Nội - Núi Thành,"420 Núi Thành, Quận Hải Châu, Đà Nẵng",Quận Hải Châu,Đà Nẵng,16.036637,108.222263,8.6,1,1,0,,,,0984 740 615,True,False,False,False,,Quán ăn,Món Việt,https://down-vn.img.susercontent.com/vn-11134259-7r98o-lwbuh35fnsgp34@resize_ss640x400,https://www.foody.vn/da-nang/chan-ga-nuong-ha-noi-nui-thanh,
200072,Ẩm Thực Chay Đà Nẵng,"60 Thái Phiên, Quận Hải Châu, Đà Nẵng",Quận Hải Châu,Đà Nẵng,16.0651,108.221731,5.244,14,40,0,,,,Đang cập nhật,True,False,False,False,,Ăn chay,Món Việt,https://down-vn.img.susercontent.com/vn-11134513-7r98o-lstw1ve3s1ax86@resize_ss640x400,https://www.foody.vn/da-nang/am-thuc-chay-da-nang,/da-nang/am-thuc-chay-da-nang/goi-mon
973782,Đồ Chay Bé Văn,"259 Hùng Vương , Quận Thanh Khê, Đà Nẵng",Quận Thanh Khê,Đà Nẵng,16.066978,108.212975,8.0,1,6,0,,,,Đang cập nhật,False,False,False,False,,Ăn chay,Món Miền Trung,https://down-vn.img.susercontent.com/vn-11134259-7r98o-lwglfxvrwt7d1d@resize_ss640x400,https://www.foody.vn/da-nang/do-chay-be-van,
996559,"Highlands Coffee - Trà, Cà Phê & Bánh - Azura","339 Trần Hưng Đạo, P. An Hải Bắc, Quận Sơn Trà, Đà Nẵng",Quận Sơn Trà,Đà Nẵng,16.071601,108.229293,6.05,4,2,0,,,,Đang cập nhật,True,False,False,False,,Café/Dessert,Món Việt,https://down-vn.img.susercontent.com/vn-11134513-81ztc-moj11njsakuj15@resize_ss640x400,https://www.foody.vn/da-nang/highlands-coffee-tra-ca-phe-banh-azura,/da-nang/highlands-coffee-tra-ca-phe-banh-azura/goi-mon
772475,Mì Quảng Cô Nuôi - Ngô Quyền,"908 Ngô Quyền (Ngã tư Nguyễn Công Trứ - Ngô Quyền), P. An Hải Bắc, Quận Sơn Trà, Đà Nẵng",Quận Sơn Trà,Đà Nẵng,16.067643,108.232311,9.72,5,8,0,,,,Đang cập nhật,False,False,False,False,,Quán ăn,Món Quảng,https://down-vn.img.susercontent.com/vn-11134513-7r98o-lsu4qwwtrrgk69@resize_ss640x400,https://www.foody.vn/da-nang/mi-quang-co-nuoi-ngo-quyen,/da-nang/mi-quang-co-nuoi-ngo-quyen/goi-mon
1032150,Gánh Nướng Hội An - Thịt Nướng & Nem Lụi,"72 Mai Hắc Đế, P. An Hải Tây, Quận Sơn Trà, Đà Nẵng",Quận Sơn Trà,Đà Nẵng,16.063276,108.23167,9.0,2,20,0,,,,0933191609,False,False,False,False,,Ăn vặt/vỉa hè,Món Việt,https://down-vn.img.susercontent.com/vn-11134513-7r98o-lsuamgz0l6mc8e@resize_ss640x400,https://www.foody.vn/da-nang/ganh-nuong-hoi-an-xien-que-nuong,/da-nang/ganh-nuong-hoi-an-xien-que-nuong/goi-mon
640282,Chin Meshi Dragon - Món Nhật,"23 Thái Phiên, P. Phước Ninh, Quận Hải Châu, Đà Nẵng",Quận Hải Châu,Đà Nẵng,16.064905,108.223053,8.372,7,160,0,,,,01202 230 062,True,False,False,False,,Quán ăn,Món Nhật,https://down-vn.img.susercontent.com/vn-11134513-7r98o-lstzdi8ou2l534@resize_ss640x400,https://www.foody.vn/da-nang/chin-meshi-dragon-mon-nhat,/da-nang/chin-meshi-dragon-mon-nhat/goi-mon
123089,Bánh Cuốn Thịt Nướng Thọ Trường,"140 Kỳ Đồng, P. Hòa Khê, Quận Thanh Khê, Đà Nẵng",Quận Thanh Khê,Đà Nẵng,16.069996,108.188129,7.5,2,11,0,,,,Đang cập nhật,False,False,False,False,,Quán ăn,Món Việt,https://down-vn.img.susercontent.com/vn-11134513-7r98o-lsttgr9b7wrd79@resize_ss640x400,https://www.foody.vn/da-nang/banh-cuon-thit-nuong-tho-truong,/da-nang/banh-cuon-thit-nuong-tho-truong/goi-mon
664410,Cháo Lươn Nghệ An,"69 Nguyễn Đình Tứ, Quận Cẩm Lệ, Đà Nẵng",Quận Cẩm Lệ,Đà Nẵng,16.049875,108.176532,8.2,1,1,0,,,,Đang cập nhật,False,False,False,False,,Quán ăn,Món Việt,https://down-vn.img.susercontent.com/vn-11134259-7r98o-lw97ze62inkra5@resize_ss640x400,https://www.foody.vn/da-nang/chao-luon-nghe-an,
805017,Manwah Taiwanese Hotpot - Vincom Center Đà Nẵng,"Tầng 4, Vincom Center, 910A Ngô Quyền, P. An Hải Bắc, Quận Sơn Trà, Đà Nẵng",Quận Sơn Trà,Đà Nẵng,16.071604,108.230382,8.148,80,298,0,,,,(0236) 3931 357,True,False,False,False,,Nhà hàng,Đài Loan,https://down-vn.img.susercontent.com/vn-11134259-7r98o-lw9qpa076ndlbd@resize_ss640x400,https://www.foody.vn/da-nang/manwah-taiwanese-hotpot-vincom-center-da-nang,
5771,Cơm Niêu Cội Nguồn,"160A Nguyễn Tri Phương, P. Thạc Gián, Quận Thanh Khê, Đà Nẵng",Quận Thanh Khê,Đà Nẵng,16.060001,108.205402,4.728,11,53,0,,,,(0236) 3 646 056,True,False,False,False,,Nhà hàng,Món Việt,https://down-vn.img.susercontent.com/vn-11134513-7r98o-lstq0u4f4edg1b@resize_ss640x400,https://www.foody.vn/da-nang/com-nieu-coi-nguoi,/da-nang/com-nieu-coi-nguoi/goi-mon
914782,Cơm Niêu Việt,"102 Nguyễn Tri Phương, Quận Thanh Khê, Đà Nẵng",Quận Thanh Khê,Đà Nẵng,16.056866,108.206925,9.6,1,23,0,,,,Đang cập nhật,True,False,False,False,,Nhà hàng,Món Việt,https://down-vn.img.susercontent.com/vn-11134259-7r98o-lwglcedejo4967@resize_ss640x400,https://www.foody.vn/da-nang/com-nieu-viet,
742353,Cơm Niêu Nồi Đất Restaurant,"168 Trần Bạch Đằng, Quận Ngũ Hành Sơn, Đà Nẵng",Quận Ngũ Hành Sơn,Đà Nẵng,16.0532319,108.2462231,6.7,18,50,0,,,,0985 417 174,True,False,False,False,,Nhà hàng,Món Việt,https://down-vn.img.susercontent.com/vn-11134259-7r98o-lwdgtp9fuwgp56@resize_ss640x400,https://www.foody.vn/da-nang/com-nieu-noi-dat-restaurant,
6894,Cơm Niêu Giỏ Cua Đồng,"48 Nguyễn Tri Phương, P. Chính GIán, Quận Thanh Khê, Đà Nẵng",Quận Thanh Khê,Đà Nẵng,16.064836,108.202833,6.486,7,36,0,,,,(0236) 3 646 767,True,False,False,False,,Nhà hàng,Món Việt,https://down-vn.img.susercontent.com/vn-11134259-7r98o-lwhp9q11w4bdf8@resize_ss640x400,https://www.foody.vn/da-nang/com-nieu-gio-cua-dong,
124338,Nhà Hàng Tuyên Sơn - Cơm Niêu,"148 Nguyễn Tri Phương, Quận Hải Châu, Đà Nẵng",Quận Hải Châu,Đà Nẵng,16.056469,108.208244,7.16,5,76,0,,,,0905 336 549,True,False,False,False,,Nhà hàng,Món Miền Trung,https://down-vn.img.susercontent.com/vn-11134513-7r98o-lstthy4a2htw5e@resize_ss640x400,https://www.foody.vn/da-nang/nha-hang-tuyen-son,/da-nang/nha-hang-tuyen-son/goi-mon
5791,Cơm Niêu 3 Cá Bống,"112 Nguyễn Tri Phương, Quận Thanh Khê, Đà Nẵng",Quận Thanh Khê,Đà Nẵng,16.061465,108.204528,6.524,28,136,0,,,,(0236) 3 655 599,True,False,False,False,,Nhà hàng,Món Bắc,https://down-vn.img.susercontent.com/vn-11134513-7r98o-lstq0ubcu8wp69@resize_ss640x400,https://www.foody.vn/da-nang/com-nieu-3-ca-bong,/da-nang/com-nieu-3-ca-bong/goi-mon
739616,Phù Sa Restaurant - Cơm Niêu,"Lô F1 Trần Bạch Đằng, P. Phước Mỹ, Quận Sơn Trà, Đà Nẵng",Quận Sơn Trà,Đà Nẵng,16.058212,108.245019,8.264,16,78,0,,,,Đang cập nhật,True,False,False,False,,Nhà hàng,Món Việt,https://down-vn.img.susercontent.com/vn-11134513-7r98o-lsu39rg3w7fd26@resize_ss640x400,https://www.foody.vn/da-nang/phu-sa-restaurant-com-nieu,/da-nang/phu-sa-restaurant-com-nieu/goi-mon
709839,Thanh Ngân Quán - Các Món Nhậu,"52 Văn Cao, P. Thạc Gián, Quận Thanh Khê, Đà Nẵng",Quận Thanh Khê,Đà Nẵng,16.064345,108.209563,4.5,2,16,0,,,,0905 384 436,True,False,False,False,,"Quán ăn,, Quán nhậu",Món Việt,https://down-vn.img.susercontent.com/vn-11134513-7r98o-lsu1zuar2snt53@resize_ss640x400,https://www.foody.vn/da-nang/thanh-ngan-quan-cac-mon-nhau,/da-nang/thanh-ngan-quan-cac-mon-nhau/goi-mon
7819,Phở Hà Thành - Phan Thanh,"25 Phan Thanh, Quận Thanh Khê, Đà Nẵng",Quận Thanh Khê,Đà Nẵng,16.0653447,108.2079726,6.898,41,154,0,,,,Đang cập nhật,True,False,False,False,,Quán ăn,Món Bắc,https://down-vn.img.susercontent.com/vn-11134513-7r98o-lstq4d7j59z82e@resize_ss640x400,https://www.foody.vn/da-nang/ha-thanh-pho,/da-nang/ha-thanh-pho/goi-mon
752519,Mr.Bơ - Ăn Vặt Chú Bánh Bơ,"63 Nguyễn Hoàng, P. Hải Châu 2, Quận Hải Châu, Đà Nẵng",Quận Hải Châu,Đà Nẵng,16.0636798,108.2141446,7.912,7,26,0,,,,Đang cập nhật,False,False,False,False,,Ăn vặt/vỉa hè,Món Việt,https://down-vn.img.susercontent.com/vn-11134513-7r98o-lsu3uro397dl4a@resize_ss640x400,https://www.foody.vn/da-nang/mr-bo-an-vat-tra-sua,/da-nang/mr-bo-an-vat-tra-sua/goi-mon
790616,Tiệm Chay Xưa,"373 Phan Châu Trinh, P. Bình Thuận, Quận Hải Châu, Đà Nẵng",Quận Hải Châu,Đà Nẵng,16.0565371,108.2189023,7.14,7,28,0,,,,Đang cập nhật,True,False,False,False,,Quán ăn,Món Việt,https://down-vn.img.susercontent.com/vn-11134513-7r98o-lsu5kbyxyt21bb@resize_ss640x400,https://www.foody.vn/da-nang/tiem-chay-xua,/da-nang/tiem-chay-xua/goi-mon
198065,Cơm Tấm Thanh Hậu,"246 Nguyễn Công Trứ, P. Phước Mỹ, Quận Sơn Trà, Đà Nẵng",Quận Sơn Trà,Đà Nẵng,16.0656998,108.2392966,3.3,2,3,0,,,,0905 298 295,True,False,False,False,,Quán ăn,Món Việt,https://down-vn.img.susercontent.com/vn-11134513-7r98o-lstw0cgbqt2163@resize_ss640x400,https://www.foody.vn/da-nang/com-tam-thanh-hau,/da-nang/com-tam-thanh-hau/goi-mon
10837,Đông Phương Quán - Quán Nhậu,"255 Nguyễn Tất Thành, Quận Hải Châu, Đà Nẵng",Quận Hải Châu,Đà Nẵng,16.079244,108.210241,7.176,32,241,0,,,,Đang cập nhật,True,False,False,False,,Quán ăn,Món Việt,https://down-vn.img.susercontent.com/vn-11134513-7r98o-lstq9achxcwp21@resize_ss640x400,https://www.foody.vn/da-nang/dong-phuong-quan-quan-nhau,/da-nang/dong-phuong-quan-quan-nhau/goi-mon
11513,Nguyệt Quán - Hải Sản Tự Chọn,"589 - 591 Nguyễn Tất Thành, P. Xuân Hà, Quận Thanh Khê, Đà Nẵng",Quận Thanh Khê,Đà Nẵng,16.073443,108.201891,7.228,7,54,0,,,,Đang cập nhật,True,False,False,False,,Quán ăn,Món Việt,https://down-vn.img.susercontent.com/vn-11134513-7r98o-lstqa6eh0nmhcc@resize_ss640x400,https://www.foody.vn/da-nang/nguyet-quan-hai-san-tu-chon,/da-nang/nguyet-quan-hai-san-tu-chon/goi-mon
1216089,Mỳ Quảng Hà - 211 Nguyễn Công Trứ,"211 Nguyễn Công Trứ, P.An Hải Bắc, Quận Sơn Trà, Đà Nẵng",Quận Sơn Trà,Đà Nẵng,16.0666165,108.2368502,1.0,1,2,0,,,,Đang cập nhật,True,False,False,False,,Quán ăn,,https://down-vn.img.susercontent.com/vn-11134513-7r98o-lx2bvu033ie17d@resize_ss640x400,https://www.foody.vn/da-nang/my-quang-ha-211-nguyen-cong-tru,/da-nang/my-quang-ha-211-nguyen-cong-tru/goi-mon
694973,Bánh Tráng Kẹp Dì Vân,"96/93 Điện Biên Phủ, P. Chính Gián, Quận Thanh Khê, Đà Nẵng",Quận Thanh Khê,Đà Nẵng,16.067037,108.200057,5.422,18,63,0,,,,Đang cập nhật,False,False,False,False,,Ăn vặt/vỉa hè,Món Quảng,https://down-vn.img.susercontent.com/vn-11134513-7r98o-lsu1eo54eg0p3d@resize_ss640x400,https://www.foody.vn/da-nang/banh-trang-kep-di-van,/da-nang/banh-trang-kep-di-van/goi-mon
1000069083,LẨU  MÌ CAY TATACHI - Mì Cay - 403 Tôn Đức Thắng,"403 Tôn Đức Thắng, P. Hòa Minh, Quận Liên Chiểu, Đà Nẵng",Quận Liên Chiểu,Đà Nẵng,16.0593538,108.1634584,1.8,1,0,0,,,,Đang cập nhật,True,False,False,False,,"Ăn vặt/vỉa hè,, Quán ăn","Món Việt,, Món Hàn",https://down-vn.img.susercontent.com/vn-11134513-7r98o-lsvhkd6qb8as6a@resize_ss640x400,https://www.foody.vn/da-nang/lau-mi-cay-tatachi-mi-cay-403-ton-duc-thang,/da-nang/lau-mi-cay-tatachi-mi-cay-403-ton-duc-thang/goi-mon
901037,Cơm Tấm Bé Hân,"65 Lý Thái Tông, P. Thanh Khê Tây, Quận Thanh Khê, Đà Nẵng",Quận Thanh Khê,Đà Nẵng,16.074322,108.175273,4.532,3,4,0,,,,Đang cập nhật,True,False,False,False,,Quán ăn,Món Việt,https://down-vn.img.susercontent.com/vn-11134513-7r98o-lsu79wpm19l003@resize_ss640x400,https://www.foody.vn/da-nang/com-tam-be-han,/da-nang/com-tam-be-han/goi-mon
733240,King Castella - Bánh Bông Lan Đài Loan - Nguyễn Hữu Dật,"157 Nguyễn Hữu Dật, P. Hòa Cường Bắc, Quận Hải Châu, Đà Nẵng",Quận Hải Châu,Đà Nẵng,16.0404414,108.2137974,7.452,120,313,0,,,,Đang cập nhật,True,False,False,False,,Tiệm bánh,Đài Loan,https://down-vn.img.susercontent.com/vn-11134513-7r98o-lsu31h04mpw968@resize_ss640x400,https://www.foody.vn/da-nang/king-castella-banh-bong-lan-dai-loan-nguyen-huu-dat,/da-nang/king-castella-banh-bong-lan-dai-loan-nguyen-huu-dat/goi-mon
974879,Duyên - Cơm Gà Xối Mỡ - Nguyễn Công Trứ,"Số 139 Nguyễn Công Trứ, P. An Hải Bắc, Quận Sơn Trà, Đà Nẵng",Quận Sơn Trà,Đà Nẵng,16.0673139,108.2352465,4.798,3,1,0,,,,0702522777,True,False,False,False,,Quán ăn,Món Việt,https://down-vn.img.susercontent.com/vn-11134513-81ztc-mlnhkj51z37lda@resize_ss640x400,https://www.foody.vn/da-nang/duyen-com-ga-xoi-mo-nguyen-cong-tru,/da-nang/duyen-com-ga-xoi-mo-nguyen-cong-tru/goi-mon
41178,Xiên Que - Ngô Quyền,"916 Ngô Quyền, P. An Hải Tây, Quận Sơn Trà, Đà Nẵng",Quận Sơn Trà,Đà Nẵng,16.065528,108.232694,7.258,313,1839,0,,,,Đang cập nhật,True,False,False,False,,Nhà hàng,"Món Nhật,, Món Hàn",https://down-vn.img.susercontent.com/vn-11134513-7r98o-lstrhk0dtyft93@resize_ss640x400,https://www.foody.vn/da-nang/xien-que-nguyen-thi-minh-khai,/da-nang/xien-que-nguyen-thi-minh-khai/goi-mon
970567,Ba Chỉ Nướng & Dồi Nướng - Chuẩn Heo Quê,"Lô G7 - G8 Phạm Văn Đồng, Quận Sơn Trà, Đà Nẵng",Quận Sơn Trà,Đà Nẵng,16.0711733,108.2366158,9.6,5,41,0,,,,0944 997 686 ( Mr. Quân),True,False,False,False,,Ăn vặt/vỉa hè,Món Việt,https://down-vn.img.susercontent.com/vn-11134513-7r98o-lsu8nmneocsk87@resize_ss640x400,https://www.foody.vn/da-nang/ba-chi-nuong-doi-nuong-chuan-heo-que,/da-nang/ba-chi-nuong-doi-nuong-chuan-heo-que/goi-mon
76985,Gió Đồng - Nhậu Bình Dân,"Sông Cổ Cò, Quận Ngũ Hành Sơn, Đà Nẵng",Quận Ngũ Hành Sơn,Đà Nẵng,15.980811,108.262059,7.35,4,33,0,,,,Đang cập nhật,True,False,False,False,,Quán ăn,Món Việt,https://down-vn.img.susercontent.com/vn-11134259-7r98o-lwgse3efdxi3a4@resize_ss640x400,https://www.foody.vn/da-nang/gio-dong-quan-nhau-binh-dan,
682728,Thu Yến 2 - Bánh Đa & Miến Cua Đồng,"26 Mai Thúc Lân, P. Mỹ An, Quận Ngũ Hành Sơn, Đà Nẵng",Quận Ngũ Hành Sơn,Đà Nẵng,16.0540584,108.2417683,6.314,7,35,0,,,,Đang cập nhật,False,False,False,False,,Quán ăn,Món Bắc,https://down-vn.img.susercontent.com/vn-11134513-7r98o-lsu0wmmcxoyh44@resize_ss640x400,https://www.foody.vn/da-nang/thu-yen-banh-da-mien-cua-dong,/da-nang/thu-yen-banh-da-mien-cua-dong/goi-mon
141210,Trâm Anh - Gà Ta & Cá Lóc Nướng,"34 Văn Tiến Dũng, X. Hòa Xuân, Huyện Hòa Vang, Đà Nẵng",Huyện Hòa Vang,Đà Nẵng,16.0058122,108.2125336,5.8,1,43,0,,,,Đang cập nhật,True,False,False,False,,Quán ăn,Món Việt,https://down-vn.img.susercontent.com/vn-11134513-7r98o-lstu3gsiffyxce@resize_ss640x400,https://www.foody.vn/da-nang/tram-anh-ga-ta-ca-loc-nuong,/da-nang/tram-anh-ga-ta-ca-loc-nuong/goi-mon
695785,Cộng Cà Phê - Nguyễn Thái Học,"39 - 41 Nguyễn Thái Học,  P. Hải Châu 1, Quận Hải Châu, Đà Nẵng",Quận Hải Châu,Đà Nẵng,16.068008,108.223521,7.288,39,208,0,,,,Đang cập nhật,True,False,False,False,,Café/Dessert,Món Việt,https://down-vn.img.susercontent.com/vn-11134513-81ztc-mny175hc6d5139@resize_ss640x400,https://www.foody.vn/da-nang/cong-caphe-nguyen-thai-hoc,/da-nang/cong-caphe-nguyen-thai-hoc/goi-mon
747907,Milano Dolly Coffee - Yên Bái,"140 Yên Bái, Quận Hải Châu, Đà Nẵng",Quận Hải Châu,Đà Nẵng,16.064169,108.222208,4.2,2,0,0,,,,0935 393 799,True,False,False,False,,Café/Dessert,Món Miền Trung,https://down-vn.img.susercontent.com/vn-11134513-7r98o-lsu3oiqkgcskd5@resize_ss640x400,https://www.foody.vn/da-nang/milano-dolly-coffee-yen-bai,/da-nang/milano-dolly-coffee-yen-bai/goi-mon
801333,Sushi 24h - Mỹ Đa Đông 12,"22 Mỹ Đa Đông 12, Quận Ngũ Hành Sơn, Đà Nẵng",Quận Ngũ Hành Sơn,Đà Nẵng,16.0453821,108.2468702,6.674,16,87,0,,,,0813 046 144,True,False,False,False,,Quán ăn,Món Việt,https://down-vn.img.susercontent.com/vn-11134259-7r98o-lwaw8852uyu3e7@resize_ss640x400,https://www.foody.vn/da-nang/sushi-24h-my-da-dong-12,/da-nang/sushi-24h-my-da-dong-12/goi-mon
719654,Bia Nhà Quán - Các Món Nhậu,"11 Trần Phú, Quận Hải Châu, Đà Nẵng",Quận Hải Châu,Đà Nẵng,16.079466,108.223094,7.2,2,3,0,,,,0935 331 599‬ - ‭0904 344 443,True,False,False,False,,Quán nhậu,,https://down-vn.img.susercontent.com/vn-11134259-7r98o-lwdicz61ve1n60@resize_ss640x400,https://www.foody.vn/da-nang/bia-nha-quan-cac-mon-nhau,
765879,Cô Tuyết - Bánh Canh Quảng Bình,"38 Đặng Dung, P. Hoà Khánh Bắc, Quận Liên Chiểu, Đà Nẵng",Quận Liên Chiểu,Đà Nẵng,16.0705322,108.1502992,6.96,5,8,0,,,,0907794153,True,False,False,False,,Quán ăn,Món Miền Trung,https://down-vn.img.susercontent.com/vn-11134513-7r98o-lsu4gmipsm8pba@resize_ss640x400,https://www.foody.vn/da-nang/co-tuyet-banh-canh-quang-binh,/da-nang/co-tuyet-banh-canh-quang-binh/goi-mon
155764,Bánh Bèo Chị Chín,"21 Âu Cơ, P. Hòa Khánh Bắc, Quận Liên Chiểu, Đà Nẵng",Quận Liên Chiểu,Đà Nẵng,16.071474,108.149737,7.24,5,20,0,,,,Đang cập nhật,True,False,False,False,,Ăn vặt/vỉa hè,Món Miền Trung,https://down-vn.img.susercontent.com/vn-11134513-7r98o-lstum3vwd3usb5@resize_ss640x400,https://www.foody.vn/da-nang/banh-beo-chi-chin,/da-nang/banh-beo-chi-chin/goi-mon
969453,Phở Lan Phương,"50 Nguyễn Công Trứ, P. An Hải Bắc, Quận Sơn Trà, Đà Nẵng",Quận Sơn Trà,Đà Nẵng,16.068475,108.2304,6.3,2,0,0,,,,0902816570,True,False,False,False,,Quán ăn,Món Việt,https://down-vn.img.susercontent.com/vn-11134513-7r98o-lsu8ojxhz3bt80@resize_ss640x400,https://www.foody.vn/da-nang/pho-lan-phuong,/da-nang/pho-lan-phuong/goi-mon
1055288,Bò Né & Cơm Thố Đậu Đậu,"7 Phan Tứ, P. Mỹ An, Quận Ngũ Hành Sơn, Đà Nẵng",Quận Ngũ Hành Sơn,Đà Nẵng,16.045299,108.241487,9.5,2,5,0,,,,Đang cập nhật,True,False,False,False,,Quán ăn,Món Việt,https://down-vn.img.susercontent.com/vn-11134513-7r98o-lsv29uv212ftc0@resize_ss640x400,https://www.foody.vn/da-nang/bo-ne-com-tho-dau-dau,/da-nang/bo-ne-com-tho-dau-dau/goi-mon
10078,Si Quán - Nhậu Bình Dân,"Số 204 Hoàng Thế Thiện, P. Khuê Trung, Quận Cẩm Lệ, Đà Nẵng",Quận Cẩm Lệ,Đà Nẵng,16.018715,108.228363,6.418,12,135,0,,,,01268 504 087,True,False,False,False,,Quán nhậu,Món Việt,https://down-vn.img.susercontent.com/vn-11134513-7r98o-lstq7y2gkrlwef@resize_ss640x400,https://www.foody.vn/da-nang/si-quan-nhau-binh-dan,/da-nang/si-quan-nhau-binh-dan/goi-mon
1000854,Cam Kaffe - Đống Đa,"236 Đống Đa, P. Thuận Phước, Quận Hải Châu, Đà Nẵng",Quận Hải Châu,Đà Nẵng,16.077738,108.216231,8.44,5,10,0,,,,0913718010,True,False,False,False,,Shop Online,Món Miền Nam,https://down-vn.img.susercontent.com/vn-11134513-7ras8-m23b1dwmkj2zf3@resize_ss640x400,https://www.foody.vn/da-nang/cam-kaffe-dong-da,/da-nang/cam-kaffe-dong-da/goi-mon
1130436,Milo Dầm Cô Thân - Cao Thắng,"21 Cao Thắng, P. Thanh Bình, Quận Hải Châu, Đà Nẵng",Quận Hải Châu,Đà Nẵng,16.0759481,108.2145025,8.868,15,13,0,,,,Đang cập nhật,True,False,False,False,,Café/Dessert,,https://down-vn.img.susercontent.com/vn-11134513-7r98o-lsv83zzhdz89bc@resize_ss640x400,https://www.foody.vn/da-nang/milo-dam-co-than-cao-thang,/da-nang/milo-dam-co-than-cao-thang/goi-mon
49438,Kem Thanh Bình,"221 Nguyễn Tất Thành, Quận Hải Châu, Đà Nẵng",Quận Hải Châu,Đà Nẵng,16.080336,108.211132,7.812,15,149,0,,,,Đang cập nhật,True,False,False,False,,Café/Dessert,Món Việt,https://down-vn.img.susercontent.com/vn-11134513-7r98o-lstrrxu8tex047@resize_ss640x400,https://www.foody.vn/da-nang/kem-thanh-binh,/da-nang/kem-thanh-binh/goi-mon
1003472,Bắp & Khoai Nướng - Nguyễn Văn Linh,"33 Nguyễn Văn Linh, Quận Thanh Khê, Đà Nẵng",Quận Thanh Khê,Đà Nẵng,16.060431,108.2156,7.3,2,9,0,,,,Đang cập nhật,False,False,False,False,,Ăn vặt/vỉa hè,Món Miền Trung,https://down-vn.img.susercontent.com/vn-11134259-7r98o-lwfg1ywa16u1cc@resize_ss640x400,https://www.foody.vn/da-nang/bap-khoai-nuong-nguyen-van-linh,
219152,Hiền Eo - Cháo Quẩy Sườn Sụn,"114/36 Lê Đình Lý, P. Thạc Gián, Quận Thanh Khê, Đà Nẵng",Quận Thanh Khê,Đà Nẵng,16.0547793,108.2118239,6.606,158,506,0,,,,0905 771 903,False,False,False,False,,Ăn vặt/vỉa hè,Hà Nội,https://down-vn.img.susercontent.com/vn-11134259-7r98o-lwddqnf8913vb5@resize_ss640x400,https://www.foody.vn/da-nang/chao-quay-suon-sun,/da-nang/chao-quay-suon-sun/goi-mon
927910,Hà Nội Xưa - Bún Chả Hà Nội,"187 Trưng Nữ Vương, P. Bình Thuận, Quận Hải Châu, Đà Nẵng",Quận Hải Châu,Đà Nẵng,16.054191,108.219636,8.2,4,29,0,,,,Đang cập nhật,True,False,False,False,,Quán ăn,Món Việt,https://down-vn.img.susercontent.com/vn-11134513-7ras8-mas7ihsta7cx64@resize_ss640x400,https://www.foody.vn/da-nang/ha-noi-xua-bun-cha-ha-noi,/da-nang/ha-noi-xua-bun-cha-ha-noi/goi-mon
1076495,Bún Bò Huế - Đông Ba Quán,"38 Phan Triêm, P. Hòa Xuân, Quận Cẩm Lệ, Đà Nẵng",Quận Cẩm Lệ,Đà Nẵng,16.0044237,108.2221609,9.0,2,30,0,,,,Đang cập nhật,True,False,False,False,,Quán ăn,,https://down-vn.img.susercontent.com/vn-11134513-7r98o-lsv40ownsukkc5@resize_ss640x400,https://www.foody.vn/da-nang/bun-bo-hue-dong-ba-quan,/da-nang/bun-bo-hue-dong-ba-quan/goi-mon
649204,Tiệm Ăn Mẫn Đạt - Trần Bình Trọng,"35 Trần Bình Trọng, P. Phước Ninh, Quận Hải Châu, Đà Nẵng",Quận Hải Châu,Đà Nẵng,16.066066,108.21852,7.314,88,236,0,,,,0964 999 729,False,False,False,False,,Quán ăn,Món Việt,https://down-vn.img.susercontent.com/vn-11134513-7r98o-lstzs3ttnvkp31@resize_ss640x400,https://www.foody.vn/da-nang/tiem-an-man-dat-tran-binh-trong,/da-nang/tiem-an-man-dat-tran-binh-trong/goi-mon
18127,Bánh Canh Ruộng - 20 Hà Thị Thân,"20 Hà Thị Thân, Quận Sơn Trà, Đà Nẵng",Quận Sơn Trà,Đà Nẵng,16.058745,108.231776,6.968,96,243,0,,,,(0236) 3 968 425,True,False,False,False,,Quán ăn,Món Việt,https://down-vn.img.susercontent.com/vn-11134513-7r98o-lstqk9m9hti1cd@resize_ss640x400,https://www.foody.vn/da-nang/banh-canh-ruong-ha-thi-than,/da-nang/banh-canh-ruong-ha-thi-than/goi-mon
981358,Xôi Lá Việt - Trưng Nữ Vương,"452 Trưng Nữ Vương, P. Hòa Thuận Đông, Quận Hải Châu, Đà Nẵng",Quận Hải Châu,Đà Nẵng,16.0503751,108.215256,7.892,24,96,0,,,,0901997073,True,False,False,False,,Quán ăn,Món Miền Trung,https://down-vn.img.susercontent.com/vn-11134513-7r98o-lsu8yt4lp6845f@resize_ss640x400,https://www.foody.vn/da-nang/xoi-la-viet-trung-nu-vuong,/da-nang/xoi-la-viet-trung-nu-vuong/goi-mon
927175,Mudan Hotpot - Chinese Restaurant,"166 Phan Châu Trinh, Quận Hải Châu, Đà Nẵng",Quận Hải Châu,Đà Nẵng,16.062213,108.219611,8.13,17,215,0,,,,Đang cập nhật,True,False,False,False,,Nhà hàng,Món Á,https://down-vn.img.susercontent.com/vn-11134259-7r98o-lwfzrfi2g7a148@resize_ss640x400,https://www.foody.vn/da-nang/mudan-hotpot-chinese-restaurant,
760212,Trà Sữa Ông Nội Quán - Shop Online,"K15/11 Phạm Ngũ Lão, P. Hải Châu 2, Quận Hải Châu, Đà Nẵng",Quận Hải Châu,Đà Nẵng,16.066862,108.215311,8.356,43,309,0,,,,Đang cập nhật,True,False,False,False,,Shop Online,Món Nhật,https://down-vn.img.susercontent.com/vn-11134513-7r98o-lsu47a5c18d54e@resize_ss640x400,https://www.foody.vn/da-nang/ong-noi-quan-tra-sua-nhat-ban-shop-online,/da-nang/ong-noi-quan-tra-sua-nhat-ban-shop-online/goi-mon
136945,Bánh Canh Tranh - Nguyễn Phong Sắc,"107 Nguyễn Phong Sắc, Quận Cẩm Lệ, Đà Nẵng",Quận Cẩm Lệ,Đà Nẵng,16.024871,108.213181,6.542,7,73,0,,,,Đang cập nhật,True,False,False,False,,Quán ăn,Món Việt,https://down-vn.img.susercontent.com/vn-11134513-7r98o-lsttxh6fyahle3@resize_ss640x400,https://www.foody.vn/da-nang/banh-canh-tranh-nguyen-phong-sac,/da-nang/banh-canh-tranh-nguyen-phong-sac/goi-mon
125707,Cô Hồng - Bò Kho 86,"86 Huỳnh Thúc Kháng, P. Nam Dương, Quận Hải Châu, Đà Nẵng",Quận Hải Châu,Đà Nẵng,16.059653,108.218226,6.946,11,41,0,,,,Đang cập nhật,True,False,False,False,,Ăn vặt/vỉa hè,Món Việt,https://down-vn.img.susercontent.com/vn-11134513-7r98o-lsttlg3q4vyc13@resize_ss640x400,https://www.foody.vn/da-nang/co-hong-bo-kho-86,/da-nang/co-hong-bo-kho-86/goi-mon
647957,Sinh Tố Thu - Chợ Cồn,"Lô 46, Đình 15A ,Chợ Cồn, P. Hải Châu 2, Quận Hải Châu, Đà Nẵng",Quận Hải Châu,Đà Nẵng,16.067432,108.214124,7.264,24,63,0,,,,0905 536 852,True,False,False,False,,Ăn vặt/vỉa hè,Món Việt,https://down-vn.img.susercontent.com/vn-11134513-7r98o-lstzn35i25y139@resize_ss640x400,https://www.foody.vn/da-nang/sinh-to-thu-cho-con,/da-nang/sinh-to-thu-cho-con/goi-mon
1011900,Bé Ni - Nước Ép & Sinh Tố Trái Cây,"68 Trần Bình Trọng, P. Hải Châu 2, Quận Hải Châu, Đà Nẵng",Quận Hải Châu,Đà Nẵng,16.065406,108.218054,10.0,1,0,0,,,,0903530442,True,False,False,False,,Café/Dessert,Món Việt,https://down-vn.img.susercontent.com/vn-11134513-7r98o-lsu9mk4kif156e@resize_ss640x400,https://www.foody.vn/da-nang/be-ni-nuoc-ep-sinh-to-trai-cay,/da-nang/be-ni-nuoc-ep-sinh-to-trai-cay/goi-mon
1059749,Grand T Coffee - Thành Thái,"109 Thành Thái, P. Khuê Trung, Quận Cẩm Lệ, Đà Nẵng",Quận Cẩm Lệ,Đà Nẵng,16.020404,108.207331,8.0,1,1,0,,,,Đang cập nhật,True,False,False,False,,Café/Dessert,Món Việt,https://down-vn.img.susercontent.com/vn-11134259-7r98o-lwcpcjri4i5585@resize_ss640x400,https://www.foody.vn/da-nang/grand-t-coffee-thanh-thai,/da-nang/grand-t-coffee-thanh-thai/goi-mon
284542,Cơm Tấm Thanh Trường - Lương Nhữ Hộc,"139 Lương Nhữ Hộc, Quận Cẩm Lệ, Đà Nẵng",Quận Cẩm Lệ,Đà Nẵng,16.0333323,108.2109571,9.0,1,44,0,,,,Đang cập nhật,True,False,False,False,,"Ăn vặt/vỉa hè,, Giao cơm văn phòng","Món Việt,, Món Á",https://down-vn.img.susercontent.com/vn-11134513-7r98o-lsty4hwi2z7od8@resize_ss640x400,https://www.foody.vn/da-nang/com-tam-thanh-truong-luong-nhu-hoc,/da-nang/com-tam-thanh-truong-luong-nhu-hoc/goi-mon
1019920,Maison Coffee,"136 Hoàng Bình Chính, P. Hòa Hải, Quận Ngũ Hành Sơn, Đà Nẵng",Quận Ngũ Hành Sơn,Đà Nẵng,15.9958698,108.2665351,8.8,1,31,0,,,,0971860008,True,False,False,False,,Café/Dessert,Món Việt,https://down-vn.img.susercontent.com/vn-11134513-7r98o-lsu9w9zikn9g13@resize_ss640x400,https://www.foody.vn/da-nang/maison-coffee,/da-nang/maison-coffee/goi-mon
674039,Choén Quán - Ẩm Thực 3 Miền,"42A Đống Đa, P. Thuận Phước, Quận Hải Châu, Đà Nẵng",Quận Hải Châu,Đà Nẵng,16.082053,108.219775,8.0,2,64,0,,,,Đang cập nhật,False,False,False,False,,Quán nhậu,Món Việt,https://down-vn.img.susercontent.com/vn-11134513-7r98o-lsu0m488mly196@resize_ss640x400,https://www.foody.vn/da-nang/choen-quan-am-thuc-3-mien,/da-nang/choen-quan-am-thuc-3-mien/goi-mon
995341,Dậu’s Kitchen - Vietnamese Cuisine,"101 Lê Lợi, P. Thạch Thang, Quận Hải Châu, Đà Nẵng",Quận Hải Châu,Đà Nẵng,16.075835,108.219904,9.466,3,9,0,,,,Đang cập nhật,True,False,False,False,,Quán ăn,Món Việt,https://down-vn.img.susercontent.com/vn-11134513-7r98o-lsu9866yy9xg8f@resize_ss640x400,https://www.foody.vn/da-nang/dau-s-kitchen-vietnamese-cuisine,/da-nang/dau-s-kitchen-vietnamese-cuisine/goi-mon
770282,Trà Sữa Hong Cha,"178 Phạm Cự Lượng, P. An Hải Bắc, Quận Sơn Trà, Đà Nẵng",Quận Sơn Trà,Đà Nẵng,16.0589547,108.2365114,7.828,15,86,0,,,,01259831806,True,False,False,False,,Ăn vặt/vỉa hè,Món Việt,https://down-vn.img.susercontent.com/vn-11134513-7r98o-lsu4nr3sba8p30@resize_ss640x400,https://www.foody.vn/da-nang/tra-sua-hong-cha,/da-nang/tra-sua-hong-cha/goi-mon
956285,Bò Né 3 Ngon - Trần Nhân Tông,"425 Trần Nhân Tông, P. Mân Thái, Quận Sơn Trà, Đà Nẵng",Quận Sơn Trà,Đà Nẵng,16.088289,108.238229,7.2,1,16,0,,,,0366.223.461,True,False,False,False,,Quán ăn,Món Việt,https://down-vn.img.susercontent.com/vn-11134513-7r98o-lsu8h1sdan4p7d@resize_ss640x400,https://www.foody.vn/da-nang/bo-ne-3-ngon-tran-nhan-tong,/da-nang/bo-ne-3-ngon-tran-nhan-tong/goi-mon
737418,"Highlands Coffee - Trà, Cà Phê & Bánh - Duy Tân","76 Duy Tân, P. Hòa Thuận Đông, Quận Hải Châu, Đà Nẵng",Quận Hải Châu,Đà Nẵng,16.0487694,108.2161127,7.014,14,40,0,,,,Đang cập nhật,True,False,False,False,,Café/Dessert,Món Việt,https://down-vn.img.susercontent.com/vn-11134513-81ztc-moj14a6payvjfc@resize_ss640x400,https://www.foody.vn/da-nang/highlands-coffee-tra-ca-phe-banh-duy-tan,/da-nang/highlands-coffee-tra-ca-phe-banh-duy-tan/goi-mon
986200,Bánh Chưng Heo Quay Mr.Vinh,"132 Châu Thị Vĩnh Tế, Quận Ngũ Hành Sơn, Đà Nẵng",Quận Ngũ Hành Sơn,Đà Nẵng,16.049616,108.240643,8.634,6,14,0,,,,0976926792,True,False,False,False,,Quán ăn,Món Việt,https://down-vn.img.susercontent.com/vn-11134513-7r98o-lsu92hdc6ev8e4@resize_ss640x400,https://www.foody.vn/da-nang/banh-chung-heo-quay-mr-vinh,/da-nang/banh-chung-heo-quay-mr-vinh/goi-mon
113520,Bánh Tráng Kẹp Dì Sương,"K130/62 Điện Biên Phủ, P. Chính Gián, Quận Thanh Khê, Đà Nẵng",Quận Thanh Khê,Đà Nẵng,16.0662671,108.1976964,6.704,29,201,0,,,,Đang cập nhật,False,False,False,False,,Ăn vặt/vỉa hè,Món Quảng,https://down-vn.img.susercontent.com/vn-11134513-7r98o-lstt46w2rwskd5@resize_ss640x400,https://www.foody.vn/da-nang/banh-trang-di-suong,/da-nang/banh-trang-di-suong/goi-mon
742311,Mr. Thịnh - Khoai Lang Lắc & Gà Rán - Châu Thị Vĩnh Tế,"76 Châu Thị Vĩnh Tế, P. Bắc Mỹ Phú, Quận Ngũ Hành Sơn, Đà Nẵng",Quận Ngũ Hành Sơn,Đà Nẵng,16.0516446,108.240055,8.1,2,7,0,,,,Đang cập nhật,True,False,False,False,,Ăn vặt/vỉa hè,Món Việt,https://down-vn.img.susercontent.com/vn-11134513-7r98o-lsu3e9bp08n821@resize_ss640x400,https://www.foody.vn/da-nang/mr-thinh-khoai-lang-lac-ga-ran-chau-thi-vinh-te,/da-nang/mr-thinh-khoai-lang-lac-ga-ran-chau-thi-vinh-te/goi-mon
672709,Trà Sữa Ăn Vặt Toco Điện Biên Phủ,"Lô A7 - 478 Điện Biên Phủ, P. Thanh Khê Đông, Quận Thanh Khê, Đà Nẵng",Quận Thanh Khê,Đà Nẵng,16.0666031,108.1868863,6.896,254,769,0,,,,Đang cập nhật,True,False,False,False,,Café/Dessert,Đài Loan,https://down-vn.img.susercontent.com/vn-11134513-7r98o-lsu0ntsmj72x0c@resize_ss640x400,https://www.foody.vn/da-nang/tra-sua-an-vat-toco-dien-bien-phu,/da-nang/tra-sua-an-vat-toco-dien-bien-phu/goi-mon
232030,Hancook - Vincom Center Đà Nẵng,"Tầng 4, Vincom Center, 910A Ngô Quyền, P. An Hải Bắc, Quận Sơn Trà, Đà Nẵng",Quận Sơn Trà,Đà Nẵng,16.0717423,108.23079,7.8,172,1422,0,,,,Đang cập nhật,True,False,False,False,,Nhà hàng,Món Hàn,https://down-vn.img.susercontent.com/vn-11134513-7r98o-lstx4eag7y55ad@resize_ss640x400,https://www.foody.vn/da-nang/hancook-vincom-center-da-nang,/da-nang/hancook-vincom-center-da-nang/goi-mon
771168,Mì Quảng Phú Chiêm Kim - 27 Phạm Văn Nghị,"27 Phạm Văn Nghị, P. Thạc Gián, Quận Thanh Khê, Đà Nẵng",Quận Thanh Khê,Đà Nẵng,16.0585204,108.2094892,8.85,4,13,0,,,,01225514415,True,False,False,False,,Quán ăn,Món Quảng,https://down-vn.img.susercontent.com/vn-11134513-7r98o-lsu4o2368om1bf@resize_ss640x400,https://www.foody.vn/da-nang/mi-quang-phu-chiem-kim-27-pham-van-nghi,/da-nang/mi-quang-phu-chiem-kim-27-pham-van-nghi/goi-mon
86759,Đồng Tiến Bakery - Phan Thanh,"207 Phan Thanh, P. Thạc Gián, Quận Thanh Khê, Đà Nẵng",Quận Thanh Khê,Đà Nẵng,16.060155,108.209308,7.522,18,137,0,,,,(05236) 3 653 355 - 0905 739 003 - 01228 663 225,True,False,False,False,,Tiệm bánh,Món Việt,https://down-vn.img.susercontent.com/vn-11134513-81ztc-mo541944sagy0e@resize_ss640x400,https://www.foody.vn/da-nang/dong-tien-bakery-phan-thanh,/da-nang/dong-tien-bakery-phan-thanh/goi-mon
97604,An Thượng - Mart & Cafe,"136 Huỳnh Thúc Kháng, P. Nam Dương, Quận Hải Châu, Đà Nẵng",Quận Hải Châu,Đà Nẵng,16.0583953,108.2181755,6.252,11,30,0,,,,Đang cập nhật,True,False,False,False,,Café/Dessert,Món Việt,https://down-vn.img.susercontent.com/vn-11134513-7r98o-lstsmfb8pyv8dc@resize_ss640x400,https://www.foody.vn/da-nang/an-thuong-mart-cafe,/da-nang/an-thuong-mart-cafe/goi-mon
45923,Bún Chả Cá Dì Gái,"119  Lê Đình Dương, Quận Hải Châu, Đà Nẵng",Quận Hải Châu,Đà Nẵng,16.062025,108.218021,7.646,22,51,0,,,,Đang cập nhật,True,False,False,False,,Quán ăn,Món Việt,https://down-vn.img.susercontent.com/vn-11134513-7r98o-lstro32ht9y131@resize_ss640x400,https://www.foody.vn/da-nang/bun-cha-ca-di-gai,/da-nang/bun-cha-ca-di-gai/goi-mon
1111652,Ốc Đêm - Ốc Phủi,"02 Khúc Hạo, P. Mân Thái, Quận Sơn Trà, Đà Nẵng",Quận Sơn Trà,Đà Nẵng,16.0865015,108.2396633,8.598,3,2,0,,,,Đang cập nhật,True,False,False,False,,Quán ăn,,https://down-vn.img.susercontent.com/vn-11134513-7r98o-lsv6v2k6alcp5c@resize_ss640x400,https://www.foody.vn/da-nang/oc-dem-oc-phui,/da-nang/oc-dem-oc-phui/goi-mon
731027,Bún Mắm Cô Hoa,"21 Dương Thị Xuân Quý, P. Mỹ An, Quận Ngũ Hành Sơn, Đà Nẵng",Quận Ngũ Hành Sơn,Đà Nẵng,16.043089,108.243292,9.434,6,13,0,,,,Đang cập nhật,True,False,False,False,,Ăn vặt/vỉa hè,Món Việt,https://down-vn.img.susercontent.com/vn-11134513-7r98o-lsu2xo9mq74p49@resize_ss640x400,https://www.foody.vn/da-nang/bun-mam-co-hoa,/da-nang/bun-mam-co-hoa/goi-mon
200974,Bún Mắm Cô Sáu,"93 Hồ Xuân Hương, P. Bắc Mỹ An, Quận Ngũ Hành Sơn, Đà Nẵng",Quận Ngũ Hành Sơn,Đà Nẵng,16.040416,108.247191,8.12,5,25,0,,,,Đang cập nhật,True,False,False,False,,Quán ăn,Món Miền Trung,https://down-vn.img.susercontent.com/vn-11134513-7r98o-lstw2si2w98k05@resize_ss640x400,https://www.foody.vn/da-nang/bun-mam-co-sau,/da-nang/bun-mam-co-sau/goi-mon
797423,Bún Đậu Mắm Tôm Gia Di - 2 Tháng 9,"302 Đường 2 Tháng 9, P. Hoà Cường Bắc, Quận Hải Châu, Đà Nẵng",Quận Hải Châu,Đà Nẵng,16.0449068,108.2227359,5.948,116,244,0,,,,Đang cập nhật,True,False,False,False,,Quán ăn,Món Việt,https://down-vn.img.susercontent.com/vn-11134513-7r98o-lsu5qkqn1l8k3a@resize_ss640x400,https://www.foody.vn/da-nang/bun-dau-mam-tom-gia-di-2-thang-9,/da-nang/bun-dau-mam-tom-gia-di-2-thang-9/goi-mon
95516,Quán Nhậu Thanh,"Phạm Văn Đồng, Quận Sơn Trà, Đà Nẵng",Quận Sơn Trà,Đà Nẵng,16.07047,108.237334,6.428,14,50,0,,,,0974 984 119,False,False,False,False,,Quán nhậu,Món Quảng,https://down-vn.img.susercontent.com/vn-11134513-7r98o-lstsko0fcqmc3a@resize_ss640x400,https://www.foody.vn/da-nang/quan-nhau-thanh,/da-nang/quan-nhau-thanh/goi-mon
69733,Napom's Bakery - 3 Tháng 2,"154 Đường 3 Tháng 2, P. Thuận Phước, Quận Hải Châu, Đà Nẵng",Quận Hải Châu,Đà Nẵng,16.0864867,108.2177617,7.534,282,1024,0,,,,Đang cập nhật,True,False,False,False,,Tiệm bánh,Món Việt,https://down-vn.img.susercontent.com/vn-11134513-7r98o-lstrzgtm6sp0a3@resize_ss640x400,https://www.foody.vn/da-nang/napom-s-bakery-3-thang-2,/da-nang/napom-s-bakery-3-thang-2/goi-mon
725146,Phố Ốc - Hải Sản Tươi Sống,"162 Nguyễn Tri Phương, P. Chính Gián, Quận Thanh Khê, Đà Nẵng",Quận Thanh Khê,Đà Nẵng,16.0601285,108.2051083,7.896,42,156,0,,,,Đang cập nhật,False,False,False,False,,Ăn vặt/vỉa hè,Món Miền Trung,https://down-vn.img.susercontent.com/vn-11134513-7r98o-lsu2oqxkymxl57@resize_ss640x400,https://www.foody.vn/da-nang/pho-oc-hai-san-tuoi-song,/da-nang/pho-oc-hai-san-tuoi-song/goi-mon
7949,Bún Chả Cá - Hoàng Văn Thụ,"121/14 Hoàng Văn Thụ, P. Phước Ninh, Quận Hải Châu, Đà Nẵng",Quận Hải Châu,Đà Nẵng,16.0630194,108.218773,7.248,13,42,0,,,,Đang cập nhật,False,False,False,False,,Quán ăn,Món Miền Trung,https://down-vn.img.susercontent.com/vn-11134513-7r98o-lstq4qz303h56a@resize_ss640x400,https://www.foody.vn/da-nang/bun-cha-ca-hoang-van-thu,/da-nang/bun-cha-ca-hoang-van-thu/goi-mon
1050458,Bún Chả Cá Bà Trang - Bà Huyện Thanh Quan,"126 Bà Huyện Thanh Quan, P. Mỹ An, Quận Ngũ Hành Sơn, Đà Nẵng",Quận Ngũ Hành Sơn,Đà Nẵng,16.0447047,108.2471972,9.9,6,7,0,,,,Đang cập nhật,True,False,False,False,,Quán ăn,Món Việt,https://down-vn.img.susercontent.com/vn-11134513-7r98o-lsv1udrx9br8fe@resize_ss640x400,https://www.foody.vn/da-nang/bun-cha-ca-ba-trang-ba-huyen-thanh-quan,/da-nang/bun-cha-ca-ba-trang-ba-huyen-thanh-quan/goi-mon
858739,Bún Chả Cá Nhựt,"3 Nguyễn Nhàn, P. Hòa Thọ Đông, Quận Cẩm Lệ, Đà Nẵng",Quận Cẩm Lệ,Đà Nẵng,16.0136017,108.1987491,10.0,1,1,0,,,,0905378346 - 0935727574,True,False,False,False,,Quán ăn,Món Miền Trung,https://down-vn.img.susercontent.com/vn-11134513-7r98o-lsu659kb69i18b@resize_ss640x400,https://www.foody.vn/da-nang/bun-cha-ca-nhut,/da-nang/bun-cha-ca-nhut/goi-mon
911512,Súp Cua Thảo - Nguyễn Khoa Chiêm,"4 Nguyễn Khoa Chiêm, P. Hòa Thọ Đông, Quận Cẩm Lệ, Đà Nẵng",Quận Cẩm Lệ,Đà Nẵng,16.02215,108.198974,7.716,7,15,0,,,,"0707971723 ( Ưu tiên ), 0905868634",True,False,False,False,,Quán ăn,Món Miền Trung,https://down-vn.img.susercontent.com/vn-11134513-7r98o-lsu7krcce5qx3d@resize_ss640x400,https://www.foody.vn/da-nang/sup-cua-thao,/da-nang/sup-cua-thao/goi-mon
984806,Cơm Bà Lệ - Cơm Nhà Là Đây,"92 Đống Đa, P. Thuận Phước, Quận Hải Châu, Đà Nẵng",Quận Hải Châu,Đà Nẵng,16.081086,108.218908,9.45,4,6,0,,,,Đang cập nhật,True,False,False,False,,Quán ăn,Món Việt,https://down-vn.img.susercontent.com/vn-11134513-7r98o-lsu919uruw1w81@resize_ss640x400,https://www.foody.vn/da-nang/com-ba-le-com-nha-la-day,/da-nang/com-ba-le-com-nha-la-day/goi-mon
24200,Cơm Niêu Ngói Đỏ,"7 Phan Bội Châu, Quận Hải Châu, Đà Nẵng",Quận Hải Châu,Đà Nẵng,16.079831,108.221431,7.14,10,71,0,,,,Đang cập nhật,True,False,False,False,,Nhà hàng,Món Việt,https://down-vn.img.susercontent.com/vn-11134513-7r98o-lstqte2eulz8f5@resize_ss640x400,https://www.foody.vn/da-nang/com-nieu-ngoi-do,/da-nang/com-nieu-ngoi-do/goi-mon
681840,Làng Nướng Nhật Bản,"Lô 04 - 10A Võ Văn Kiệt, Quận Sơn Trà, Đà Nẵng",Quận Sơn Trà,Đà Nẵng,16.062676,108.240794,7.49,9,88,0,,,,Đang cập nhật,True,False,False,False,,Nhà hàng,Món Nhật,https://down-vn.img.susercontent.com/vn-11134513-7r98o-lsu0xbh6itok98@resize_ss640x400,https://www.foody.vn/da-nang/lang-nuong-nhat-ban,/da-nang/lang-nuong-nhat-ban/goi-mon
129198,Bánh Canh 42 - Nguyễn Hoàng,"42 Nguyễn Hoàng, P. Hải Châu 2, Quận Hải Châu, Đà Nẵng",Quận Hải Châu,Đà Nẵng,16.064338,108.214268,7.944,7,23,0,,,,0934 711 039,False,False,False,False,,Quán ăn,Món Việt,https://down-vn.img.susercontent.com/vn-11134513-7r98o-lsttoav5brgk54@resize_ss640x400,https://www.foody.vn/da-nang/banh-canh-42-nguyen-hoang,/da-nang/banh-canh-42-nguyen-hoang/goi-mon
953347,Cơm Thố Tuấn Lộc,"91D Dũng Sĩ Thanh Khê, P. Thanh Khê Tây, Quận Thanh Khê, Đà Nẵng",Quận Thanh Khê,Đà Nẵng,16.074907,108.17686,7.0,7,22,0,,,,Đang cập nhật,True,False,False,False,,Quán ăn,Món Việt,https://down-vn.img.susercontent.com/vn-11134513-7r98o-lsu8dcg8f25529@resize_ss640x400,https://www.foody.vn/da-nang/com-tho-tuan-loc,/da-nang/com-tho-tuan-loc/goi-mon
1000044293,"Salus - Nước Dừa Bơ, Trà & Cafe - 49 Thái Phiên","49 Thái Phiên, P. Phước Ninh, Quận Hải Châu, Đà Nẵng",Quận Hải Châu,Đà Nẵng,16.0651944,108.2220221,10.0,1,18,0,,,,Đang cập nhật,True,False,False,False,,Café/Dessert,"Món Việt,, Món Âu",https://down-vn.img.susercontent.com/vn-11134513-7ra0g-m800j91ltai64a@resize_ss640x400,https://www.foody.vn/da-nang/salus-nuoc-dua-bo-tra-cafe-49-thai-phien,/da-nang/salus-nuoc-dua-bo-tra-cafe-49-thai-phien/goi-mon
1055122,Hủ Tiếu & Mì Xíu - Trưng Nữ Vương,"301 Trưng Nữ Vương, P. Hòa Thuận Đông, Quận Hải Châu, Đà Nẵng",Quận Hải Châu,Đà Nẵng,16.05197,108.217162,8.0,1,27,0,,,,Đang cập nhật,False,False,False,False,,Quán ăn,Món Việt,https://down-vn.img.susercontent.com/vn-11134513-7r98o-lsv2871nlps4c5@resize_ss640x400,https://www.foody.vn/da-nang/hu-tieu-mi-xiu-trung-nu-vuong,/da-nang/hu-tieu-mi-xiu-trung-nu-vuong/goi-mon
201385,Hủ Tiếu A Tâm,"73 Nguyễn Duy Hiệu, P. An Hải Đông, Quận Sơn Trà, Đà Nẵng",Quận Sơn Trà,Đà Nẵng,16.055576,108.238843,7.142,7,29,0,,,,Đang cập nhật,False,False,False,False,,Quán ăn,Món Miền Nam,https://down-vn.img.susercontent.com/vn-11134259-7r98o-lwgrk33cabq31b@resize_ss640x400,https://www.foody.vn/da-nang/hu-tieu-a-tam,/da-nang/hu-tieu-a-tam/goi-mon
1113949,Hủ Tiếu Bình Dân A Dũng - Tố Hữu,"137 Tố Hữu, P. Hòa Cường Nam, Quận Hải Châu, Đà Nẵng",Quận Hải Châu,Đà Nẵng,16.034097,108.216452,7.0,1,3,0,,,,Đang cập nhật,False,False,False,False,,Quán ăn,,https://down-vn.img.susercontent.com/vn-11134259-7r98o-lwcpgljgrc2je1@resize_ss640x400,https://www.foody.vn/da-nang/hu-tieu-binh-dan-a-dung-to-huu,/da-nang/hu-tieu-binh-dan-a-dung-to-huu/goi-mon
1239508,"Hủ Tiếu Thái Lan, Trà Sữa Thái, Ăn Vặt - Pi Thai - 33 Nguyễn Văn Linh","33 Nguyễn Văn Linh, P. Bình Hiên, Quận Hải Châu, Đà Nẵng",Quận Hải Châu,Đà Nẵng,16.0608148,108.2211285,7.0,1,3,0,,,,Đang cập nhật,True,False,False,False,,Quán ăn,,https://down-vn.img.susercontent.com/vn-11134513-820l4-miwuug8wwnpjf5@resize_ss640x400,https://www.foody.vn/da-nang/hu-tieu-thai-lan-tra-sua-thai-an-vat-pi-thai-33-nguyen-van-linh,/da-nang/hu-tieu-thai-lan-tra-sua-thai-an-vat-pi-thai-33-nguyen-van-linh/goi-mon
282651,Món Ngon Thanh Hóa - Bún Đậu Mắm Tôm,"122 Phạm Như Xương, Quận Liên Chiểu, Đà Nẵng",Quận Liên Chiểu,Đà Nẵng,16.0647777504531,108.1512188538909,9.4,1,5,0,,,,0979 091 084 - 0933 091 084,True,False,False,False,,Quán ăn,Món Việt,https://down-vn.img.susercontent.com/vn-11134259-7r98o-lwdanpmon6qjb7@resize_ss640x400,https://www.foody.vn/da-nang/mon-ngon-thanh-hoa-bun-dau-mam-tom,
32854,Bánh Tráng Dì Hoa - Trưng Nữ Vương,"K168/7 Trưng Nữ Vương, P. Bình Hiên, Quận Hải Châu, Đà Nẵng",Quận Hải Châu,Đà Nẵng,16.0576095,108.2197123,6.718,17,72,0,,,,Đang cập nhật,False,False,False,False,,Quán ăn,Món Việt,https://down-vn.img.susercontent.com/vn-11134513-7r98o-lstr64m5tio44f@resize_ss640x400,https://www.foody.vn/da-nang/banh-trang-kep-da-nang-trung-nu-vuong,/da-nang/banh-trang-kep-da-nang-trung-nu-vuong/goi-mon
935008,Cơm Nhà A Phủ ,"83 Nguyễn Văn Thoại, Quận Ngũ Hành Sơn, Đà Nẵng",Quận Ngũ Hành Sơn,Đà Nẵng,16.054207,108.239016,9.05,4,5,0,,,, 0935040783,True,False,False,False,,Quán ăn,Món Việt,https://down-vn.img.susercontent.com/vn-11134259-7r98o-lw94yxamsdsp35@resize_ss640x400,https://www.foody.vn/da-nang/com-nha-a-phu,
1000000201,Cô Liên - Bún Mắm - Nguyễn Duy Hiệu,"K18/26 Nguyễn Duy Hiệu, Quận Sơn Trà, Đà Nẵng",Quận Sơn Trà,Đà Nẵng,16.0542379,108.2371364,5.784,12,44,0,,,,Đang cập nhật,True,False,False,False,,Quán ăn,Món Việt,https://down-vn.img.susercontent.com/vn-11134513-7r98o-lsvdrypy81qce2@resize_ss640x400,https://www.foody.vn/da-nang/co-lien-bun-mam-nguyen-duy-hieu,/da-nang/co-lien-bun-mam-nguyen-duy-hieu/goi-mon
989782,Bánh Xèo Cô Út,"185 Huy Cận, P. Hòa Cường Nam, Quận Hải Châu, Đà Nẵng",Quận Hải Châu,Đà Nẵng,16.032739,108.215499,8.6,1,2,0,,,,077.749.5571,True,False,False,False,,Quán ăn,Món Việt,https://down-vn.img.susercontent.com/vn-11134513-7r98o-lsu95ncrdjtl93@resize_ss640x400,https://www.foody.vn/da-nang/banh-xeo-co-ut,/da-nang/banh-xeo-co-ut/goi-mon
1004894,Ms Kat's - Bánh & Trà Sữa,"268/16 Trần Phú, P. Phước Ninh, Quận Hải Châu, Đà Nẵng",Quận Hải Châu,Đà Nẵng,16.062125,108.223156,8.352,8,22,0,,,,0935083340,True,False,False,False,,Tiệm bánh,Món Việt,https://down-vn.img.susercontent.com/vn-11134513-7r98o-lsu9k0hslrycfc@resize_ss640x400,https://www.foody.vn/da-nang/ms-kat-s-banh-tra-sua,/da-nang/ms-kat-s-banh-tra-sua/goi-mon
167991,ShinShu/Bếp Phương - Cháo Ếch Singapore & Cơm Ngon,"108 Hoàng Thị Loan, P. Hoà Minh, Quận Liên Chiểu, Đà Nẵng",Quận Liên Chiểu,Đà Nẵng,16.064,108.17544,7.358,197,990,0,,,,0914 490 088 - 0917 981 747,True,False,False,False,,Quán ăn,Singapore,https://down-vn.img.susercontent.com/vn-11134513-7r98o-lstv0n4onr2c7a@resize_ss640x400,https://www.foody.vn/da-nang/shinshu-bep-phuong-chao-ech-singapore-com-ngon,/da-nang/shinshu-bep-phuong-chao-ech-singapore-com-ngon/goi-mon
162041,Gochi Pan Bakery,"122 Phạm Cự Lượng, P. An Hải Đông, Quận Sơn Trà, Đà Nẵng",Quận Sơn Trà,Đà Nẵng,16.06045,108.236246,7.552,103,789,0,,,,Đang cập nhật,True,False,False,False,,Tiệm bánh,Món Việt,https://down-vn.img.susercontent.com/vn-11134513-7r98o-lstut4iwp2h08a@resize_ss640x400,https://www.foody.vn/da-nang/gochi-pan-bakery,/da-nang/gochi-pan-bakery/goi-mon
145594,Cơm Gà Quay A Tý - Đỗ Bá,"220 Đỗ Bá, Quận Ngũ Hành Sơn, Đà Nẵng",Quận Ngũ Hành Sơn,Đà Nẵng,16.049863,108.239715,5.066,3,6,0,,,,Đang cập nhật,True,False,False,False,,Quán ăn,Món Miền Trung,https://down-vn.img.susercontent.com/vn-11134513-7r98o-lstu96of50hw52@resize_ss640x400,https://www.foody.vn/da-nang/com-ga-quay-a-ty-do-ba,/da-nang/com-ga-quay-a-ty-do-ba/goi-mon
1000000044,Cơm Văn Phòng Quỳnh Như,"54 Hải Hồ, P. Thanh Bình, Quận Hải Châu, Đà Nẵng",Quận Hải Châu,Đà Nẵng,16.0796871,108.2152928,5.878,8,17,0,,,,Đang cập nhật,True,False,False,False,,Giao cơm văn phòng,Món Việt,https://down-vn.img.susercontent.com/vn-11134513-7r98o-lsvdph13fohwe6@resize_ss640x400,https://www.foody.vn/da-nang/com-van-phong-quynh-nhu,/da-nang/com-van-phong-quynh-nhu/goi-mon
92431,Bánh Bao Chiên & Bánh Gối - Bắc Đẩu,"05 Bắc Đẩu, P. Thanh Bình, Quận Hải Châu, Đà Nẵng",Quận Hải Châu,Đà Nẵng,16.076742,108.213442,7.15,16,25,0,,,,Đang cập nhật,False,False,False,False,,"Ăn vặt/vỉa hè,, Tiệm bánh",Món Miền Trung,https://down-vn.img.susercontent.com/vn-11134259-7r98o-lwapxg041qzdfd@resize_ss640x400,https://www.foody.vn/da-nang/banh-bao-chien-banh-goi-cao-thang,
1021283,Kem Dừa Mã Lai - Lý Thái Tông,"268 Lý Thái Tông, P. Thanh Khê Tây, Quận Liên Chiểu, Đà Nẵng",Quận Liên Chiểu,Đà Nẵng,16.0682725,108.1708667,10.0,2,2,0,,,,Đang cập nhật,False,False,False,False,,Café/Dessert,Món Miền Trung,https://down-vn.img.susercontent.com/vn-11134513-7r98o-lsua0o1h8o1w7b@resize_ss640x400,https://www.foody.vn/da-nang/kem-dua-ma-lai-ly-thai-tong,/da-nang/kem-dua-ma-lai-ly-thai-tong/goi-mon
262256,Bánh Kẹp Bà Già,"K383/31 Cách Mạng Tháng 8, P. Hòa Thọ Đông, Quận Cẩm Lệ, Đà Nẵng",Quận Cẩm Lệ,Đà Nẵng,16.014474,108.199948,6.286,7,51,0,,,,Đang cập nhật,False,False,False,False,,Ăn vặt/vỉa hè,Món Việt,https://down-vn.img.susercontent.com/vn-11134513-7r98o-lstxqfqkocec5b@resize_ss640x400,https://www.foody.vn/da-nang/banh-kep-ba-gia,/da-nang/banh-kep-ba-gia/goi-mon
265696,Yogen Fruz - Lotte Mart Đà Nẵng,"lô 5F-07 tầng 5 Lotte Mart Đà Nẵng (đối diện rạp chiếu phim Lotte), P. Hoà Cường Bắc, Quận Hải Châu, Đà Nẵng",Quận Hải Châu,Đà Nẵng,16.034775,108.229126,7.686,21,161,0,,,,Đang cập nhật,True,False,False,False,,Café/Dessert,Canada,https://down-vn.img.susercontent.com/vn-11134513-7r98o-lstxr8fap2u1d5@resize_ss640x400,https://www.foody.vn/da-nang/yogen-fruz-lotte-mart-da-nang,/da-nang/yogen-fruz-lotte-mart-da-nang/goi-mon
742028,A&D Cake - Shop Online,"150 Hùng Vương, Quận Hải Châu, Đà Nẵng",Quận Hải Châu,Đà Nẵng,16.068254,108.218377,7.466,9,14,0,,,,Đang cập nhật,True,False,False,False,,Shop Online,Món Việt,https://down-vn.img.susercontent.com/vn-11134513-7r98o-lsu3f2wbqa4k60@resize_ss640x400,https://www.foody.vn/da-nang/a-d-cake-shop-online,/da-nang/a-d-cake-shop-online/goi-mon
1052231,Tiệm Bánh Cherry - Huỳnh Ngọc Huệ,"34 Huỳnh Ngọc Huệ, Quận Thanh Khê, Đà Nẵng",Quận Thanh Khê,Đà Nẵng,16.0636198,108.1842351,7.6,1,3,0,,,,Đang cập nhật,True,False,False,False,,Tiệm bánh,Món Việt,https://down-vn.img.susercontent.com/vn-11134513-7r98o-lsv1wzxfh6zd0c@resize_ss640x400,https://www.foody.vn/da-nang/tiem-banh-cherry-dung-si-thanh-khe,/da-nang/tiem-banh-cherry-dung-si-thanh-khe/goi-mon
646538,Hủ Tiếu - Mì Xíu Phương,"1098 Ngô Quyền, P. An Hải Bắc, Quận Sơn Trà, Đà Nẵng",Quận Sơn Trà,Đà Nẵng,16.059009,108.2351,4.634,6,18,0,,,,Đang cập nhật,True,False,False,False,,Quán ăn,Món Việt,https://down-vn.img.susercontent.com/vn-11134513-7r98o-lstzkukbzoas6d@resize_ss640x400,https://www.foody.vn/da-nang/hu-tieu-mi-xiu-phuong,/da-nang/hu-tieu-mi-xiu-phuong/goi-mon
237020,Trứng Vịt Lộn Bà Thơm,"157 Ông Ích Đường, P. Khuê Trung, Quận Cẩm Lệ, Đà Nẵng",Quận Cẩm Lệ,Đà Nẵng,16.016431,108.20507,5.8,2,18,0,,,,Đang cập nhật,False,False,False,False,,Ăn vặt/vỉa hè,Món Việt,https://down-vn.img.susercontent.com/vn-11134513-7r98o-lstx7sl8tiv818@resize_ss640x400,https://www.foody.vn/da-nang/trung-vit-lon-ba-thom,/da-nang/trung-vit-lon-ba-thom/goi-mon
1047601,Bánh Canh Quảng Bình - Nguyễn Hữu Thọ,"247 Nguyễn Hữu Thọ, P Hòa Cường Bắc, Quận Hải Châu, Đà Nẵng",Quận Hải Châu,Đà Nẵng,16.0424249,108.2105157,10.0,1,1,0,,,,Đang cập nhật,True,False,False,False,,Quán ăn,Món Miền Trung,https://down-vn.img.susercontent.com/vn-11134513-820l4-mf0syexia3ux8b@resize_ss640x400,https://www.foody.vn/da-nang/banh-canh-quang-binh-nguyen-huu-tho,/da-nang/banh-canh-quang-binh-nguyen-huu-tho/goi-mon
1000000008,Cơm Gà Ông Ánh - Cơm Gà Quay,"371 Hà Huy Tập, Quận Thanh Khê, Đà Nẵng",Quận Thanh Khê,Đà Nẵng,16.0585947,108.1846545,8.32,5,1,0,,,,Đang cập nhật,True,False,False,False,,Quán ăn,Món Việt,https://down-vn.img.susercontent.com/vn-11134513-7r98o-lsvdrltr3cg4de@resize_ss640x400,https://www.foody.vn/da-nang/com-ga-ong-anh-com-ga-quay,/da-nang/com-ga-ong-anh-com-ga-quay/goi-mon
1058546,Cơm Gà A Ngon,"1 Đoàn Nhữ Hài, P. Hòa Khê, Quận Thanh Khê, Đà Nẵng",Quận Thanh Khê,Đà Nẵng,16.0631453,108.1917785,8.0,1,18,0,,,,Đang cập nhật,True,False,False,False,,Quán ăn,Món Việt,https://down-vn.img.susercontent.com/vn-11134513-7r98o-lsv2gs8f3s9070@resize_ss640x400,https://www.foody.vn/da-nang/com-ga-a-ngon,/da-nang/com-ga-a-ngon/goi-mon
993980,Xôi Khoa - Bún Chả Quạt - 44 Lê Hữu Khánh,"44 Lê Hữu Khánh, P. Khuê Mỹ, Quận Ngũ Hành Sơn, Đà Nẵng",Quận Ngũ Hành Sơn,Đà Nẵng,16.028786,108.238524,8.602,6,19,0,,,,0942 335899,True,False,False,False,,Quán ăn,Món Việt,https://down-vn.img.susercontent.com/vn-11134513-7r98o-lsu99sjd2bo9b8@resize_ss640x400,https://www.foody.vn/da-nang/xoi-khoa-bun-cha-quat-44-le-huu-khanh,/da-nang/xoi-khoa-bun-cha-quat-44-le-huu-khanh/goi-mon
1001423,Phở An Nam,"42 Trần Văn Trứ, P. Bình Thuận, Quận Hải Châu, Đà Nẵng",Quận Hải Châu,Đà Nẵng,16.0559489,108.2229213,8.646,9,69,0,,,,0932670935,True,False,False,False,,Nhà hàng,Món Miền Nam,https://down-vn.img.susercontent.com/vn-11134513-7r98o-lsu9frx3vno9aa@resize_ss640x400,https://www.foody.vn/da-nang/pho-an-nam,/da-nang/pho-an-nam/goi-mon
1000053117,Thu Hiền Quán - Cao Lầu & Mì Xíu,"03 Lâm Quang Thự, P. Hoà Minh, Quận Liên Chiểu, Đà Nẵng",Quận Liên Chiểu,Đà Nẵng,16.0784849,108.1671079,10.0,1,1,0,,,,Đang cập nhật,True,False,False,False,,Quán ăn,Món Miền Trung,https://down-vn.img.susercontent.com/vn-11134513-7r98o-lsvg7dr4vs9089@resize_ss640x400,https://www.foody.vn/da-nang/thu-hien-quan-cao-lau-mi-xiu,/da-nang/thu-hien-quan-cao-lau-mi-xiu/goi-mon
760307,Cơm Chiên Quỳnh Như,"466 Tôn Đức Thắng, P. Hòa Khánh Nam, Quận Liên Chiểu, Đà Nẵng",Quận Liên Chiểu,Đà Nẵng,16.061513,108.16119,8.95,4,32,0,,,,Đang cập nhật,True,False,False,False,,"Quán ăn,, Giao cơm văn phòng",Món Quảng,https://down-vn.img.susercontent.com/vn-11134513-7r98o-lsu47zlss3icbd@resize_ss640x400,https://www.foody.vn/da-nang/com-chien-quynh-nhu,/da-nang/com-chien-quynh-nhu/goi-mon
71474,Mì Quảng Lộc Vừng,"110 - 112 Hồ Quý Ly, P. Thanh Khê Tây, Quận Thanh Khê, Đà Nẵng",Quận Thanh Khê,Đà Nẵng,16.074402,108.171055,4.818,12,38,0,,,,Đang cập nhật,True,False,False,False,,Quán ăn,Món Việt,https://down-vn.img.susercontent.com/vn-11134513-7r98o-lsts0tr8kvk42b@resize_ss640x400,https://www.foody.vn/da-nang/mi-quang-loc-vung,/da-nang/mi-quang-loc-vung/goi-mon
988179,"Bún Thịt Nướng, Bún Mắm & Bánh Cuốn - Thanh Vân","67 Nguyễn Xí, Quận Liên Chiểu, Đà Nẵng",Quận Liên Chiểu,Đà Nẵng,16.0710011,108.1703299,7.75,4,5,0,,,,Đang cập nhật,True,False,False,False,,Ăn vặt/vỉa hè,Món Miền Trung,https://down-vn.img.susercontent.com/vn-11134513-7ras8-mano9ygqxsyg4e@resize_ss640x400,https://www.foody.vn/da-nang/bun-thit-nuong-bun-mam-banh-cuon-thanh-van,/da-nang/bun-thit-nuong-bun-mam-banh-cuon-thanh-van/goi-mon
1113203,Như Ý Quán - Bún Thịt Nướng & Nem Lụi,"127 Nguyễn Xí, P. Hoà Minh, Quận Liên Chiểu, Đà Nẵng",Quận Liên Chiểu,Đà Nẵng,16.072001,108.1686889,10.0,2,3,0,,,,Đang cập nhật,False,False,False,False,,Quán ăn,,https://down-vn.img.susercontent.com/vn-11134513-7r98o-lsv6yrux9m1010@resize_ss640x400,https://www.foody.vn/da-nang/nhu-y-quan-bun-thit-nuong-nem-lui,/da-nang/nhu-y-quan-bun-thit-nuong-nem-lui/goi-mon
247228,Làng Cá - Hải Sản Tươi Sống,"Lô 26 Võ Nguyên Giáp, P. Mỹ An, Quận Ngũ Hành Sơn, Đà Nẵng",Quận Ngũ Hành Sơn,Đà Nẵng,16.048635,108.249487,5.65,8,32,0,,,,(0236) 3 395 616,False,False,False,False,,Quán ăn,Món Miền Trung,https://down-vn.img.susercontent.com/vn-11134259-7r98o-lwaka7iou4ez5a@resize_ss640x400,https://www.foody.vn/da-nang/lang-ca-hai-san-tuoi-song,
11769,Thanh Hiền - Hải Sản Tự Chọn,"Biển Mỹ Khê T20, Trường Sa, Quận Sơn Trà, Đà Nẵng",Quận Sơn Trà,Đà Nẵng,16.057528,108.2468,4.652,23,76,0,,,,(0236) 3 848 000 - 0905 340 528,True,False,False,False,,Quán ăn,Món Việt,https://down-vn.img.susercontent.com/vn-11134259-7r98o-lwf8kteliajde4@resize_ss640x400,https://www.foody.vn/da-nang/thanh-hien-hai-san-tu-chon,
69043,Quán Hằng - Bún Chả Cá,"18 Nguyễn Lương Bằng, Quận Liên Chiểu, Đà Nẵng",Quận Liên Chiểu,Đà Nẵng,16.067462,108.220629,7.4,1,1,0,,,,Đang cập nhật,True,False,False,False,,Quán ăn,Món Quảng,https://down-vn.img.susercontent.com/vn-11134259-7r98o-lwbvtv7hx7mja5@resize_ss640x400,https://www.foody.vn/da-nang/quan-hang-bun-cha-ca,
178354,Trà Sữa Ăn Vặt G&G,"70 Nguyễn Thiện Kế, P. An Hải Đông, Quận Sơn Trà, Đà Nẵng",Quận Sơn Trà,Đà Nẵng,16.0599801,108.2385486,7.55,20,150,0,,,,Đang cập nhật,True,False,False,False,,Ăn vặt/vỉa hè,Món Việt,https://down-vn.img.susercontent.com/vn-11134513-7r98o-lstvcqh9kts4ae@resize_ss640x400,https://www.foody.vn/da-nang/tra-sua-an-vat-g-g,/da-nang/tra-sua-an-vat-g-g/goi-mon
773505,Sơn Trà Hill - Đặc Sản Xứ Nghệ,"8 Lê Văn Lương, P. Thọ Quang, Quận Sơn Trà, Đà Nẵng",Quận Sơn Trà,Đà Nẵng,16.107223,108.260096,7.9,2,8,0,,,,Đang cập nhật,True,False,False,False,,Nhà hàng,Món Việt,https://down-vn.img.susercontent.com/vn-11134513-7r98o-lsu4s48qd121b6@resize_ss640x400,https://www.foody.vn/da-nang/son-tra-hill-dac-san-xu-nghe,/da-nang/son-tra-hill-dac-san-xu-nghe/goi-mon
762297,Chè Bưởi Anh Túc - Shop Online,"68/9 Tiểu La , Quận Hải Châu, Đà Nẵng",Quận Hải Châu,Đà Nẵng,16.0451639,108.2176908,8.15,36,64,0,,,,0905161249,True,False,False,False,,Shop Online,Món Việt,https://down-vn.img.susercontent.com/vn-11134513-7r98o-lsu4a7qvi4yhec@resize_ss640x400,https://www.foody.vn/da-nang/che-buoi-anh-tuc-shop-online,/da-nang/che-buoi-anh-tuc-shop-online/goi-mon
131998,Bún Mắm - Mì Quảng Ngon - Lý Thường Kiệt,"38 Lý Thường Kiệt, Quận Hải Châu, Đà Nẵng",Quận Hải Châu,Đà Nẵng,16.080184,108.220336,7.6,2,10,0,,,,Đang cập nhật,True,False,False,False,,Quán ăn,Món Quảng,https://down-vn.img.susercontent.com/vn-11134259-7r98o-lwi569323vtndd@resize_ss640x400,https://www.foody.vn/da-nang/bun-mam-mi-quang-ngon-ly-thuong-kiet,
972112,Trần Nguyễn - Bún Đậu Mắm Tôm Hà Nội,"26 Đinh Châu, P. Hòa Thọ Đông, Quận Cẩm Lệ, Đà Nẵng",Quận Cẩm Lệ,Đà Nẵng,16.010034,108.197106,9.9,2,1,0,,,,0368843668,False,False,False,False,,Quán ăn,Món Bắc,https://down-vn.img.susercontent.com/vn-11134513-7r98o-lsu8qf2rppl006@resize_ss640x400,https://www.foody.vn/da-nang/tran-nguyen-bun-dau-mam-tom-ha-noi,/da-nang/tran-nguyen-bun-dau-mam-tom-ha-noi/goi-mon
756915,Monsieur Crêpes - Ẩm Thực Đường Phố Pháp,"27 An Thượng 5, Quận Ngũ Hành Sơn, Đà Nẵng",Quận Ngũ Hành Sơn,Đà Nẵng,16.0481964,108.2456099,8.75,4,20,0,,,,+841278440095,True,False,False,False,,Quán ăn,Pháp,https://down-vn.img.susercontent.com/vn-11134513-7r98o-lsu41t8e71cpf3@resize_ss640x400,https://www.foody.vn/da-nang/monsieur-crepes-am-thuc-duong-pho-phap,/da-nang/monsieur-crepes-am-thuc-duong-pho-phap/goi-mon
126295,Bún Bà Thông - Hoàng Văn Thụ,"99 Hoàng Văn Thụ, Quận Hải Châu, Đà Nẵng",Quận Hải Châu,Đà Nẵng,16.063034,108.21936,6.25,4,28,0,,,,Đang cập nhật,True,False,False,False,,Quán ăn,Món Việt,https://down-vn.img.susercontent.com/vn-11134513-7r98o-lsttkn5k2i848f@resize_ss640x400,https://www.foody.vn/da-nang/bun-99-hoang-van-thu,/da-nang/bun-99-hoang-van-thu/goi-mon
124451,Mì Quảng Bà Mua - Nguyễn Tri Phương,"95A Nguyễn Tri Phương, P. Thạc Gián, Quận Thanh Khê, Đà Nẵng",Quận Thanh Khê,Đà Nẵng,16.056368,108.207005,6.818,24,56,0,,,,0905 005 773,True,False,False,False,,Quán ăn,Món Quảng,https://down-vn.img.susercontent.com/vn-11134513-7r98o-lsttijs8d4m12c@resize_ss640x400,https://www.foody.vn/da-nang/mi-quang-ba-mua-nguyen-tri-phuong,/da-nang/mi-quang-ba-mua-nguyen-tri-phuong/goi-mon
11106,Quán 55B - Cháo Trắng,"55/1 Nguyễn Chí Thanh, Quận Hải Châu, Đà Nẵng",Quận Hải Châu,Đà Nẵng,16.076507,108.22079,7.544,69,221,0,,,,Đang cập nhật,True,False,False,False,,Quán ăn,,https://down-vn.img.susercontent.com/vn-11134513-7r98o-lstq9m50o4gp40@resize_ss640x400,https://www.foody.vn/da-nang/quan-55b,/da-nang/quan-55b/goi-mon
88881,Ốc Thanh - Hoàng Hoa Thám,"22 Hoàng Hoa Thám, P. Tân Chính, Quận Thanh Khê, Đà Nẵng",Quận Thanh Khê,Đà Nẵng,16.070239,108.209536,7.854,41,177,0,,,,0977 575 778,False,False,False,False,,Quán ăn,Món Quảng,https://down-vn.img.susercontent.com/vn-11134513-7r98o-lstsc7iwxl1g58@resize_ss640x400,https://www.foody.vn/da-nang/oc-thanh,/da-nang/oc-thanh/goi-mon
109520,Lanh - Cút Lộn Xào Me & Nước Ép - Núi Thành,"K559/3 Núi Thành, P. Hòa Cường Nam, Quận Hải Châu, Đà Nẵng",Quận Hải Châu,Đà Nẵng,16.031782,108.223129,7.27,138,609,0,,,,Đang cập nhật,False,False,False,False,,Ăn vặt/vỉa hè,Món Miền Trung,https://down-vn.img.susercontent.com/vn-11134513-7r98o-lstszbzaqhfo02@resize_ss640x400,https://www.foody.vn/da-nang/lanh-cut-lon-xao-me-nuoc-ep-nui-thanh,/da-nang/lanh-cut-lon-xao-me-nuoc-ep-nui-thanh/goi-mon
994390,Quán Văn Cư 07 - Ốc & Ăn Vặt,"Nguyễn Thiếp, Quận Sơn Trà, Đà Nẵng",Quận Sơn Trà,Đà Nẵng,16.052742,108.234556,9.066,3,25,0,,,,Đang cập nhật,False,False,False,False,,Ăn vặt/vỉa hè,Món Việt,https://down-vn.img.susercontent.com/vn-11134259-7r98o-lwh6t1h6s53t50@resize_ss640x400,https://www.foody.vn/da-nang/quan-van-cu-07-oc-an-vat,
796757,Ẩm Thực Gánh - Bún Đậu Mắm Tôm - Châu Thị Vĩnh Tế,"157 Châu Thị Vĩnh Tế, P. Mỹ An, Quận Ngũ Hành Sơn, Đà Nẵng",Quận Ngũ Hành Sơn,Đà Nẵng,16.0478959,108.2414417,6.278,49,151,0,,,,0917170395,True,False,False,False,,Quán ăn,Món Bắc,https://down-vn.img.susercontent.com/vn-11134513-7r98o-lsu5peu2elz80c@resize_ss640x400,https://www.foody.vn/da-nang/am-thuc-ganh-bun-dau-mam-tom-chau-thi-vinh-te,/da-nang/am-thuc-ganh-bun-dau-mam-tom-chau-thi-vinh-te/goi-mon
6116,Gỏi Cá Thanh Hương - Đặc Sản Đà Nẵng,"1029 Nguyễn Lương Bằng, Quận Liên Chiểu, Đà Nẵng",Quận Liên Chiểu,Đà Nẵng,16.116059,108.125832,6.918,41,229,0,,,,Đang cập nhật,True,False,False,False,,Quán ăn,Món Miền Trung,https://down-vn.img.susercontent.com/vn-11134513-7r98o-lstq1ea9m7k47b@resize_ss640x400,https://www.foody.vn/da-nang/goi-ca-thanh-huong-dac-san-da-nang,/da-nang/goi-ca-thanh-huong-dac-san-da-nang/goi-mon
955142,Bún Đậu Mộc - Trần Cao Vân,"192 Trần Cao Vân, P. Tam Thuận, Quận Thanh Khê, Đà Nẵng",Quận Thanh Khê,Đà Nẵng,16.07217,108.206748,8.6,2,3,0,,,,Đang cập nhật,True,False,False,False,,Quán ăn,Món Miền Trung,https://down-vn.img.susercontent.com/vn-11134513-7r98o-lsu8exikwrt010@resize_ss640x400,https://www.foody.vn/da-nang/bun-dau-moc-tran-cao-van,/da-nang/bun-dau-moc-tran-cao-van/goi-mon
1067746,Tiệm Mì Nhà Chu - 68 Bà Huyện Thanh Quan,"68 Bà Huyện Thanh Quan, P. Mỹ An, Quận Ngũ Hành Sơn, Đà Nẵng",Quận Ngũ Hành Sơn,Đà Nẵng,16.043585,108.2442329,5.0,1,1,0,,,,Đang cập nhật,True,False,False,False,,Quán ăn,,https://down-vn.img.susercontent.com/vn-11134513-7r98o-lsv39lfnachw84@resize_ss640x400,https://www.foody.vn/da-nang/tiem-mi-nha-chu-68-ba-huyen-thanh-quan,/da-nang/tiem-mi-nha-chu-68-ba-huyen-thanh-quan/goi-mon
278572,Bếp Hên - Về Nhà Có Cơm,"47 Lê Hồng Phong, P. Phước Ninh, Quận Hải Châu, Đà Nẵng",Quận Hải Châu,Đà Nẵng,16.064005,108.221185,7.298,65,491,0,,,,0935 337 705,True,False,False,False,,Quán ăn,Món Việt,https://down-vn.img.susercontent.com/vn-11134513-7r98o-lsty0naatbd0f9@resize_ss640x400,https://www.foody.vn/da-nang/bep-hen-ve-nha-co-com,/da-nang/bep-hen-ve-nha-co-com/goi-mon
722692,Cơm Chiên Giòn - Long Bốn - Hoàng Hoa Thám,"K86/20 Hoàng Hoa Thám, P. Tân Chính, Quận Thanh Khê, Đà Nẵng",Quận Thanh Khê,Đà Nẵng,16.0674422,108.2093203,9.6,1,4,0,,,,Đang cập nhật,True,False,False,False,,Quán ăn,Món Việt,https://down-vn.img.susercontent.com/vn-11134513-7r98o-lsu2jhsbr5p542@resize_ss640x400,https://www.foody.vn/da-nang/com-chien-gion-long-bon-hoang-hoa-tham,/da-nang/com-chien-gion-long-bon-hoang-hoa-tham/goi-mon
937796,Bún Đêm Phúc Mập,"22 Lý Thái Tổ, P. Thạc Gián, Quận Thanh Khê, Đà Nẵng",Quận Thanh Khê,Đà Nẵng,16.066524,108.209718,7.534,3,25,0,,,,Đang cập nhật,False,False,False,False,,Ăn vặt/vỉa hè,Món Miền Trung,https://down-vn.img.susercontent.com/vn-11134513-7r98o-lsu813p5em5517@resize_ss640x400,https://www.foody.vn/da-nang/bun-dem-phuc-map,/da-nang/bun-dem-phuc-map/goi-mon
1012150,Cô Đến - Trứng Vịt Lộn & Bánh Bột Lọc Huế,"410/8 Nguyễn Phước Nguyên, P. An Khê, Quận Thanh Khê, Đà Nẵng",Quận Thanh Khê,Đà Nẵng,16.0499663,108.185032,8.3,6,9,0,,,,0382040081,False,False,False,False,,Ăn vặt/vỉa hè,Món Việt,https://down-vn.img.susercontent.com/vn-11134513-7r98o-lsu9n00f9kucdb@resize_ss640x400,https://www.foody.vn/da-nang/co-den-trung-vit-lon-banh-bot-loc-hue,/da-nang/co-den-trung-vit-lon-banh-bot-loc-hue/goi-mon
1121021,Bánh Sầu Riêng 9 Sạch - Đống Đa,"238 Đống Đa, P. Thuận Phước, Quận Hải Châu, Đà Nẵng",Quận Hải Châu,Đà Nẵng,16.07764,108.21635,9.992,367,10,0,,,,Đang cập nhật,True,False,False,False,,Quán ăn,,https://down-vn.img.susercontent.com/vn-11134513-7r98o-lsv7if2sas2h04@resize_ss640x400,https://www.foody.vn/da-nang/banh-sau-rieng-9-sach-dong-da,/da-nang/banh-sau-rieng-9-sach-dong-da/goi-mon
779967,Trà Bí Đao Chia Chia - 866A Trần Cao Vân,"866A Trần Cao Vân, P. Thanh Khê Đông, Quận Thanh Khê, Đà Nẵng",Quận Thanh Khê,Đà Nẵng,16.068523,108.183128,7.2,2,15,0,,,,Đang cập nhật,True,False,False,False,,Ăn vặt/vỉa hè,Món Việt,https://down-vn.img.susercontent.com/vn-11134513-7r98o-lsu52iest7rtd5@resize_ss640x400,https://www.foody.vn/da-nang/tra-bi-dao-chia-chia-866a-tran-cao-van,/da-nang/tra-bi-dao-chia-chia-866a-tran-cao-van/goi-mon
740042,Trà Bí Đao Chia Chia Lê Nguyễn - 876 Trần Cao Vân,"876 Trần Cao Vân, P. Thanh Khê Đông, Quận Thanh Khê, Đà Nẵng",Quận Thanh Khê,Đà Nẵng,16.0680278,108.1826499,8.398,3,16,0,,,,0905 086 964,True,False,False,False,,Ăn vặt/vỉa hè,Món Việt,https://down-vn.img.susercontent.com/vn-11134513-7r98o-lsu3bzb70v5w44@resize_ss640x400,https://www.foody.vn/da-nang/tra-bi-dao-chia-chia-le-nguyen-876-tran-cao-van,/da-nang/tra-bi-dao-chia-chia-le-nguyen-876-tran-cao-van/goi-mon
1151216,Trà Trái Cây - Bà Ngân,"265 Hoàng Diệu, P. Bình Hiên, Quận Hải Châu, Đà Nẵng",Quận Hải Châu,Đà Nẵng,16.0581921,108.217227,1.0,1,0,0,,,,Đang cập nhật,True,False,False,False,,Café/Dessert,,https://down-vn.img.susercontent.com/vn-11134513-7r98o-lxy66sha27rv73@resize_ss640x400,https://www.foody.vn/da-nang/tra-trai-cay-ba-ngan,/da-nang/tra-trai-cay-ba-ngan/goi-mon
1000000263,Năm Có 12 Tháng - Tiệm Cơm Việt Nam,"158 Chính Hữu, P. An Hải Bắc, Quận Sơn Trà, Đà Nẵng",Quận Sơn Trà,Đà Nẵng,16.06479,108.2395,9.732,3,9,0,,,,Đang cập nhật,True,False,False,False,,Shop Online,Món Việt,https://down-vn.img.susercontent.com/vn-11134513-7r98o-lsvdqhyffrno80@resize_ss640x400,https://www.foody.vn/da-nang/nam-co-12-thang-tiem-com-viet-nam,/da-nang/nam-co-12-thang-tiem-com-viet-nam/goi-mon
967400,Quán Chị Nhung - Bún Trộn,"Lô 30 Chợ Cẩm Lệ ( Ngã Tư Nguyễn Văn Huyên - Hoàng Xuân Hãn ), P. Khuê Trung, Quận Cẩm Lệ, Đà Nẵng",Quận Cẩm Lệ,Đà Nẵng,16.013523,108.207014,8.666,6,1,0,,,,0905532942,False,False,False,False,,Ăn vặt/vỉa hè,Món Việt,https://down-vn.img.susercontent.com/vn-11134513-7r98o-lsu8n15a56zde8@resize_ss640x400,https://www.foody.vn/da-nang/quan-chi-nhung-bun-tron,/da-nang/quan-chi-nhung-bun-tron/goi-mon
928152,Bún Đậu Mắm Tôm T1,"572 Núi Thành, P. Hoà Cường Nam, Quận Hải Châu, Đà Nẵng",Quận Hải Châu,Đà Nẵng,16.0319162,108.2227575,8.726,24,38,0,,,,0965972940,True,False,False,False,,Quán ăn,Món Bắc,https://down-vn.img.susercontent.com/vn-11134513-7r98o-lsu7t9hiff6h53@resize_ss640x400,https://www.foody.vn/da-nang/bun-dau-mam-tom-t1-nui-thanh,/da-nang/bun-dau-mam-tom-t1-nui-thanh/goi-mon
740676,Bé Huế 2 - Bún Bò & Bánh Canh,"459 Núi Thanh, P. Hòa Cường Nam, Quận Hải Châu, Đà Nẵng",Quận Hải Châu,Đà Nẵng,16.036739,108.2223887,8.154,8,8,0,,,,01206 135 580,True,False,False,False,,Quán ăn,Món Miền Trung,https://down-vn.img.susercontent.com/vn-11134513-7r98o-lsu3b6zih1ok90@resize_ss640x400,https://www.foody.vn/da-nang/banh-canh-o-chi,/da-nang/banh-canh-o-chi/goi-mon
177966,Bé Xí - Bánh Canh Xương Chả,"54/5 Đống Đa, Quận Hải Châu, Đà Nẵng",Quận Hải Châu,Đà Nẵng,16.081949,108.2195269999999,7.234,6,18,0,,,,0935 207 558,False,False,False,False,,Quán ăn,Món Việt,https://down-vn.img.susercontent.com/vn-11134259-7r98o-lwex5x0ybobfe7@resize_ss640x400,https://www.foody.vn/da-nang/be-xi-banh-canh-xuong-cha,
216005,Bánh Mì Thịt Quay Bà Hoài,"Trước 379 Núi Thành, Quận Hải Châu, Đà Nẵng",Quận Hải Châu,Đà Nẵng,16.040297,108.221862,7.2,2,6,0,,,,Đang cập nhật,False,False,False,False,,Ăn vặt/vỉa hè,Món Việt,https://down-vn.img.susercontent.com/vn-11134259-7r98o-lw8xuhd6ljvf38@resize_ss640x400,https://www.foody.vn/da-nang/banh-mi-thit-quay-ba-hoai,
1048008,Bún Ốc Sườn Cô Sáu - Lê Thanh Nghị,"173 Lê Thanh Nghị, P. Hòa Cường Bắc, Quận Hải Châu, Đà Nẵng",Quận Hải Châu,Đà Nẵng,16.0381704,108.2182634,5.6,3,1,0,,,,Đang cập nhật,True,False,False,False,,Quán ăn,Món Việt,https://down-vn.img.susercontent.com/vn-11134513-7r98o-lsv1mqm5x7ese6@resize_ss640x400,https://www.foody.vn/da-nang/bun-oc-suon-co-sau-le-thanh-nghi,/da-nang/bun-oc-suon-co-sau-le-thanh-nghi/goi-mon
883460,Ốc Ngõ - Ốc Ngon Hà Nội,"387 Hải Phòng, P. Tân Chính, Quận Thanh Khê, Đà Nẵng",Quận Thanh Khê,Đà Nẵng,16.069762,108.206097,7.612,15,124,0,,,,Đang cập nhật,False,False,False,False,,Quán ăn,Món Việt,https://down-vn.img.susercontent.com/vn-11134513-7r98o-lsu6veynjul58b@resize_ss640x400,https://www.foody.vn/da-nang/oc-ngo-oc-ngon-ha-noi,/da-nang/oc-ngo-oc-ngon-ha-noi/goi-mon
1000022656,Golden Star - Cafe & Món Việt - Trần Bạch Đằng,"176 - 178 Trần Bạch Đằng, P. Mỹ An, Quận Ngũ Hành Sơn, Đà Nẵng",Quận Ngũ Hành Sơn,Đà Nẵng,16.0533444,108.2464181,10.0,1,10,0,,,,Đang cập nhật,True,False,False,False,,"Café/Dessert,, Quán ăn","Món Việt,, Món Á,, Món Âu",https://down-vn.img.susercontent.com/vn-11134513-7r98o-lsve0je4hbk4b9@resize_ss640x400,https://www.foody.vn/da-nang/golden-star-cafe-mon-viet-tran-bach-dang,/da-nang/golden-star-cafe-mon-viet-tran-bach-dang/goi-mon
1025392,Nước Mía Sầu Riêng 1080,"108 Hoài Thanh, P. Mỹ An, Quận Ngũ Hành Sơn, Đà Nẵng",Quận Ngũ Hành Sơn,Đà Nẵng,16.046419,108.237606,8.4,1,2,0,,,,Đang cập nhật,True,False,False,False,,Café/Dessert,Món Việt,https://down-vn.img.susercontent.com/vn-11134513-7r98o-lsua5zlkx22s40@resize_ss640x400,https://www.foody.vn/da-nang/nuoc-mia-sau-rieng-1080,/da-nang/nuoc-mia-sau-rieng-1080/goi-mon
800101,Cơm Gà Bà Phượng - Nguyễn Phước Tần,"50 - 52 Nguyễn Phước Tần, P. Hòa Thọ Đông, Quận Cẩm Lệ, Đà Nẵng",Quận Cẩm Lệ,Đà Nẵng,16.0192881,108.1974899,6.52,10,51,0,,,,Đang cập nhật,True,False,False,False,,Quán ăn,Món Việt,https://down-vn.img.susercontent.com/vn-11134513-7r98o-lsu5skndt9y137@resize_ss640x400,https://www.foody.vn/da-nang/com-ga-ba-phuong-nguyen-phuoc-tan,/da-nang/com-ga-ba-phuong-nguyen-phuoc-tan/goi-mon
642916,Hải Sản Năm Rảnh - Đồng Giá 60K,"01 Chương Dương, P. Mỹ An, Quận Ngũ Hành Sơn, Đà Nẵng",Quận Ngũ Hành Sơn,Đà Nẵng,16.0498961,108.23367,5.99,65,244,0,,,,Đang cập nhật,True,False,False,False,,Quán ăn,Món Việt,https://down-vn.img.susercontent.com/vn-11134259-7r98o-lw9m0jg0kgyh5f@resize_ss640x400,https://www.foody.vn/da-nang/hai-san-nam-ranh-dong-gia-60k,/da-nang/hai-san-nam-ranh-dong-gia-60k/goi-mon
1239494,Bánh Mì Chả Phúc Long - 91 Đặng Dung,"91 Đặng Dung, P. Hòa Khánh Bắc, Quận Liên Chiểu, Đà Nẵng",Quận Liên Chiểu,Đà Nẵng,16.0693117,108.1508918,10.0,1,4,0,,,,Đang cập nhật,True,False,False,False,,Quán ăn,,https://down-vn.img.susercontent.com/vn-11134513-7ra0g-m6828al3z8agdd@resize_ss640x400,https://www.foody.vn/da-nang/banh-mi-cha-phuc-long-91-dang-dung,/da-nang/banh-mi-cha-phuc-long-91-dang-dung/goi-mon
1057240,"Al Fresco's - Pizza, Mỳ Ý, Sườn, Steak Bò Bít Tết - Trần Hưng Đạo","515 Trần Hưng Đạo, Quận Sơn Trà, Đà Nẵng",Quận Sơn Trà,Đà Nẵng,16.0627551,108.2302436,3.0,1,1,0,,,,Đang cập nhật,True,False,False,False,,Nhà hàng,Ý,https://down-vn.img.susercontent.com/vn-11134513-7r98o-lyonb7ffqdnl17@resize_ss640x400,https://www.foody.vn/da-nang/al-fresco-s-pizza-my-y-suon-steak-bo-bit-tet-tran-hung-dao,/da-nang/al-fresco-s-pizza-my-y-suon-steak-bo-bit-tet-tran-hung-dao/goi-mon
762958,Hanie Milktea,"157 Dương Vân Nga, P. Nại Hiên Đông, Quận Sơn Trà, Đà Nẵng",Quận Sơn Trà,Đà Nẵng,16.086464,108.231289,9.4,2,18,0,,,,0905852885,False,False,False,False,,Ăn vặt/vỉa hè,Món Việt,https://down-vn.img.susercontent.com/vn-11134513-7r98o-lsu4bvslmpp53d@resize_ss640x400,https://www.foody.vn/da-nang/hanie-milktea,/da-nang/hanie-milktea/goi-mon
958933,Bánh Mì Bột Lọc Duy Tân,"Phan Thanh giao Nguyễn Văn Linh (Cổng phụ trường Duy Tân), P. Thạc Gián, Quận Thanh Khê, Đà Nẵng",Quận Thanh Khê,Đà Nẵng,16.060071,108.209478,7.5,2,10,0,,,,Đang cập nhật,False,False,False,False,,Ăn vặt/vỉa hè,Món Miền Trung,https://down-vn.img.susercontent.com/vn-11134513-7r98o-lsu8h2ky4tl03b@resize_ss640x400,https://www.foody.vn/da-nang/banh-mi-bot-loc-duy-tan,/da-nang/banh-mi-bot-loc-duy-tan/goi-mon
181821,Bà Hạnh - Đặc Sản Chả Bò Đà Nẵng,"596/18 Hoàng Diệu, P. Hòa Thuận Đông, Quận Hải Châu, Đà Nẵng",Quận Hải Châu,Đà Nẵng,16.049634,108.217385,8.3,18,49,0,,,,0906 555 657 - 0905 250 258,True,False,False,False,,Shop Online,Món Quảng,https://down-vn.img.susercontent.com/vn-11134513-7r98o-lstvgxk4hpqxec@resize_ss640x400,https://www.foody.vn/da-nang/cha-bo-da-nang-ba-hanh,/da-nang/cha-bo-da-nang-ba-hanh/goi-mon
970029,Vinh Cơm Hến,"76/5 Phan Thanh, P. Thạc Gián, Quận Thanh Khê, Đà Nẵng",Quận Thanh Khê,Đà Nẵng,16.0636606,108.2083548,9.3,2,7,0,,,,Đang cập nhật,True,False,False,False,,Quán ăn,Món Miền Trung,https://down-vn.img.susercontent.com/vn-11134513-7ra0g-m6e3z74nnmg73e@resize_ss640x400,https://www.foody.vn/da-nang/vinh-com-hen,/da-nang/vinh-com-hen/goi-mon
276292,Phở Việt Kiều,"65 Phan Tứ, P. Mỹ An, Quận Ngũ Hành Sơn, Đà Nẵng",Quận Ngũ Hành Sơn,Đà Nẵng,16.046135,108.245157,7.844,14,60,0,,,,01629 456 309,True,False,False,False,,Quán ăn,"Mỹ,, Pháp",https://down-vn.img.susercontent.com/vn-11134513-7r98o-lstxx80j7g781e@resize_ss640x400,https://www.foody.vn/da-nang/pho-viet-kieu,/da-nang/pho-viet-kieu/goi-mon
746595,Cháo Dinh Dưỡng & Súp Cua Hà,"128 Nguyễn Thị Định, P. An Hải Bắc, Quận Sơn Trà, Đà Nẵng",Quận Sơn Trà,Đà Nẵng,16.081157,108.230801,7.546,11,46,0,,,,Đang cập nhật,True,False,False,False,,Quán ăn,Món Việt,https://down-vn.img.susercontent.com/vn-11134513-7r98o-lsu3kncwdp5l27@resize_ss640x400,https://www.foody.vn/da-nang/chao-dinh-duong-sup-cua-ha-nguyen-thi-dinh,/da-nang/chao-dinh-duong-sup-cua-ha-nguyen-thi-dinh/goi-mon
1004279,Xôi Bắp Gánh - Hoàng Diệu,"350 Hoàng Diệu, P. Bình Thuận, Quận Hải Châu, Đà Nẵng",Quận Hải Châu,Đà Nẵng,16.056796,108.217033,7.5,2,12,0,,,,Đang cập nhật,False,False,False,False,,Ăn vặt/vỉa hè,Món Việt,https://down-vn.img.susercontent.com/vn-11134513-7r98o-lsu9kxspvamx50@resize_ss640x400,https://www.foody.vn/da-nang/xoi-bap-ganh-hoang-dieu,/da-nang/xoi-bap-ganh-hoang-dieu/goi-mon
1003476,Trứng Nướng Phan Thiết - Trần Cao Vân,"368 Trần Cao Vân, Quận Thanh Khê, Đà Nẵng",Quận Thanh Khê,Đà Nẵng,16.071107,108.200522,7.5,2,9,0,,,,Đang cập nhật,False,False,False,False,,Ăn vặt/vỉa hè,Món Miền Trung,https://down-vn.img.susercontent.com/vn-11134259-7r98o-lwfzxco6kvdn1a@resize_ss640x400,https://www.foody.vn/da-nang/trung-nuong-phan-thiet-tran-cao-van,
86799,Đồng Tiến Bakery - Trần Cao Vân,"743 Trần Cao Vân, P. Thanh Khê Đông, Quận Thanh Khê, Đà Nẵng",Quận Thanh Khê,Đà Nẵng,16.068012,108.182834,7.944,32,237,0,,,,(0236) 3 811 157,True,False,False,False,,Tiệm bánh,Món Việt,https://down-vn.img.susercontent.com/vn-11134513-81ztc-mo4yy6d62vwgad@resize_ss640x400,https://www.foody.vn/da-nang/dong-tien-bakery-tran-cao-van,/da-nang/dong-tien-bakery-tran-cao-van/goi-mon
790815,XO - Hải Sản & Beer,"Lô B2, Khu 3-2, Đường 2 Tháng 9 (Đối Diện Cây Xăng Phan Thành Tài), Quận Hải Châu, Đà Nẵng",Quận Hải Châu,Đà Nẵng,16.05376,108.222448,7.5,6,95,0,,,,Đang cập nhật,True,False,False,False,,Nhà hàng,Món Việt,https://down-vn.img.susercontent.com/vn-11134513-7r98o-lsu5kobpvxjt83@resize_ss640x400,https://www.foody.vn/da-nang/xo-hai-san-beer,/da-nang/xo-hai-san-beer/goi-mon
147983,Crystal Jade Kitchen - Vincom Ngô Quyền - Nhà Hàng Quảng Đông,"Tầng 4, Vincom Center, 910A Ngô Quyền, P. An Hải Bắc, Quận Sơn Trà, Đà Nẵng",Quận Sơn Trà,Đà Nẵng,16.0717423,108.23079,6.944,139,1089,0,,,,Đang cập nhật,True,False,False,False,,Nhà hàng,Món Trung Hoa,https://down-vn.img.susercontent.com/vn-11134513-7r98o-lstubp82mwn8eb@resize_ss640x400,https://www.foody.vn/da-nang/crystal-jade-kitchen-vincom-ngo-quyen-nha-hang-quang-dong,/da-nang/crystal-jade-kitchen-vincom-ngo-quyen-nha-hang-quang-dong/goi-mon
212138,Quán Bé - Ốc Hút & Trứng Lộn,"95 Nguyễn Chánh, Quận Liên Chiểu, Đà Nẵng",Quận Liên Chiểu,Đà Nẵng,16.084379,108.150765,7.68,5,45,0,,,,Đang cập nhật,False,False,False,False,,Ăn vặt/vỉa hè,Món Việt,https://down-vn.img.susercontent.com/vn-11134259-7r98o-lwbf61wl6nrtbe@resize_ss640x400,https://www.foody.vn/da-nang/quan-be-oc-hut-trung-lon,
156523,Tre Việt - Hải Sản Tự Chọn,"196 Hồ Nghinh, P. Phước Mỹ, Quận Sơn Trà, Đà Nẵng",Quận Sơn Trà,Đà Nẵng,16.067415,108.243072,4.64,10,30,0,,,,Đang cập nhật,False,False,False,False,,"Quán ăn,, Quán nhậu",Món Việt,https://down-vn.img.susercontent.com/vn-11134513-7r98o-lstunq7r089056@resize_ss640x400,https://www.foody.vn/da-nang/tre-viet-hai-san-tu-chon,/da-nang/tre-viet-hai-san-tu-chon/goi-mon
71042,Ốc Hút Đĩa Bay - 2 Tháng 9,"Đường 2 Tháng 9, Quận Hải Châu, Đà Nẵng",Quận Hải Châu,Đà Nẵng,16.035415,108.224163,7.296,46,209,0,,,,Đang cập nhật,False,False,False,False,,Ăn vặt/vỉa hè,Món Quảng,https://down-vn.img.susercontent.com/vn-11134259-7r98o-lwbtalznfvtnea@resize_ss640x400,https://www.foody.vn/da-nang/oc-hut-dia-bay-2-thang-9,
733426,Quán Cay - Nhậu Bình Dân,"Lô 11-A1 Khu Dân Cư Vạn Tường, Nguyễn An Ninh, Quận Liên Chiểu, Đà Nẵng",Quận Liên Chiểu,Đà Nẵng,16.0889597,108.1502077,9.24,5,34,0,,,,Đang cập nhật,True,False,False,False,,Quán nhậu,Món Việt,https://down-vn.img.susercontent.com/vn-11134513-7r98o-lsu31el067r8a1@resize_ss640x400,https://www.foody.vn/da-nang/quan-cay-nhau-binh-dan,/da-nang/quan-cay-nhau-binh-dan/goi-mon
722875,Hải Sản Đồng Giá Quạt Mo,"Ngã 3 Nguyễn Chánh - Bàu Mạc 5, Quận Liên Chiểu, Đà Nẵng",Quận Liên Chiểu,Đà Nẵng,16.085577,108.151874,7.8,2,25,0,,,,0904 931 985,True,False,False,False,,Quán nhậu,Món Việt,https://down-vn.img.susercontent.com/vn-11134259-7r98o-lwfzhxk2udi31d@resize_ss640x400,https://www.foody.vn/da-nang/hai-san-dong-gia-quat-mo,
680955,Bún Đậu Bà Kỳ,"Trường Sa, Bisou Hotel, Cocobay Danang, Quận Ngũ Hành Sơn, Đà Nẵng",Quận Ngũ Hành Sơn,Đà Nẵng,15.9637902117718,108.2797496393323,5.002,3,23,0,,,,Đang cập nhật,True,False,False,False,,Quán ăn,Món Bắc,https://down-vn.img.susercontent.com/vn-11134259-7r98o-lwdkd7jijf8bcb@resize_ss640x400,https://www.foody.vn/da-nang/bun-dau-ba-ky,
959141,Cơm Gà Bà Na - 200 Võ Văn Đặng,"200 Võ Văn Đặng, P. Hoà Hải, Quận Ngũ Hành Sơn, Đà Nẵng",Quận Ngũ Hành Sơn,Đà Nẵng,15.982011,108.250496,10.0,2,1,0,,,,0367888152,True,False,False,False,,Quán ăn,Món Miền Trung,https://down-vn.img.susercontent.com/vn-11134513-7r98o-lsu8gxk1hk1w0f@resize_ss640x400,https://www.foody.vn/da-nang/com-ga-ba-na-200-vo-van-dang,/da-nang/com-ga-ba-na-200-vo-van-dang/goi-mon
226824,Cơm Trang - Cơm & Cao Lầu,"419 Hoàng Diệu, Quận Hải Châu, Đà Nẵng",Quận Hải Châu,Đà Nẵng,16.0542063098232,108.2175482064485,10.0,1,4,0,,,,01679 996 053,True,False,False,False,,Quán ăn,Món Miền Trung,https://down-vn.img.susercontent.com/vn-11134259-7r98o-lwa9vnsumi1l03@resize_ss640x400,https://www.foody.vn/da-nang/com-trang-com-cao-lau,
903902,Cháo Dinh Dưỡng & Súp Na Na,"103 Toà A5 Vicoland, Bùi Dương Lịch, P. Nại Hiên Đông, Quận Sơn Trà, Đà Nẵng",Quận Sơn Trà,Đà Nẵng,16.089286,108.2301472,10.0,2,17,0,,,,0936304473,True,False,False,False,,Quán ăn,Tây Nguyên,https://down-vn.img.susercontent.com/vn-11134513-7r98o-lsu7dzbjj26cbc@resize_ss640x400,https://www.foody.vn/da-nang/chao-sup-dinh-duong-sup-na-na,/da-nang/chao-sup-dinh-duong-sup-na-na/goi-mon
632699,Mì Cay 7 Cấp Độ,"39 Lưu Hữu Phước, P. An Hải Bắc, Quận Sơn Trà, Đà Nẵng",Quận Sơn Trà,Đà Nẵng,16.0808724,108.2317277,3.066,3,9,0,,,,Đang cập nhật,False,False,False,False,,Quán ăn,Món Việt,https://down-vn.img.susercontent.com/vn-11134513-7r98o-lstz2l7xxn6h1e@resize_ss640x400,https://www.foody.vn/da-nang/mi-cay-7-cap-do,/da-nang/mi-cay-7-cap-do/goi-mon
941504,Quán Đại Lộc - Trưng Nữ Vương,"97 Trưng Nữ Vương, Quận Hải Châu, Đà Nẵng",Quận Hải Châu,Đà Nẵng,16.057098,108.22222,8.3,2,40,0,,,,0985002797,True,False,False,False,,"Nhà hàng,, Quán ăn",,https://down-vn.img.susercontent.com/vn-11134259-7r98o-lw8tt8ztrizff4@resize_ss640x400,https://www.foody.vn/da-nang/quan-dai-loc-trung-nu-vuong,
1056168,V7 Coffee,"K3/12 Phan Thành Tài, Quận Hải Châu, Đà Nẵng",Quận Hải Châu,Đà Nẵng,16.05297,108.221529,3.96,5,5,0,,,,Đang cập nhật,True,False,False,False,,Café/Dessert,Món Việt,https://down-vn.img.susercontent.com/vn-11134259-7r98o-lwf18aqx5l21b6@resize_ss640x400,https://www.foody.vn/da-nang/v7-coffee,
681845,Tiệm Bánh Loving You,"11 Quang Dũng, Quận Thanh Khê, Đà Nẵng",Quận Thanh Khê,Đà Nẵng,16.0635134,108.211665,4.76,5,20,0,,,,0906 502 771,True,False,False,False,,Tiệm bánh,Món Việt,https://down-vn.img.susercontent.com/vn-11134513-7r98o-lsu0xdmbdy1la2@resize_ss640x400,https://www.foody.vn/da-nang/tiem-banh-loving-you,/da-nang/tiem-banh-loving-you/goi-mon
712469,Kebab Torki - Lê Thanh Nghị,"210 Lê Thanh Nghị, P. Hoà Cường Bắc, Quận Hải Châu, Đà Nẵng",Quận Hải Châu,Đà Nẵng,16.036787,108.218176,8.7,4,22,0,,,,0937 038 598,False,False,False,False,,Ăn vặt/vỉa hè,Thổ Nhĩ Kỳ,https://down-vn.img.susercontent.com/vn-11134513-7r98o-lsu23yzlhk1wc9@resize_ss640x400,https://www.foody.vn/da-nang/kebab-torki-le-thanh-nghi,/da-nang/kebab-torki-le-thanh-nghi/goi-mon
1000052556,Cơm Tấm Ông Anh - Cơm - Lê Thanh Nghị,"133 Lê Thanh Nghị, P. Hòa Cường Bắc, Quận Hải Châu, Đà Nẵng",Quận Hải Châu,Đà Nẵng,16.0390444,108.2181865,4.0,1,0,0,,,,Đang cập nhật,True,False,False,False,,Quán ăn,Món Việt,https://down-vn.img.susercontent.com/vn-11134513-7r98o-lsvg9ixdy5dw87@resize_ss640x400,https://www.foody.vn/da-nang/com-tam-ong-anh-com-le-thanh-nghi.gnr15o,/da-nang/com-tam-ong-anh-com-le-thanh-nghi.gnr15o/goi-mon
248411,Trần Lê - Bánh Tráng Thịt Heo,"275 Lê Đại Hành, P. Hòa Thọ Đông, Quận Cẩm Lệ, Đà Nẵng",Quận Cẩm Lệ,Đà Nẵng,16.02221,108.201101,7.666,9,29,0,,,,Đang cập nhật,True,False,False,False,,Quán ăn,Món Miền Trung,https://down-vn.img.susercontent.com/vn-11134513-7r98o-lstxgna4gcskeb@resize_ss640x400,https://www.foody.vn/da-nang/tran-le-banh-trang-thit-heo,/da-nang/tran-le-banh-trang-thit-heo/goi-mon
647822,Bánh Mì Heo Quay Bích,"447 Trưng Nữ Vương, Quận Hải Châu, Đà Nẵng",Quận Hải Châu,Đà Nẵng,16.046481,108.21092,8.6,2,7,0,,,,Đang cập nhật,True,False,False,False,,Ăn vặt/vỉa hè,Món Việt,https://down-vn.img.susercontent.com/vn-11134259-7r98o-lwa2xg3yah21b9@resize_ss640x400,https://www.foody.vn/da-nang/banh-mi-heo-quay-bich,
712588,A Xíu - Hải Sản Tươi Sống,"126 Nguyễn Đăng Giai, P. Thọ Quang, Quận Sơn Trà, Đà Nẵng",Quận Sơn Trà,Đà Nẵng,16.103432,108.257498,7.88,5,78,0,,,,0934 792 775,True,False,False,False,,Quán nhậu,Món Việt,https://down-vn.img.susercontent.com/vn-11134513-7r98o-lsu24hyfqavtd6@resize_ss640x400,https://www.foody.vn/da-nang/a-xiu-hai-san-tuoi-song,/da-nang/a-xiu-hai-san-tuoi-song/goi-mon
251363,Cơm Niêu Nhà Đỏ 2,"86 Nguyễn Tri Phương, Quận Thanh Khê, Đà Nẵng",Quận Thanh Khê,Đà Nẵng,16.0620447,108.2039363,5.236,16,119,0,,,,Đang cập nhật,True,False,False,False,,Nhà hàng,Món Việt,https://down-vn.img.susercontent.com/vn-11134513-7r98o-lstxjt53tznob5@resize_ss640x400,https://www.foody.vn/da-nang/com-nieu-nha-do-2,/da-nang/com-nieu-nha-do-2/goi-mon
989867,Chris Cheese Hotdog 3,"15 Tiên Sơn 10, P. Hoà Cường Nam, Quận Hải Châu, Đà Nẵng",Quận Hải Châu,Đà Nẵng,16.0352296,108.2218522,8.43,34,183,0,,,,077 759 3103,True,False,False,False,,Ăn vặt/vỉa hè,Món Việt,https://down-vn.img.susercontent.com/vn-11134513-7r98o-lsu93w1y0bkp93@resize_ss640x400,https://www.foody.vn/da-nang/chris-cheese-hotdog-3,/da-nang/chris-cheese-hotdog-3/goi-mon
989507,Bò Khô - Yaourt Chợ Cồn," Ngã Tư Ông Ích Khiêm - Hùng Vương (Đối Diện Chợ Cồn), P. Vĩnh Trung, Quận Thanh Khê, Đà Nẵng",Quận Thanh Khê,Đà Nẵng,16.067361,108.213924,6.45,4,15,0,,,,Đang cập nhật,False,False,False,False,,Ăn vặt/vỉa hè,Món Việt,https://down-vn.img.susercontent.com/vn-11134513-7r98o-lsu95alu14uce0@resize_ss640x400,https://www.foody.vn/da-nang/bo-kho-yaourt-cho-con,/da-nang/bo-kho-yaourt-cho-con/goi-mon
96230,Dừa Bến Tre - 198 Bạch Đằng,"198 Bạch Đằng, P. Phước Ninh, Quận Hải Châu, Đà Nẵng",Quận Hải Châu,Đà Nẵng,16.065382,108.22436,7.414,16,68,0,,,,Đang cập nhật,False,False,False,False,,Ăn vặt/vỉa hè,Món Việt,https://down-vn.img.susercontent.com/vn-11134513-7r98o-lstskh7pav2c2e@resize_ss640x400,https://www.foody.vn/da-nang/dua-ben-tre-198-bach-dang,/da-nang/dua-ben-tre-198-bach-dang/goi-mon
154280,Vua Bò - Nguyễn Du,"75 Nguyễn Du, Quận Hải Châu, Đà Nẵng",Quận Hải Châu,Đà Nẵng,16.07837,108.218248,6.666,9,53,0,,,,Đang cập nhật,True,False,False,False,,Quán ăn,Món Việt,https://down-vn.img.susercontent.com/vn-11134259-7r98o-lwgdwlemuqxn71@resize_ss640x400,https://www.foody.vn/da-nang/vua-bo-nguyen-du,
976591,Bánh Mì Chay Nguyên Chi - Đống Đa,"151 Đống Đa, P. Thạch Thang, Quận Hải Châu, Đà Nẵng",Quận Hải Châu,Đà Nẵng,16.078373,108.2172588,9.9,2,0,0,,,,Đang cập nhật,True,False,False,False,,Shop Online,Món Việt,https://down-vn.img.susercontent.com/vn-11134513-7r98o-lsu8vbj1hxhg85@resize_ss640x400,https://www.foody.vn/da-nang/banh-mi-chay-nguyen-chi-dong-da,/da-nang/banh-mi-chay-nguyen-chi-dong-da/goi-mon
763295,Cơm Chiên & Bún Bò Huế - Bà Thủy,"159 Huy Cận, P. Hòa Cường Nam, Quận Hải Châu, Đà Nẵng",Quận Hải Châu,Đà Nẵng,16.03297,108.21657,7.816,49,152,0,,,,0903500054 ; 02363750966,True,False,False,False,,"Quán ăn,, Giao cơm văn phòng",Món Huế,https://down-vn.img.susercontent.com/vn-11134513-7r98o-lsu4bortwm1l0a@resize_ss640x400,https://www.foody.vn/da-nang/com-chien-bun-bo-hue-ba-thuy,/da-nang/com-chien-bun-bo-hue-ba-thuy/goi-mon
1070925,Món Ăn Hàn Quốc - Lẩu & Nướng Út Neo,"K166/30 Nguyễn Lương Bằng, P. Hòa Khánh Bắc, Quận Liên Chiểu, Đà Nẵng",Quận Liên Chiểu,Đà Nẵng,16.0784743,108.1489414,9.8,3,13,0,,,,Đang cập nhật,False,False,False,False,,"Café/Dessert,, Quán ăn",,https://down-vn.img.susercontent.com/vn-11134513-7r98o-lsv3keg40iah5c@resize_ss640x400,https://www.foody.vn/da-nang/mon-an-han-quoc-lau-nuong-ut-neo,/da-nang/mon-an-han-quoc-lau-nuong-ut-neo/goi-mon
635860,Chả Bò Đà Nẵng Bà Trúc,"392/17 Trưng Nữ Vương, P. Hoà Thuận Đông, Quận Hải Châu, Đà Nẵng",Quận Hải Châu,Đà Nẵng,16.051692,108.21606,9.0,5,11,0,,,,Đang cập nhật,True,False,False,False,,Shop Online,Món Việt,https://down-vn.img.susercontent.com/vn-11134513-7r98o-lstz6vmnz4ih37@resize_ss640x400,https://www.foody.vn/da-nang/cha-bo-da-nang-ba-truc,/da-nang/cha-bo-da-nang-ba-truc/goi-mon
1000000322,Bánh Tráng Trộn - Bé Nhớ,"118 Lê Đình Lý, Quận Hải Châu, Đà Nẵng",Quận Hải Châu,Đà Nẵng,16.0540397,108.2119149,6.6,1,0,0,,,,Đang cập nhật,False,False,False,False,,Ăn vặt/vỉa hè,Món Việt,https://down-vn.img.susercontent.com/vn-11134513-7r98o-lsvdr2sowfx5b9@resize_ss640x400,https://www.foody.vn/da-nang/banh-trang-tron-be-nho,/da-nang/banh-trang-tron-be-nho/goi-mon
630363,Bún Giò Bà Hồng,"26 Nguyễn Công Trứ, Quận Sơn Trà, Đà Nẵng",Quận Sơn Trà,Đà Nẵng,16.067724,108.232964,8.8,1,3,0,,,,Đang cập nhật,False,False,False,False,,Quán ăn,Món Việt,https://down-vn.img.susercontent.com/vn-11134259-7r98o-lwer02g7pluj0c@resize_ss640x400,https://www.foody.vn/da-nang/bun-gio-ba-hong,
1000000369,Bé Việt - Ăn Vặt Hàn Quốc - Dương Vân Nga,"P111 Nhà B, Khu C2, Chung Cư Dương Vân Nga, Dương Vân Nga, Quận Sơn Trà, Đà Nẵng",Quận Sơn Trà,Đà Nẵng,16.090441,108.231099,7.5,2,3,0,,,,Đang cập nhật,True,False,False,False,,Quán ăn,Món Hàn,https://down-vn.img.susercontent.com/vn-11134513-7r98o-lsvdqyp2xuvtfb@resize_ss640x400,https://www.foody.vn/da-nang/be-viet-an-vat-han-quoc-duong-van-nga,/da-nang/be-viet-an-vat-han-quoc-duong-van-nga/goi-mon
973478,Bánh Chuối Chiên Sài Gòn - Chị Mai,"49 Tôn Thất Tùng, P. Thạc Gián, Quận Thanh Khê, Đà Nẵng",Quận Thanh Khê,Đà Nẵng,16.057809,108.210663,9.16,5,10,0,,,,0905808258 ( Ms. Mai),True,False,False,False,,Ăn vặt/vỉa hè,Món Việt,https://down-vn.img.susercontent.com/vn-11134513-7r98o-lsu8rqe4h21l4b@resize_ss640x400,https://www.foody.vn/da-nang/banh-chuoi-chien-sai-gon-chi-mai,/da-nang/banh-chuoi-chien-sai-gon-chi-mai/goi-mon
783134,Làng Chài Seafood (Remove),"2 Trần Văn Thành, Quận Ngũ Hành Sơn, Đà Nẵng",Quận Ngũ Hành Sơn,Đà Nẵng,16.039701,108.247764,8.3,2,49,0,,,,Đang cập nhật,False,False,False,False,,Nhà hàng,Món Việt,https://down-vn.img.susercontent.com/vn-11134513-7r98o-lsu57oc2rtllde@resize_ss640x400,https://www.foody.vn/da-nang/lang-chai-seafood,/da-nang/lang-chai-seafood/goi-mon
1053783,Bún Bò - Sườn Bò Thập Cẩm,"131 Lê Thanh Nghị, P. Hòa Cường Bắc, Quận Hải Châu, Đà Nẵng",Quận Hải Châu,Đà Nẵng,16.039058,108.218131,9.64,10,30,0,,,,Đang cập nhật,True,False,False,False,,Quán ăn,Món Việt,https://down-vn.img.susercontent.com/vn-11134513-7r98o-lsv24wwog0wpb9@resize_ss640x400,https://www.foody.vn/da-nang/bun-bo-suon-bo-thap-cam,/da-nang/bun-bo-suon-bo-thap-cam/goi-mon
1049264,Bánh Canh Tô Hiệu,"6 Tô Hiệu, P. Hòa Minh, Quận Liên Chiểu, Đà Nẵng",Quận Liên Chiểu,Đà Nẵng,16.056821,108.168863,9.0,1,0,0,,,,Đang cập nhật,True,False,False,False,,Quán ăn,Món Việt,https://down-vn.img.susercontent.com/vn-11134513-7ras8-m1w8cggisp5f9d@resize_ss640x400,https://www.foody.vn/da-nang/banh-canh-to-hieu,/da-nang/banh-canh-to-hieu/goi-mon
695009,Amy - Chè Bưởi & Bò Rim,"1 Văn Cận, P. Khuê Trung, Quận Cẩm Lệ, Đà Nẵng",Quận Cẩm Lệ,Đà Nẵng,16.0356,108.212592,7.014,28,137,0,,,,Đang cập nhật,True,False,False,False,,Ăn vặt/vỉa hè,Món Việt,https://down-vn.img.susercontent.com/vn-11134513-7r98o-lsu1ic775fic7f@resize_ss640x400,https://www.foody.vn/da-nang/amy-che-buoi-can-ky-ly,/da-nang/amy-che-buoi-can-ky-ly/goi-mon
1000050671,Bún Đậu Mắm Tôm Lộc Phát - Bún Đậu Mẹt,"56A Lương Thế Vinh, P. An Hải Bắc, Quận Sơn Trà, Đà Nẵng",Quận Sơn Trà,Đà Nẵng,16.06362,108.2373581,10.0,1,0,0,,,,Đang cập nhật,True,False,False,False,,Quán ăn,"Món Bắc,, Món Miền Trung,, Món Miền Nam",https://down-vn.img.susercontent.com/vn-11134513-7ra0g-m80pvivprgxa03@resize_ss640x400,https://www.foody.vn/da-nang/bun-dau-mam-tom-loc-phat-bun-dau-met,/da-nang/bun-dau-mam-tom-loc-phat-bun-dau-met/goi-mon
1022252,Mì Cay Cheoeum - Lê Thanh Nghị,"321 Lê Thanh Nghị, P. Hòa Cường Nam, Quận Hải Châu, Đà Nẵng",Quận Hải Châu,Đà Nẵng,16.033593,108.218472,5.602,3,38,0,,,,Đang cập nhật,True,False,False,False,,Quán ăn,Món Hàn,https://down-vn.img.susercontent.com/vn-11134513-7r98o-lsua150gekrdd7@resize_ss640x400,https://www.foody.vn/da-nang/mi-cay-cheoeum-le-thanh-nghi,/da-nang/mi-cay-cheoeum-le-thanh-nghi/goi-mon
1062290,Kore Foods - Hà Huy Giáp,"k37/21 Hà Huy Giáp, P. Hòa Cường Nam, Quận Hải Châu, Đà Nẵng",Quận Hải Châu,Đà Nẵng,16.035623,108.217341,7.6,1,6,0,,,,Đang cập nhật,False,False,False,False,,Quán ăn,Món Hàn,https://down-vn.img.susercontent.com/vn-11134513-7r98o-lsv2vkyrill0f2@resize_ss640x400,https://www.foody.vn/da-nang/kore-foods-ha-huy-giap,/da-nang/kore-foods-ha-huy-giap/goi-mon
1063253,Galbi House,"37 Huỳnh Tấn Phát, P. Hòa Cường Bắc, Quận Hải Châu, Đà Nẵng",Quận Hải Châu,Đà Nẵng,16.0379824,108.2141295,9.0,1,4,0,,,,Đang cập nhật,True,False,False,False,,Quán ăn,Món Hàn,https://down-vn.img.susercontent.com/vn-11134513-7r98o-lsv2xwzyjlc4b9@resize_ss640x400,https://www.foody.vn/da-nang/galbi-house,/da-nang/galbi-house/goi-mon
791364,Bà Hồng - Bánh Căn & Nem Nướng Đà Lạt,"89 Hoàng Thúc Trâm, Quận Hải Châu, Đà Nẵng",Quận Hải Châu,Đà Nẵng,16.042086,108.214099,6.45,4,20,0,,,,0915770501,True,False,False,False,,Quán ăn,Đà Lạt,https://down-vn.img.susercontent.com/vn-11134513-7r98o-lsu5l3vd4yisfb@resize_ss640x400,https://www.foody.vn/da-nang/ba-hong-banh-can-nem-nuong-da-lat,/da-nang/ba-hong-banh-can-nem-nuong-da-lat/goi-mon
1038541,Trà Sữa NaCo,"Sau Lưng Trường Mẫu Giáo Ngôi Sao Xanh, Đường Mai Đăng Chơn, Hoà Hải (Nhà Có Bảng Hiệu Phong Thuỷ Thành Công), Quận Ngũ Hành Sơn, Đà Nẵng",Quận Ngũ Hành Sơn,Đà Nẵng,15.9899158,108.2454738,9.268,3,3,0,,,,0355064006,True,False,False,False,,Shop Online,Món Việt,https://down-vn.img.susercontent.com/vn-11134513-7r98o-lsv0scysgntla7@resize_ss640x400,https://www.foody.vn/da-nang/tra-sua-naco,/da-nang/tra-sua-naco/goi-mon
1055743,Hồi Ký Mì Gia,"96 Ngô Tất Tố , Quận Hải Châu, Đà Nẵng",Quận Hải Châu,Đà Nẵng,16.036728,108.21675,9.2,3,40,0,,,,Đang cập nhật,True,False,False,False,,Quán ăn,Món Việt,https://down-vn.img.susercontent.com/vn-11134513-7r98o-lsv27s0lzj4p79@resize_ss640x400,https://www.foody.vn/da-nang/hoi-ky-mi-gia,/da-nang/hoi-ky-mi-gia/goi-mon
696460,Bánh Mì Quốc Doanh - Nguyễn Chí Thanh,"35 Nguyễn Chí Thanh , Quận Hải Châu, Đà Nẵng",Quận Hải Châu,Đà Nẵng,16.078682,108.219968,5.3,2,6,0,,,,Đang cập nhật,True,False,False,False,,Tiệm bánh,Món Việt,https://down-vn.img.susercontent.com/vn-11134259-7r98o-lwe7g1haysbf87@resize_ss640x400,https://www.foody.vn/da-nang/banh-mi-quoc-doanh-nguyen-chi-thanh,
735332,Trà Sữa R&B - Đống Đa,"237 Đống Đa, P. Thạch Thang, Quận Hải Châu, Đà Nẵng",Quận Hải Châu,Đà Nẵng,16.07558,108.215,7.358,184,486,0,,,,Đang cập nhật,True,False,False,False,,Café/Dessert,Món Trung Hoa,https://down-vn.img.susercontent.com/vn-11134513-7r98o-lsu32lf5hgw414@resize_ss640x400,https://www.foody.vn/da-nang/tra-sua-r-b-dong-da,/da-nang/tra-sua-r-b-dong-da/goi-mon
729650,Amiga Restaurant - Món Nhật & Hàn,"Lô G27 Phạm Văn Đồng, P. An Hải Bắc, Quận Sơn Trà, Đà Nẵng",Quận Sơn Trà,Đà Nẵng,16.071088,108.236137,8.9,12,105,0,,,,Đang cập nhật,False,False,False,False,,Nhà hàng,"Món Nhật,, Món Hàn",https://down-vn.img.susercontent.com/vn-11134513-7r98o-lsu2trmgjjbtdf@resize_ss640x400,https://www.foody.vn/da-nang/amiga-restaurant-mon-nhat-han,/da-nang/amiga-restaurant-mon-nhat-han/goi-mon
268762,Vịt Ngon - Nhà Hàng Hàn Quốc,"Lô G10 Phạm Văn Đồng, Quận Sơn Trà, Đà Nẵng",Quận Sơn Trà,Đà Nẵng,16.0708904,108.2365266,8.168,12,95,0,,,,Đang cập nhật,True,False,False,False,,Nhà hàng,Món Hàn,https://down-vn.img.susercontent.com/vn-11134513-7r98o-lstxtzjhngk976@resize_ss640x400,https://www.foody.vn/da-nang/vit-ngon-nha-hang-han-quoc,/da-nang/vit-ngon-nha-hang-han-quoc/goi-mon
1046210,Đặc Sản Bò Lụi Bé Na - Bún Thịt Nướng,"377/26 Hải Phòng, P. Tân Chính, Quận Thanh Khê, Đà Nẵng",Quận Thanh Khê,Đà Nẵng,16.0700746,108.2061629,8.99,20,30,0,,,,Đang cập nhật,True,False,False,False,,Quán ăn,Món Việt,https://down-vn.img.susercontent.com/vn-11134513-7r98o-lsv1g0ccgj2xec@resize_ss640x400,https://www.foody.vn/da-nang/dac-san-bo-lui-be-na-bun-thit-nuong,/da-nang/dac-san-bo-lui-be-na-bun-thit-nuong/goi-mon
1013095,Được Chợ Hàn - Nem Lụi & Bò Lá Lốt - Ông Ích Khiêm,"K235/34 Ông Ích Khiêm, P. Hải Châu 2, Quận Hải Châu, Đà Nẵng",Quận Hải Châu,Đà Nẵng,16.069473,108.213713,9.0,1,3,0,,,,0905996804,False,False,False,False,,Quán ăn,Món Miền Trung,https://down-vn.img.susercontent.com/vn-11134513-7r98o-lsu9nmdcjo3o73@resize_ss640x400,https://www.foody.vn/da-nang/duoc-cho-han-nem-lui-bo-la-lot-ong-ich-khiem,/da-nang/duoc-cho-han-nem-lui-bo-la-lot-ong-ich-khiem/goi-mon
892481,Cơm Sườn Nướng - Ngã Ba Khúc Thừa Dụ & Lê Văn Duyệt,"Ngã Ba Khúc Thừa Dụ & Lê Văn Duyệt, P. Nại Hiên Đông, Quận Sơn Trà, Đà Nẵng",Quận Sơn Trà,Đà Nẵng,16.0958774,108.22523,7.198,11,71,0,,,,0941293339 - 0702796803,True,False,False,False,,Quán ăn,Món Miền Trung,https://down-vn.img.susercontent.com/vn-11134513-7r98o-lsu74guenul5a2@resize_ss640x400,https://www.foody.vn/da-nang/com-suon-nuong-nga-ba-khuc-thua-du-le-van-duyet,/da-nang/com-suon-nuong-nga-ba-khuc-thua-du-le-van-duyet/goi-mon
941711,Leman Spaghetti,"483 Mẹ Thứ, X. Hoà Châu, Huyện Hòa Vang, Đà Nẵng",Huyện Hòa Vang,Đà Nẵng,15.9995904,108.2058197,7.88,25,173,0,,,,Đang cập nhật,True,False,False,False,,Nhà hàng,"Món Việt,, Ý",https://down-vn.img.susercontent.com/vn-11134513-7r98o-lsu83ru8pq5510@resize_ss640x400,https://www.foody.vn/da-nang/leman-spaghetti,/da-nang/leman-spaghetti/goi-mon
949362,Bánh Tráng Kẹp Phan Thiết Miss.Ri,"K391/29 Nguyễn Văn Linh, P. Thạc Gián, Quận Thanh Khê, Đà Nẵng",Quận Thanh Khê,Đà Nẵng,16.058498,108.2067758,8.04,5,22,0,,,,0929590442,False,False,False,False,,Shop Online,Món Miền Trung,https://down-vn.img.susercontent.com/vn-11134513-7r98o-lsu88c589ux03d@resize_ss640x400,https://www.foody.vn/da-nang/banh-trang-kep-phan-thiet-miss-ri,/da-nang/banh-trang-kep-phan-thiet-miss-ri/goi-mon
682487,Bún Bò Dì Chung,"Vòng xoay Ông Ích Khiêm - Nguyễn Văn Linh, Quận Hải Châu, Đà Nẵng",Quận Hải Châu,Đà Nẵng,16.060874,108.216765,8.7,2,4,0,,,,Đang cập nhật,False,False,False,False,,Ăn vặt/vỉa hè,,https://down-vn.img.susercontent.com/vn-11134259-7r98o-lwgxt1ht980r32@resize_ss640x400,https://www.foody.vn/da-nang/bun-bo-di-chung,
859479,Gà Nướng Cơm Lam - Shop Online,"K523/55 Cách Mạng Tháng 8, P. Hòa Thọ Đông, Quận Cẩm Lệ, Đà Nẵng",Quận Cẩm Lệ,Đà Nẵng,16.0111635,108.1938828,9.1,2,2,0,,,,0971989379 - 0965533778,True,False,False,False,,Shop Online,Tây Nguyên,https://down-vn.img.susercontent.com/vn-11134513-7r98o-lsu66knw8za1d1@resize_ss640x400,https://www.foody.vn/da-nang/ga-nuong-com-lam-shop-online,/da-nang/ga-nuong-com-lam-shop-online/goi-mon
1072770,Anh Ba - Bánh Mì Chấm & Bánh Mì Cắt Sài Gòn - Nguyễn Nhàn,"1B Nguyễn Nhàn, P. Hòa Thọ Đông, Quận Cẩm Lệ, Đà Nẵng",Quận Cẩm Lệ,Đà Nẵng,16.013714,108.1986772,10.0,2,9,0,,,,Đang cập nhật,False,False,False,False,,Quán ăn,,https://down-vn.img.susercontent.com/vn-11134513-7r98o-lsv3rthf8lac32@resize_ss640x400,https://www.foody.vn/da-nang/anh-ba-banh-mi-cham-banh-mi-cat-sai-gon-nguyen-nhan,/da-nang/anh-ba-banh-mi-cham-banh-mi-cat-sai-gon-nguyen-nhan/goi-mon
249233,"HƯƠNG Quán - Bún Đậu, Trà Sữa & Ăn Vặt","28 Trần Quý Hai, P. Hòa Thọ Đông, Quận Cẩm Lệ, Đà Nẵng",Quận Cẩm Lệ,Đà Nẵng,16.0067333,108.194838,7.574,113,757,0,,,,0945 545 979,True,False,False,False,,Quán ăn,Món Việt,https://down-vn.img.susercontent.com/vn-11134513-7r98o-lstxhpsw2zkpeb@resize_ss640x400,https://www.foody.vn/da-nang/huong-quan-bun-dau-tra-sua-an-vat,/da-nang/huong-quan-bun-dau-tra-sua-an-vat/goi-mon
773960,Ốc Cười - Lê Đình Lý,"129 Lê Đình Lý, P. Vĩnh Trung, Quận Thanh Khê, Đà Nẵng",Quận Thanh Khê,Đà Nẵng,16.055571,108.211881,6.014,14,45,0,,,,Đang cập nhật,False,False,False,False,,Quán ăn,Món Việt,https://down-vn.img.susercontent.com/vn-11134513-7r98o-lsu4skg8n4wp04@resize_ss640x400,https://www.foody.vn/da-nang/oc-cuoi-le-dinh-ly,/da-nang/oc-cuoi-le-dinh-ly/goi-mon
1031005,Ốc Cay Đà Nẵng - Lê Đình Lý,"122 Lê Đình Lý, P. Vĩnh Trung, Quận Thanh Khê, Đà Nẵng",Quận Thanh Khê,Đà Nẵng,16.053657,108.211267,6.698,6,37,0,,,,Đang cập nhật,False,False,False,False,,Ăn vặt/vỉa hè,Món Việt,https://down-vn.img.susercontent.com/vn-11134259-7r98o-lw8u47k2dck9af@resize_ss640x400,https://www.foody.vn/da-nang/oc-cay-da-nang-le-dinh-ly,
1192771,"Hồng Vân Food - Bún Chả Cá, Bánh Canh & Bánh Mỳ","309 Lê Quảng Chí, P.Hòa Xuân, Quận Cẩm Lệ, Đà Nẵng",Quận Cẩm Lệ,Đà Nẵng,16.0125759,108.2192744,9.0,1,0,0,,,,Đang cập nhật,True,False,False,False,,Quán ăn,,https://down-vn.img.susercontent.com/vn-11134513-7r98o-lsvd4pbzllsp19@resize_ss640x400,https://www.foody.vn/da-nang/hong-van-food-bun-cha-ca-banh-canh-banh-my,/da-nang/hong-van-food-bun-cha-ca-banh-canh-banh-my/goi-mon
16299,Quán 50 - Cháo Gà & Vịt,"50 Trưng Nữ Vương, Quận Hải Châu, Đà Nẵng",Quận Hải Châu,Đà Nẵng,16.059789,108.222263,5.664,28,104,0,,,,Đang cập nhật,True,False,False,False,,Quán ăn,Món Việt,https://down-vn.img.susercontent.com/vn-11134513-7r98o-lstqhkn7ek615b@resize_ss640x400,https://www.foody.vn/da-nang/quan-50-chao-ga-vit,/da-nang/quan-50-chao-ga-vit/goi-mon
676223,American Burger Grill,"3 An Thượng 26, P. Mỹ An, Quận Ngũ Hành Sơn, Đà Nẵng",Quận Ngũ Hành Sơn,Đà Nẵng,16.055155,108.2442564,8.528,11,41,0,,,,Đang cập nhật,True,False,False,False,,Nhà hàng,Châu Mỹ,https://down-vn.img.susercontent.com/vn-11134513-7r98o-lsu0ommwbt7df9@resize_ss640x400,https://www.foody.vn/da-nang/american-burger-grill,/da-nang/american-burger-grill/goi-mon
866230,Bánh Mì Đệ Nhất - Phạm Cự Lượng,"159 Phạm Cự Lượng, P. An Hải Đông, Quận Sơn Trà, Đà Nẵng",Quận Sơn Trà,Đà Nẵng,16.055617,108.237769,2.6,2,0,0,,,,Đang cập nhật,False,False,False,False,,Ăn vặt/vỉa hè,Món Việt,https://down-vn.img.susercontent.com/vn-11134513-7r98o-lsu6buzbqqpwd8@resize_ss640x400,https://www.foody.vn/da-nang/banh-mi-de-nhat-pham-cu-luong,/da-nang/banh-mi-de-nhat-pham-cu-luong/goi-mon
283850,Mì Quảng Nhất Uy,"31 Nguyễn Huy Tưởng, P. Hòa An, Quận Cẩm Lệ, Đà Nẵng",Quận Cẩm Lệ,Đà Nẵng,16.0536099,108.1694743,4.2,1,1,0,,,,0905 696 527,True,False,False,False,,Quán ăn,Món Miền Trung,https://down-vn.img.susercontent.com/vn-11134513-7r98o-lsty37l7qmqhbe@resize_ss640x400,https://www.foody.vn/da-nang/mi-quang-nhat-uy,/da-nang/mi-quang-nhat-uy/goi-mon
173086,Xuân Hòa - Phở & Mì Quảng,"41 Nguyễn Huy Tưởng, P. Hòa Minh, Quận Liên Chiểu, Đà Nẵng",Quận Liên Chiểu,Đà Nẵng,16.0554313,108.1692282,7.2,1,13,0,,,,Đang cập nhật,True,False,False,False,,Quán ăn,"Món Bắc,, Món Miền Trung",https://down-vn.img.susercontent.com/vn-11134513-7r98o-lstv6rlu0p096c@resize_ss640x400,https://www.foody.vn/da-nang/xuan-hoa-pho-mi-quang,/da-nang/xuan-hoa-pho-mi-quang/goi-mon
313777,Chả Bò Thống Thảo,"K106/20 Ngô Gia Tự, Quận Hải Châu, Đà Nẵng",Quận Hải Châu,Đà Nẵng,16.066419,108.21805,8.44,5,17,0,,,,(0236) 3 865 367 - 0905 758 708,True,False,False,False,,Shop Online,Món Việt,https://down-vn.img.susercontent.com/vn-11134259-7r98o-lwg3whulg6hnd0@resize_ss640x400,https://www.foody.vn/da-nang/cha-bo-thong-thao,
6686,Bò Kho - Cơm Tấm Ngã 5,"4B Trần Bình Trọng, P. Phước Ninh, Quận Hải Châu, Đà Nẵng",Quận Hải Châu,Đà Nẵng,16.066218,108.219817,8.9,4,4,0,,,,(0236) 3 826 484,True,False,False,False,,Quán ăn,Món Việt,https://down-vn.img.susercontent.com/vn-11134513-7r98o-lstq2ppi7ves92@resize_ss640x400,https://www.foody.vn/da-nang/bo-kho-com-tam-nga-5,/da-nang/bo-kho-com-tam-nga-5/goi-mon
237494,Bún Bò - Hoàng Văn Thái,"186 Hoàng Văn Thái, P. Hòa Khánh Nam, Quận Liên Chiểu, Đà Nẵng",Quận Liên Chiểu,Đà Nẵng,16.053244,108.155138,7.736,3,7,0,,,,Đang cập nhật,False,False,False,False,,Quán ăn,Món Việt,https://down-vn.img.susercontent.com/vn-11134513-7r98o-lstx90ry5py1c4@resize_ss640x400,https://www.foody.vn/da-nang/bun-bo-hoang-van-thai,/da-nang/bun-bo-hoang-van-thai/goi-mon
635797,Phú Thành - Hải Sản Tươi Sống ,"160 Võ Nguyên Giáp, Quận Sơn Trà, Đà Nẵng",Quận Sơn Trà,Đà Nẵng,16.074811,108.245004,8.4,2,5,0,,,,Đang cập nhật,True,False,False,False,,Quán ăn,Món Việt,https://down-vn.img.susercontent.com/vn-11134259-7r98o-lwi3nfw9tq6x66@resize_ss640x400,https://www.foody.vn/da-nang/phu-thanh-hai-san-tuoi-song,
1004687,BonPas Bakery & Cafe - Phan Đăng Lư,"69 Phan Đăng Lưu, P. Hoà Cường Bắc, Quận Hải Châu, Đà Nẵng",Quận Hải Châu,Đà Nẵng,16.0363986,108.217996,7.36,10,92,0,,,,02363836779,True,False,False,False,,Café/Dessert,Món Việt,https://down-vn.img.susercontent.com/vn-11134259-7ras8-m4sceda3ohdv2f@resize_ss640x400,https://www.foody.vn/da-nang/bonpas-bakery-cafe-phan-dang-lu,/da-nang/bonpas-bakery-cafe-phan-dang-lu/goi-mon
1021710,Cô Hòa - Bánh Canh & Mì Quảng - Ông Ích Đường,"52/8 Ông Ích Đường, P. Hòa Thọ Đông, Quận Cẩm Lệ, Đà Nẵng",Quận Cẩm Lệ,Đà Nẵng,16.0164327,108.2047852,9.0,2,27,0,,,,Đang cập nhật,True,False,False,False,,Ăn vặt/vỉa hè,Món Miền Trung,https://down-vn.img.susercontent.com/vn-11134513-7r98o-lsu9zgab9qdg46@resize_ss640x400,https://www.foody.vn/da-nang/co-hoa-banh-canh-mi-quang-ong-ich-duong,/da-nang/co-hoa-banh-canh-mi-quang-ong-ich-duong/goi-mon
660425,Tân Ngọc Nữ Quán - Hải Sản & Đồng Quê,"422 Thăng Long, Quận Cẩm Lệ, Đà Nẵng",Quận Cẩm Lệ,Đà Nẵng,16.016453,108.210738,9.002,11,81,0,,,,Đang cập nhật,True,False,False,False,,Nhà hàng,Món Miền Trung,https://down-vn.img.susercontent.com/vn-11134513-7r98o-lsu03fk8zs0pd6@resize_ss640x400,https://www.foody.vn/da-nang/tan-ngoc-nu-quan-hai-san-dong-que,/da-nang/tan-ngoc-nu-quan-hai-san-dong-que/goi-mon
959587,Chuông Gió - Quán Nhậu Đặc Sản,"406 Thăng Long, Quận Cẩm Lệ, Đà Nẵng",Quận Cẩm Lệ,Đà Nẵng,16.0155054924253,108.2100578556114,9.1,2,101,0,,,,"0976542345, 0983384360",True,False,False,False,,Nhà hàng,"Món Bắc,, Món Miền Trung",https://down-vn.img.susercontent.com/vn-11134259-7r98o-lwgy73af5xwbc1@resize_ss640x400,https://www.foody.vn/da-nang/chuong-gio-quan-nhau-dac-san,
991313,Thúy - Quán Nhậu Bình Dân,"37 Hồ Đắc Di, P. Khuê Trung, Quận Cẩm Lệ, Đà Nẵng",Quận Cẩm Lệ,Đà Nẵng,16.012752,108.205944,7.468,3,12,0,,,,0375557275,False,False,False,False,,Quán nhậu,Món Việt,https://down-vn.img.susercontent.com/vn-11134513-7r98o-lsu96ohv0v4p52@resize_ss640x400,https://www.foody.vn/da-nang/thuy-quan-nhau-binh-dan,/da-nang/thuy-quan-nhau-binh-dan/goi-mon
796924,Hải Sản Ba Bia - Phạm Viết Chánh (Remove),"Lô 1 Phạm Viết Chánh, Quận Cẩm Lệ, Đà Nẵng",Quận Cẩm Lệ,Đà Nẵng,16.015906,108.198913,9.15,4,88,0,,,,Đang cập nhật,True,False,False,False,,Quán ăn,Món Việt,https://down-vn.img.susercontent.com/vn-11134513-7r98o-lsu5q7qu25z892@resize_ss640x400,https://www.foody.vn/da-nang/hai-san-ba-bia,/da-nang/hai-san-ba-bia/goi-mon
655898,Quán 960 - Gỏi Cá Vinh,"960 Nguyễn Lương Bằng, Quận Liên Chiểu, Đà Nẵng",Quận Liên Chiểu,Đà Nẵng,16.1126433,108.1287852,7.102,6,34,0,,,,Đang cập nhật,True,False,False,False,,Quán ăn,Món Miền Trung,https://down-vn.img.susercontent.com/vn-11134513-7r98o-lstzx6b2mkrd25@resize_ss640x400,https://www.foody.vn/da-nang/quan-960-goi-ca-vinh,/da-nang/quan-960-goi-ca-vinh/goi-mon
963736,Dona Trum - Bánh Mì - Xôi Gia Truyền - Phạm Văn Nghị,"25 Phạm Văn Nghị, P. Thạc Gián, Quận Thanh Khê, Đà Nẵng",Quận Thanh Khê,Đà Nẵng,16.058437,108.2095553,8.0,2,5,0,,,,0975893231,False,False,False,False,,Quán ăn,Món Miền Trung,https://down-vn.img.susercontent.com/vn-11134259-7r98o-lwb94mefo7a3b8@resize_ss640x400,https://www.foody.vn/da-nang/dona-trum-banh-mi-xoi-gia-truyen,/da-nang/dona-trum-banh-mi-xoi-gia-truyen/goi-mon
634660,Cơm Gà & Ăn Vặt Bà Hiệp,"316 Nguyễn Lương Bằng, Quận Liên Chiểu, Đà Nẵng",Quận Liên Chiểu,Đà Nẵng,16.0839959,108.1456551,5.204,38,152,0,,,,Đang cập nhật,True,False,False,False,,"Shop Online,, Giao cơm văn phòng",Món Việt,https://down-vn.img.susercontent.com/vn-11134513-7r98o-lstz5hwqqgm17e@resize_ss640x400,https://www.foody.vn/da-nang/com-ga-an-vat-ba-hiep-shop-online,/da-nang/com-ga-an-vat-ba-hiep-shop-online/goi-mon
1077254,Takoyaki Kimochi,"447 Hoàng Diệu, P. Bình Thuận, Quận Hải Châu, Đà Nẵng",Quận Hải Châu,Đà Nẵng,16.0534092,108.2173976,4.0,1,0,0,,,,Đang cập nhật,False,False,False,False,,Ăn vặt/vỉa hè,,https://down-vn.img.susercontent.com/vn-11134513-7r98o-lsv43piyul5l1a@resize_ss640x400,https://www.foody.vn/da-nang/takoyaki-kimochi,/da-nang/takoyaki-kimochi/goi-mon
971161,Mì Quảng Hà,"05 Nguyễn Đức Thiệu, P. Hoà Thọ Đông, Quận Cẩm Lệ, Đà Nẵng",Quận Cẩm Lệ,Đà Nẵng,16.0107773,108.2036448,9.432,6,7,0,,,,0938633642,True,False,False,False,,Quán ăn,Món Miền Trung,https://down-vn.img.susercontent.com/vn-11134513-7r98o-lsu8o2i5h51gd8@resize_ss640x400,https://www.foody.vn/da-nang/mi-quang-ha,/da-nang/mi-quang-ha/goi-mon
12537,Đồng Tiến Bakery - Hải Phòng,"161 Hải Phòng, P. Thạch Thang, Quận Hải Châu, Đà Nẵng",Quận Hải Châu,Đà Nẵng,16.0721438,108.213523,7.636,44,322,0,,,,(0236) 3 824 307 - 0947 858 763,True,False,False,False,,Tiệm bánh,Món Việt,https://down-vn.img.susercontent.com/vn-11134513-81ztc-mo53xotgszr929@resize_ss640x400,https://www.foody.vn/da-nang/dong-tien-bakery,/da-nang/dong-tien-bakery/goi-mon
950411,Cơm Gà Quyên - 453 Nam Kỳ Khởi Nghĩa,"453 Nam Kỳ Khởi Nghĩa, Quận Ngũ Hành Sơn, Đà Nẵng",Quận Ngũ Hành Sơn,Đà Nẵng,15.9779575,108.2497324,7.7,4,2,0,,,,0906015326 ( Ms. Ân ) ,True,False,False,False,,Quán ăn,Món Miền Trung,https://down-vn.img.susercontent.com/vn-11134513-7r98o-lsu8c1azes2h8c@resize_ss640x400,https://www.foody.vn/da-nang/com-ga-quyen-453-nam-ky-khoi-nghia,/da-nang/com-ga-quyen-453-nam-ky-khoi-nghia/goi-mon
271127,Tiệm Ăn Chợ Lớn - Phan Đăng Lưu,"67 Phan Đăng Lưu, P. Hòa Cường Bắc, Quận Hải Châu, Đà Nẵng",Quận Hải Châu,Đà Nẵng,16.0364279,108.2180637,7.388,37,134,0,,,,(0236) 3 525 363,True,False,False,False,,Quán ăn,"Món Trung Hoa,, Món Miền Trung",https://down-vn.img.susercontent.com/vn-11134513-7r98o-lstxujr0iaah1a@resize_ss640x400,https://www.foody.vn/da-nang/tiem-an-cho-lon-phan-dang-luu,/da-nang/tiem-an-cho-lon-phan-dang-luu/goi-mon
300667,Sky Pub,"214 Bạch Đằng, Quận Hải Châu, Đà Nẵng",Quận Hải Châu,Đà Nẵng,16.065136,108.223987,8.666,3,4,0,,,,0915 882 888,True,False,False,False,,Bar/Pub,Quốc tế,https://down-vn.img.susercontent.com/vn-11134259-7r98o-lwf06eq2rp3vf5@resize_ss640x400,https://www.foody.vn/da-nang/sky-pub,
955030,Tiệm Ăn Chợ Lớn - 234 Hoàng Diệu,"234 Hoàng Diệu, P. Nam Dương, Quận Hải Châu, Đà Nẵng",Quận Hải Châu,Đà Nẵng,16.0612828,108.2172571,10.0,1,2,0,,,,Đang cập nhật,True,False,False,False,,Quán ăn,Món Trung Hoa,https://down-vn.img.susercontent.com/vn-11134513-7r98o-lsu8ew074cskee@resize_ss640x400,https://www.foody.vn/da-nang/tiem-an-cho-lon-234-hoang-dieu,/da-nang/tiem-an-cho-lon-234-hoang-dieu/goi-mon
13478,Chè Cung Đình Huế - Lê Duẩn,"14 Lê Duẩn, P. Hải Châu 1, Quận Hải Châu, Đà Nẵng",Quận Hải Châu,Đà Nẵng,16.0718841,108.223324,6.994,59,265,0,,,,090 551 22 89,True,False,False,False,,Café/Dessert,Món Huế,https://down-vn.img.susercontent.com/vn-11134513-7r98o-lstqd6p4jg78e4@resize_ss640x400,https://www.foody.vn/da-nang/che-cung-dinh-hue-le-duan,/da-nang/che-cung-dinh-hue-le-duan/goi-mon
647216,Nam Hải Quán - Nhậu Bình Dân,"214 Âu Cơ, Quận Liên Chiểu, Đà Nẵng",Quận Liên Chiểu,Đà Nẵng,16.070597,108.144163,6.002,3,10,0,,,,Đang cập nhật,True,False,False,False,,Quán nhậu,Món Việt,https://down-vn.img.susercontent.com/vn-11134513-7r98o-lstzkjekbm3d82@resize_ss640x400,https://www.foody.vn/da-nang/nam-hai-quan-nhau-binh-dan,/da-nang/nam-hai-quan-nhau-binh-dan/goi-mon
295011,Hana - Quán Ăn Hàn Quốc,"135 Nguyễn Chí Thanh, P. Hải Châu 1, Quận Hải Châu, Đà Nẵng",Quận Hải Châu,Đà Nẵng,16.072337,108.22105,6.99,178,843,0,,,,Đang cập nhật,True,False,False,False,,Quán ăn,Món Hàn,https://down-vn.img.susercontent.com/vn-11134513-7r98o-lsty7njfo69w95@resize_ss640x400,https://www.foody.vn/da-nang/hana-quan-an-han-quoc,/da-nang/hana-quan-an-han-quoc/goi-mon
97847,Bún Thịt Nướng Bà Muối (Cô Chi),"K172/21 Lê Đình Dương, P. Hải Châu 2, Quận Hải Châu, Đà Nẵng",Quận Hải Châu,Đà Nẵng,16.062521,108.216228,7.95,20,32,0,,,,0936 532 621,False,False,False,False,,Quán ăn,Món Quảng,https://down-vn.img.susercontent.com/vn-11134513-7r98o-lstslhhq7nice9@resize_ss640x400,https://www.foody.vn/da-nang/bun-thit-nuong-ba-muoi-co-chi,/da-nang/bun-thit-nuong-ba-muoi-co-chi/goi-mon
1191571,Bún Chả Cá Tam Giác - Lê Độ,"103 Lê Độ, P. Chính Gián, Quận Thanh Khê, Đà Nẵng",Quận Thanh Khê,Đà Nẵng,16.0672827,108.2013607,10.0,2,0,0,,,,Đang cập nhật,True,False,False,False,,Quán ăn,,https://down-vn.img.susercontent.com/vn-11134513-7r98o-lsvd0t7yobyx67@resize_ss640x400,https://www.foody.vn/da-nang/bun-cha-ca-tam-giac-le-do,/da-nang/bun-cha-ca-tam-giac-le-do/goi-mon
798425,Draft Beer Novotel,"Tầng Trệt, Novotel Danang Premier Han River, 36 Bạch Đằng, P. Thạch Thang, Quận Hải Châu, Đà Nẵng",Quận Hải Châu,Đà Nẵng,16.076939,108.223685,7.7,2,44,0,,,,Đang cập nhật,False,False,False,False,,Beer club,Món Việt,https://down-vn.img.susercontent.com/vn-11134513-7r98o-lsu5r4m7yf9ga1@resize_ss640x400,https://www.foody.vn/da-nang/draft-beer-novotel,/da-nang/draft-beer-novotel/goi-mon
919282,Thai Market Restaurant - 43 Bình Minh 5,"43 Bình Minh 5, P. Bình Thuận, Quận Hải Châu, Đà Nẵng",Quận Hải Châu,Đà Nẵng,16.055459,108.222659,6.52,20,174,0,,,,Đang cập nhật,True,False,False,False,,Nhà hàng,Món Thái,https://down-vn.img.susercontent.com/vn-11134513-81ztc-mki2ofysge88ee@resize_ss640x400,https://www.foody.vn/da-nang/thai-market-restaurant-43-binh-minh-5,/da-nang/thai-market-restaurant-43-binh-minh-5/goi-mon
791597,Trần Gia Viên - Món Huế,"66 Hồ Xuân Hương, Quận Ngũ Hành Sơn, Đà Nẵng",Quận Ngũ Hành Sơn,Đà Nẵng,16.039252,108.245666,8.2,16,76,0,,,,Đang cập nhật,True,False,False,False,,Quán ăn,Món Huế,https://down-vn.img.susercontent.com/vn-11134513-7r98o-lsu5lt8i0p1gd7@resize_ss640x400,https://www.foody.vn/da-nang/tran-gia-vien-mon-hue,/da-nang/tran-gia-vien-mon-hue/goi-mon
877039,Quán Súp - Lê Sát,"41 Lê Sát, P. Hoà Cường Nam, Quận Hải Châu, Đà Nẵng",Quận Hải Châu,Đà Nẵng,16.030515,108.220494,8.832,6,10,0,,,,0914168774,False,False,False,False,,Quán ăn,Món Việt,https://down-vn.img.susercontent.com/vn-11134513-7r98o-lsu6kbn7wk3ob5@resize_ss640x400,https://www.foody.vn/da-nang/quan-sup-le-sat,/da-nang/quan-sup-le-sat/goi-mon
952486,Trà Sữa Đô La,"Số 635A Núi Thành, P. Hòa Cường Nam, Quận Hải Châu, Đà Nẵng",Quận Hải Châu,Đà Nẵng,16.028448,108.222366,8.1,2,23,0,,,,0934541425 ( Phan Thái Hồng Thuận),False,False,False,False,,Ăn vặt/vỉa hè,Món Việt,https://down-vn.img.susercontent.com/vn-11134513-7r98o-lsu8emkaz5j8c1@resize_ss640x400,https://www.foody.vn/da-nang/tra-sua-do-la,/da-nang/tra-sua-do-la/goi-mon
1047475,Bánh Mì Nướng Muối Ớt Chang Chang - 368 Hoàng Diệu,"368 Hoàng Diệu, P. Bình Thuận, Quận Hải Châu, Đà Nẵng",Quận Hải Châu,Đà Nẵng,16.0561749,108.2170539,1.8,1,2,0,,,,Đang cập nhật,True,False,False,False,,Ăn vặt/vỉa hè,Món Việt,https://down-vn.img.susercontent.com/vn-11134513-7r98o-lsv1mgiyopeh81@resize_ss640x400,https://www.foody.vn/da-nang/banh-mi-nuong-muoi-ot-chang-chang-368-hoang-dieu,/da-nang/banh-mi-nuong-muoi-ot-chang-chang-368-hoang-dieu/goi-mon
882187,Tuk Tuk - Phá Lấu Nạm Bò,"278/1 Điện Biên Phủ (Nhà Cuối Hẻm Bên Trái), P. Chính Gián, Quận Thanh Khê, Đà Nẵng",Quận Thanh Khê,Đà Nẵng,16.0660156,108.1946696,9.33,3,9,0,,,,0905409798,False,False,False,False,,Quán ăn,Món Thái,https://down-vn.img.susercontent.com/vn-11134513-7r98o-lsu6vh38fs9048@resize_ss640x400,https://www.foody.vn/da-nang/tuk-tuk-pha-lau-nam-bo,/da-nang/tuk-tuk-pha-lau-nam-bo/goi-mon
163580,Bánh Canh Ruộng Phương (Quán Gốc) - 87 Lê Văn Hưu,"87 Lê Văn Hưu, P. Mỹ An, Quận Ngũ Hành Sơn, Đà Nẵng",Quận Ngũ Hành Sơn,Đà Nẵng,16.041707,108.240239,7.078,65,201,0,,,,Đang cập nhật,True,False,False,False,,Quán ăn,Món Miền Trung,https://down-vn.img.susercontent.com/vn-11134513-7r98o-lstuva4543o95b@resize_ss640x400,https://www.foody.vn/da-nang/banh-canh-ruong-phuong-quan-goc-87-le-van-huu,/da-nang/banh-canh-ruong-phuong-quan-goc-87-le-van-huu/goi-mon
258103,Đông Dương 112 - Seafood & BBQ & Dimsum,"112 Yên Bái, Quận Hải Châu, Đà Nẵng",Quận Hải Châu,Đà Nẵng,16.064643,108.222338,7.228,14,172,0,,,,(0236) 3 889 567 - 0905 027 777,True,False,False,False,,Nhà hàng,Pháp,https://down-vn.img.susercontent.com/vn-11134259-7r98o-lw8or9xef3krdb@resize_ss640x400,https://www.foody.vn/da-nang/dong-duong-112-seafood-bbq-dimsum,
785653,Bún Bà Rân 1900,"57 Hồ Xuân Hương, Quận Ngũ Hành Sơn, Đà Nẵng",Quận Ngũ Hành Sơn,Đà Nẵng,16.039228,108.2448,8.5,2,0,0,,,,0935 561 432,False,False,False,False,,Quán ăn,Món Việt,https://down-vn.img.susercontent.com/vn-11134259-7r98o-lwdgurwdbg0pbf@resize_ss640x400,https://www.foody.vn/da-nang/bun-ba-ran-1900,
181481,Bánh Bao Kim Sa Thọ Phát,"Lê Đình Lý, Quận Thanh Khê, Đà Nẵng",Quận Thanh Khê,Đà Nẵng,16.056201,108.210662,7.84,5,59,0,,,,0935 930 308 - 0905 655 495,False,False,False,False,,Tiệm bánh,Món Việt,https://down-vn.img.susercontent.com/vn-11134259-7r98o-lwghicz4ktej95@resize_ss640x400,https://www.foody.vn/da-nang/banh-bao-kim-sa-tho-phat,
196031,Cháo Sườn Sụn Lọ Lem,"198 Quang Trung, P. Thanh Bình, Quận Hải Châu, Đà Nẵng",Quận Hải Châu,Đà Nẵng,16.073489,108.213197,7.24,5,15,0,,,,0905 363 741,False,False,False,False,,Shop Online,Món Bắc,https://down-vn.img.susercontent.com/vn-11134259-7r98o-lwaowa2hzp3t1f@resize_ss640x400,https://www.foody.vn/da-nang/chao-suon-sun-lo-lem,
12701,Quán Lý - Bê Thui,"328 Ngũ Hành Sơn, P. Mỹ An, Quận Ngũ Hành Sơn, Đà Nẵng",Quận Ngũ Hành Sơn,Đà Nẵng,16.042112,108.240952,7.48,5,12,0,,,,Đang cập nhật,True,False,False,False,,Quán ăn,Món Việt,https://down-vn.img.susercontent.com/vn-11134513-7r98o-lstqc0k88nfd03@resize_ss640x400,https://www.foody.vn/da-nang/quan-ly-be-thui,/da-nang/quan-ly-be-thui/goi-mon
184588,EZI Coffee & Tea - Đống Đa,"388 Đống Đa, P. Thanh Bình, Quận Hải Châu, Đà Nẵng",Quận Hải Châu,Đà Nẵng,16.073804,108.2139004,7.842,701,4264,0,,,,0905 201 200,True,False,False,False,,Café/Dessert,Món Việt,https://down-vn.img.susercontent.com/vn-11134513-81ztc-mngu0bnbgdmudc@resize_ss640x400,https://www.foody.vn/da-nang/ezi-coffee-tea-dong-da,/da-nang/ezi-coffee-tea-dong-da/goi-mon
1000000072,Bánh Xèo Thanh Hưng - Đường 2 Tháng 9,"7 Đường 2 Tháng 9, P. Hoà Cường Nam, Quận Hải Châu, Đà Nẵng",Quận Hải Châu,Đà Nẵng,16.0318483,108.2243023,2.8,2,0,0,,,,Đang cập nhật,False,False,False,False,,Ăn vặt/vỉa hè,Món Việt,https://down-vn.img.susercontent.com/vn-11134513-7r98o-lsvdspsyjtzt50@resize_ss640x400,https://www.foody.vn/da-nang/banh-xeo-thanh-hung-duong-2-thang-9,/da-nang/banh-xeo-thanh-hung-duong-2-thang-9/goi-mon
292251,KoKo Green Kafe,"17 Tân An 1, P. Hoà Cường Bắc, Quận Hải Châu, Đà Nẵng",Quận Hải Châu,Đà Nẵng,16.03757,108.211465,7.572,250,2000,0,,,,Đang cập nhật,True,False,False,False,,"Nhà hàng,, Café/Dessert",Món Việt,https://down-vn.img.susercontent.com/vn-11134513-7r98o-lsty81zoiuv893@resize_ss640x400,https://www.foody.vn/da-nang/koko-green-kafe,/da-nang/koko-green-kafe/goi-mon
289875,Hantok Đà Nẵng - Món Hàn,"Tầng 2, Lô A1 Nguyễn Văn Linh, Quận Hải Châu, Đà Nẵng",Quận Hải Châu,Đà Nẵng,16.060835,108.217461,7.226,33,259,0,,,,Đang cập nhật,True,False,False,False,,Buffet,Món Hàn,https://down-vn.img.susercontent.com/vn-11134513-7r98o-lsty7154g42h36@resize_ss640x400,https://www.foody.vn/da-nang/hantok-da-nang-mon-han,/da-nang/hantok-da-nang-mon-han/goi-mon
191256,Bò Né 209,"65 Nguyễn Huy Tưởng, P. Hòa Minh, Quận Liên Chiểu, Đà Nẵng",Quận Liên Chiểu,Đà Nẵng,16.0538064,108.1694989,7.942,7,30,0,,,,Đang cập nhật,False,False,False,False,,Ăn vặt/vỉa hè,Món Việt,https://down-vn.img.susercontent.com/vn-11134513-7r98o-lstvswrpgtz83a@resize_ss640x400,https://www.foody.vn/da-nang/quan-bo-ne-209,/da-nang/quan-bo-ne-209/goi-mon
905916,The Burger & Drink - An Thượng 29,"32 An Thượng 29, P. Mỹ An, Quận Ngũ Hành Sơn, Đà Nẵng",Quận Ngũ Hành Sơn,Đà Nẵng,16.0521394,108.2457493,9.9,4,15,0,,,,0774480816,True,False,False,False,,Quán ăn,,https://down-vn.img.susercontent.com/vn-11134513-7r98o-lsu7g6ihlmzda4@resize_ss640x400,https://www.foody.vn/da-nang/the-burger-drink-an-thuong-29,/da-nang/the-burger-drink-an-thuong-29/goi-mon
889911,Quán Ngon - Phở Hà Nội & Cơm Gia Đình,"174 Trần Bạch Đằng, P. Mỹ An, Quận Ngũ Hành Sơn, Đà Nẵng",Quận Ngũ Hành Sơn,Đà Nẵng,16.053206,108.246135,3.4,2,0,0,,,,0384232888,True,False,False,False,,Quán ăn,Món Việt,https://down-vn.img.susercontent.com/vn-11134513-7r98o-lsu71wrjera186@resize_ss640x400,https://www.foody.vn/da-nang/quan-ngon-com-gia-dinh,/da-nang/quan-ngon-com-gia-dinh/goi-mon
5919,Kim Đô Garden - Ẩm Thực Á & Âu,"180 Trần Phú, P. Phước Ninh, Quận Hải Châu, Đà Nẵng",Quận Hải Châu,Đà Nẵng,16.065439,108.223593,8.282,12,111,0,,,,(0236) 3 821 846 - (0236) 3 701 875,True,False,False,False,,Nhà hàng,"Món Việt,, Món Trung Hoa,, Món Âu",https://down-vn.img.susercontent.com/vn-11134259-7r98o-lw9upx0zasij15@resize_ss640x400,https://www.foody.vn/da-nang/kim-do-garden,
132338,Điểm Tâm Hồng - Trần Kế Xương,"9 Trần Kế Xương, Quận Hải Châu, Đà Nẵng",Quận Hải Châu,Đà Nẵng,16.0672743,108.2173758,6.826,8,32,0,,,,(0236) 3 873 771,False,False,False,False,,Quán ăn,Món Việt,https://down-vn.img.susercontent.com/vn-11134259-7r98o-lwbeqy1kzcgrff@resize_ss640x400,https://www.foody.vn/da-nang/diem-tam-hong-tran-ke-xuong,
763766,Tý Mập - Tàu Hủ Rong Biển - Đặc Sản Tây Nguyên,"66 Trần Cao Vân, P. Tam Thuận, Quận Thanh Khê, Đà Nẵng",Quận Thanh Khê,Đà Nẵng,16.073146,108.210914,7.7,2,11,0,,,,Đang cập nhật,True,False,False,False,,Ăn vặt/vỉa hè,Buôn Mê,https://down-vn.img.susercontent.com/vn-11134513-7r98o-lsu4cerpv1y144@resize_ss640x400,https://www.foody.vn/da-nang/ty-map-tau-hu-rong-bien-dac-san-tay-nguyen,/da-nang/ty-map-tau-hu-rong-bien-dac-san-tay-nguyen/goi-mon
244449,Trang - Hủ Tiếu & Bánh Canh,"86 Dũng Sĩ Thanh Khê, Quận Thanh Khê, Đà Nẵng",Quận Thanh Khê,Đà Nẵng,16.073703,108.177217,8.3,2,8,0,,,,Đang cập nhật,False,False,False,False,,Quán ăn,Món Việt,https://down-vn.img.susercontent.com/vn-11134259-7r98o-lwcxywdo9yaj41@resize_ss640x400,https://www.foody.vn/da-nang/trang-hu-tieu-banh-canh,
1124978,ICHIBAN SUSHI - Trần Phú,"206 Trần Phú, P. Phước Ninh, Quận Hải Châu, Đà Nẵng",Quận Hải Châu,Đà Nẵng,16.064391,108.2232226,8.8,1,4,0,,,,Đang cập nhật,True,False,False,False,,Nhà hàng,,https://down-vn.img.susercontent.com/vn-11134513-7r98o-lsv7uetu7a1l3d@resize_ss640x400,https://www.foody.vn/da-nang/ichiban-sushi-tran-phu,/da-nang/ichiban-sushi-tran-phu/goi-mon
148365,The Sushi Bar - Thiên Quế,"Lô 3 - A 5,6 Khu công viên Bắc Tượng Đài, Đường 2 Tháng 9, Quận Hải Châu, Đà Nẵng",Quận Hải Châu,Đà Nẵng,16.048149,108.223231,7.814,70,834,0,,,,(0236) 3 662 877 - (0236) 3 662 878,True,False,False,False,,Nhà hàng,Món Nhật,https://down-vn.img.susercontent.com/vn-11134513-7r98o-lstucmlhsrt090@resize_ss640x400,https://www.foody.vn/da-nang/the-sushi-bar-thien-que,/da-nang/the-sushi-bar-thien-que/goi-mon
996556,Nướng Bơ Sapa,"44 Phạm Cự Lượng , Quận Sơn Trà, Đà Nẵng",Quận Sơn Trà,Đà Nẵng,16.064891,108.234928,9.002,6,68,0,,,,Đang cập nhật,False,False,False,False,,Quán ăn,Món Việt,https://down-vn.img.susercontent.com/vn-11134259-7r98o-lwdm9r7lhe5592@resize_ss640x400,https://www.foody.vn/da-nang/nuong-bo-sapa,
946325,A Ty - Mì Xíu & Phở,"K10/19 Nguyễn Trường Tộ, P. Nam Dương, Quận Hải Châu, Đà Nẵng",Quận Hải Châu,Đà Nẵng,16.058392,108.218575,8.332,3,17,0,,,,0906517856,False,False,False,False,,Quán ăn,Món Việt,https://down-vn.img.susercontent.com/vn-11134513-7r98o-lsu86n0xppz823@resize_ss640x400,https://www.foody.vn/da-nang/a-ty-mi-xiu-pho,/da-nang/a-ty-mi-xiu-pho/goi-mon
926983,Irini Coffee,"K211 Nguyễn Công Trứ (Cuối Kiệt), Quận Sơn Trà, Đà Nẵng",Quận Sơn Trà,Đà Nẵng,16.065743,108.236828,9.4,2,32,0,,,,0794301043,True,False,False,False,,Café/Dessert,Món Việt,https://down-vn.img.susercontent.com/vn-11134513-7r98o-lsu7tkqbz0lgaa@resize_ss640x400,https://www.foody.vn/da-nang/irini-coffee,/da-nang/irini-coffee/goi-mon
628033,Phở Hà Nội - Lê Quang Đạo,"19 Lê Quang Đạo, Quận Ngũ Hành Sơn, Đà Nẵng",Quận Ngũ Hành Sơn,Đà Nẵng,16.054758,108.244126,9.6,1,5,0,,,,0915 922 433,True,False,False,False,,Quán ăn,Hà Nội,https://down-vn.img.susercontent.com/vn-11134259-7r98o-lwavlybc72zd99@resize_ss640x400,https://www.foody.vn/da-nang/pho-ha-noi-le-quang-dao,
292625,Now.vn Đà Nẵng,"155 Nguyễn Văn Linh, P. Vĩnh Trung, Quận Thanh Khê, Đà Nẵng",Quận Thanh Khê,Đà Nẵng,16.059807,108.21153,7.712,16,34,0,,,,1900 2042,True,False,False,False,,"Ăn vặt/vỉa hè,, Mua sắm Online",Món Việt,https://down-vn.img.susercontent.com/vn-11134259-7r98o-lwacwsqt3bo993@resize_ss640x400,https://www.foody.vn/da-nang/now-vn-da-nang,
142532,Ăn Vặt Cây Bàng,"Chân cầu Trần Thị Lý, Quận Sơn Trà, Đà Nẵng",Quận Sơn Trà,Đà Nẵng,16.0529178257642,108.2355746626854,7.154,37,181,0,,,,Đang cập nhật,False,False,False,False,,Ăn vặt/vỉa hè,Món Quảng,https://down-vn.img.susercontent.com/vn-11134259-7r98o-lwaqoz43oee330@resize_ss640x400,https://www.foody.vn/da-nang/an-vat-cay-bang,
142533,Ốc Hút - Bánh Kẹp - Yaourt Hạnh,"Chân cầu Trần Thị Lý, Quận Sơn Trà, Đà Nẵng",Quận Sơn Trà,Đà Nẵng,16.0529178257642,108.2355746626854,6.934,9,49,0,,,,0905 056 732,False,False,False,False,,Ăn vặt/vỉa hè,Món Miền Trung,https://down-vn.img.susercontent.com/vn-11134259-7r98o-lwauodlp00yj68@resize_ss640x400,https://www.foody.vn/da-nang/oc-hut-banh-kep-yaourt-hanh,
1020785,Bánh Cuốn 3 Miền,"44/14 Lê Thị Tính, P. An Khê, Quận Thanh Khê, Đà Nẵng",Quận Thanh Khê,Đà Nẵng,16.060994,108.181275,9.1,2,2,0,,,,Đang cập nhật,True,False,False,False,,Tiệm bánh,Món Việt,https://down-vn.img.susercontent.com/vn-11134513-7r98o-lsu9zr9f7jd0c0@resize_ss640x400,https://www.foody.vn/da-nang/banh-cuon-3-mien,/da-nang/banh-cuon-3-mien/goi-mon
60538,Bánh Tráng Trộn Dì Hằng,"Số 18 Hải Phòng, Quận Hải Châu, Đà Nẵng",Quận Hải Châu,Đà Nẵng,16.072931,108.218956,7.678,136,551,0,,,,0905 766 872,True,False,False,False,,Ăn vặt/vỉa hè,Món Việt,https://down-vn.img.susercontent.com/vn-11134513-81ztc-momq7pgvb5lb2a@resize_ss640x400,https://www.foody.vn/da-nang/banh-trang-tron-di-hang,/da-nang/banh-trang-tron-di-hang/goi-mon
1000000234,Bánh Tráng Trộn Chú Béo - Phan Thanh,"Số 6 Phan Thanh, P. Thạc Giáng, Quận Thanh Khê, Đà Nẵng",Quận Thanh Khê,Đà Nẵng,16.0657265,108.2077068,9.068,6,51,0,,,,Đang cập nhật,False,False,False,False,,Ăn vặt/vỉa hè,Món Việt,https://down-vn.img.susercontent.com/vn-11134513-7r98o-lsvdoha7qvgk6e@resize_ss640x400,https://www.foody.vn/da-nang/banh-trang-tron-chu-beo-phan-thanh,/da-nang/banh-trang-tron-chu-beo-phan-thanh/goi-mon
1153993,Cháo Ếch Singapore Đà Thành - 29 Quang Trung,"29 Quang Trung, P. Hải Châu I, Quận Hải Châu, Đà Nẵng",Quận Hải Châu,Đà Nẵng,16.0750301,108.2213642,3.6,1,0,0,,,,Đang cập nhật,False,False,False,False,,Quán ăn,,https://down-vn.img.susercontent.com/vn-11134513-7r98o-lsv9tgl7dwgpad@resize_ss640x400,https://www.foody.vn/da-nang/chao-ech-singapore-da-thanh-29-quang-trung,/da-nang/chao-ech-singapore-da-thanh-29-quang-trung/goi-mon
861577,Khoai Lang Lắc Loan - Hải Phòng,"271 Hải Phòng, P. Tân Chính, Quận Thanh Khê, Đà Nẵng",Quận Thanh Khê,Đà Nẵng,16.07108,108.210113,9.0,1,14,0,,,,0931642878,False,False,False,False,,Ăn vặt/vỉa hè,Món Việt,https://down-vn.img.susercontent.com/vn-11134513-7r98o-lsu682ugyjrt32@resize_ss640x400,https://www.foody.vn/da-nang/khoai-lang-lac-loan-hai-phong,/da-nang/khoai-lang-lac-loan-hai-phong/goi-mon
1055394,Phở Nam Định & Bún Chả Hà Nội,"269 Huỳnh Ngọc Huệ, P. An Khê, Quận Thanh Khê, Đà Nẵng",Quận Thanh Khê,Đà Nẵng,16.05486,108.188001,3.4,1,0,0,,,,Đang cập nhật,True,False,False,False,,Quán ăn,Món Bắc,https://down-vn.img.susercontent.com/vn-11134513-7r98o-lsv29yt496f884@resize_ss640x400,https://www.foody.vn/da-nang/pho-nam-dinh-bun-cha-ha-noi,/da-nang/pho-nam-dinh-bun-cha-ha-noi/goi-mon
742788,Mì Quảng Ty,"136 Khúc Hạo, P. Nại Hiên Đông, Quận Sơn Trà, Đà Nẵng",Quận Sơn Trà,Đà Nẵng,16.090885,108.234592,9.2,1,0,0,,,,Đang cập nhật,True,False,False,False,,Quán ăn,Món Quảng,https://down-vn.img.susercontent.com/vn-11134259-7r98o-lwh09yr8lhwb5a@resize_ss640x400,https://www.foody.vn/da-nang/mi-quang-ty,
89020,Ăn Vặt Say - Shop Online," 442 Núi Thành, Hòa Cường Nam, Q. Hải Châu, Đà Nẵng, Quận Hải Châu, Đà Nẵng",Q. Hải Châu,Đà Nẵng,16.036528,108.222333,7.11,24,205,0,,,,0908 263 772 - 0905 797 759 - 0906 729 246,True,False,False,False,,Shop Online,Món Việt,https://down-vn.img.susercontent.com/vn-11134513-7r98o-lstscxex1pjte9@resize_ss640x400,https://www.foody.vn/da-nang/an-vat-say-shop-online,/da-nang/an-vat-say-shop-online/goi-mon
238955,"Bánh Bao Chiên - 145 Hà Huy Tập, Đà Nẵng","145 Hà Huy Tập, Quận Thanh Khê, Đà Nẵng",Quận Thanh Khê,Đà Nẵng,16.06432,108.192054,7.46,20,71,0,,,,Đang cập nhật,False,False,False,False,,Ăn vặt/vỉa hè,Món Quảng,https://down-vn.img.susercontent.com/vn-11134513-7r98o-lstxb8ktdmmc06@resize_ss640x400,https://www.foody.vn/da-nang/banh-bao-chien-145-ha-huy-tap-da-nang,/da-nang/banh-bao-chien-145-ha-huy-tap-da-nang/goi-mon
1065063,Bánh Mì Bò Kho & Bò Né Cô Hoa - 129 Nguyễn Công Trứ,"129 Nguyễn Công Trứ, P. An Hải Bắc, Quận Sơn Trà, Đà Nẵng",Quận Sơn Trà,Đà Nẵng,16.067155,108.234838,8.4,1,1,0,,,,Đang cập nhật,True,False,False,False,,Quán ăn,Món Việt,https://down-vn.img.susercontent.com/vn-11134513-7r98o-lsv321z2jbtled@resize_ss640x400,https://www.foody.vn/da-nang/banh-mi-bo-kho-bo-ne-co-hoa-nguyen-cong-tru,/da-nang/banh-mi-bo-kho-bo-ne-co-hoa-nguyen-cong-tru/goi-mon
148373,Bún Riêu Cua - Trần Đình Nam,"Ngã Ba Trần Đình Nam - Bùi Hiển, Quận Cẩm Lệ, Đà Nẵng",Quận Cẩm Lệ,Đà Nẵng,16.044762,108.179662,8.294,15,55,0,,,,Đang cập nhật,True,False,False,False,,Quán ăn,Món Việt,https://down-vn.img.susercontent.com/vn-11134513-7r98o-lstuchswtbr8c7@resize_ss640x400,https://www.foody.vn/da-nang/bun-rieu-cua-tran-dinh-nam,/da-nang/bun-rieu-cua-tran-dinh-nam/goi-mon
904145,Cơm Chiên Anh Văn & Cơm Gà,"307 Tôn Đản, Quận Cẩm Lệ, Đà Nẵng",Quận Cẩm Lệ,Đà Nẵng,16.0491827,108.181341,8.1,2,1,0,,,,Đang cập nhật,True,False,False,False,,Quán ăn,Tây Nguyên,https://down-vn.img.susercontent.com/vn-11134513-7ra0g-m6qhdn8inqlje9@resize_ss640x400,https://www.foody.vn/da-nang/com-chien-anh-van-com-ga,/da-nang/com-chien-anh-van-com-ga/goi-mon
934379,Bánh Canh Nam Phổ - Nguyễn Hoàng ,"366 Nguyễn Hoàng, Quận Hải Châu, Đà Nẵng",Quận Hải Châu,Đà Nẵng,16.055832,108.212562,7.2,2,10,0,,,,Đang cập nhật,False,False,False,False,,Shop Online,Món Miền Trung,https://down-vn.img.susercontent.com/vn-11134259-7r98o-lwgcvux25lgb41@resize_ss640x400,https://www.foody.vn/da-nang/banh-canh-nam-pho-nguyen-hoang,
941620,SaSin - Mì Cay 7 Cấp Độ Hàn Quốc - Xô Viết Nghệ Tĩnh,"86 Xô Viết Nghệ Tĩnh, P. Hòa Cường Nam, Quận Hải Châu, Đà Nẵng",Quận Hải Châu,Đà Nẵng,16.0326967,108.2197974,5.454,15,16,0,,,,Đang cập nhật,True,False,False,False,,Quán ăn,,https://down-vn.img.susercontent.com/vn-11134513-7r98o-lsu826ww0pehde@resize_ss640x400,https://www.foody.vn/da-nang/sasin-mi-cay-7-cap-do-han-quoc-xo-viet-nghe-tinh,/da-nang/sasin-mi-cay-7-cap-do-han-quoc-xo-viet-nghe-tinh/goi-mon
899743,Quán Chay Tình Thương,"207 Cách Mạng Tháng Tám, Quận Cẩm Lệ, Đà Nẵng",Quận Cẩm Lệ,Đà Nẵng,16.017875,108.206905,4.6,1,1,0,,,,0766550037,True,False,False,False,,Ăn chay,Tây Nguyên,https://down-vn.img.susercontent.com/vn-11134513-7r98o-lsu7adk5do61f2@resize_ss640x400,https://www.foody.vn/da-nang/quan-chay-tinh-thuong,/da-nang/quan-chay-tinh-thuong/goi-mon
1022616,Bánh Tráng Kẹp Dì Ngọc - Đà Sơn,"62 Đà Sơn, P. Hòa Khánh Nam, Quận Liên Chiểu, Đà Nẵng",Quận Liên Chiểu,Đà Nẵng,16.050757,108.15473,9.6,2,40,0,,,,Đang cập nhật,False,False,False,False,,Ăn vặt/vỉa hè,Món Việt,https://down-vn.img.susercontent.com/vn-11134513-7r98o-lsua1b79cj2xb5@resize_ss640x400,https://www.foody.vn/da-nang/banh-trang-kep-di-ngoc-da-son,/da-nang/banh-trang-kep-di-ngoc-da-son/goi-mon
136311,Quán Chè 53 - Phạm Hồng Thái,"53 Phạm Hồng Thái, P. Hải Châu 1, Quận Hải Châu, Đà Nẵng",Quận Hải Châu,Đà Nẵng,16.067419,108.220401,7.784,13,49,0,,,,Đang cập nhật,True,False,False,False,,Ăn vặt/vỉa hè,Món Việt,https://down-vn.img.susercontent.com/vn-11134513-7r98o-lsttx3r3llsp14@resize_ss640x400,https://www.foody.vn/da-nang/quan-che-53-pham-hong-thai,/da-nang/quan-che-53-pham-hong-thai/goi-mon
964592,Milano Coffee - 21 Phạm Như Xương,"21 Phạm Như Xương, P. Hòa Khánh Nam, Quận Liên Chiểu, Đà Nẵng",Quận Liên Chiểu,Đà Nẵng,16.0628336,108.1562465,9.78,9,16,0,,,,Đang cập nhật,True,False,False,False,,Café/Dessert,Món Việt,https://down-vn.img.susercontent.com/vn-11134513-7r98o-lsu8l4238wbdbf@resize_ss640x400,https://www.foody.vn/da-nang/milano-coffee-21-pham-nhu-xuong,/da-nang/milano-coffee-21-pham-nhu-xuong/goi-mon
733801,Làng Chài Restaurant,"Võ Nguyên Giáp, Quận Ngũ Hành Sơn, Đà Nẵng",Quận Ngũ Hành Sơn,Đà Nẵng,16.052595,108.248087,1.0,1,0,0,,,,Đang cập nhật,True,False,False,False,,Nhà hàng,Món Việt,https://down-vn.img.susercontent.com/vn-11134259-7r98o-lw8hnm5900yj3a@resize_ss640x400,https://www.foody.vn/da-nang/lang-chai-restaurant,
729164,Hải Sản Biển Phố,"Gần Chùa Bửu Đài Sơn, Hoàng Sa, P. Thọ Quang, Quận Sơn Trà, Đà Nẵng",Quận Sơn Trà,Đà Nẵng,16.099398,108.255118,7.286,7,98,0,,,,0905 886 846,True,False,False,False,,Quán ăn,Món Việt,https://down-vn.img.susercontent.com/vn-11134259-7r98o-lwet9hps5pzt0f@resize_ss640x400,https://www.foody.vn/da-nang/hai-san-bien-pho,
295524,Quảng Nam - Bánh Tráng Thịt Heo,"592 Núi Thành, Quận Hải Châu, Đà Nẵng",Quận Hải Châu,Đà Nẵng,16.029328620767,108.2224372029304,9.6,1,1,0,,,,Đang cập nhật,True,False,False,False,,Quán ăn,Món Quảng,https://down-vn.img.susercontent.com/vn-11134259-7r98o-lwaa3lfeomhn4f@resize_ss640x400,https://www.foody.vn/da-nang/quang-nam-banh-trang-thit-heo,
126076,Quán Nhậu 170 - Lê Đình Dương,"170 Lê Đình Dương, P. Hải Châu 2, Quận Hải Châu, Đà Nẵng",Quận Hải Châu,Đà Nẵng,16.0625369,108.2162815,7.6,1,5,0,,,,Đang cập nhật,False,False,False,False,,Quán ăn,Món Việt,https://down-vn.img.susercontent.com/vn-11134513-7r98o-lsttkiyc977ocf@resize_ss640x400,https://www.foody.vn/da-nang/quan-nhau-170-le-dinh-duong,/da-nang/quan-nhau-170-le-dinh-duong/goi-mon
904699,Quán Nhậu Bé Tý,"12 Phan Bội Châu, Quận Hải Châu, Đà Nẵng",Quận Hải Châu,Đà Nẵng,16.081075,108.221361,9.0,1,0,0,,,,Đang cập nhật,True,False,False,False,,Quán nhậu,Món Việt,https://down-vn.img.susercontent.com/vn-11134259-7r98o-lwi9y50gtom389@resize_ss640x400,https://www.foody.vn/da-nang/quan-nhau-be-ty,
656702,Mì Quảng Bà Mua - Điện Biên Phủ,"537 Điện Biên Phủ, P. Hòa Khê, Quận Thanh Khê, Đà Nẵng",Quận Thanh Khê,Đà Nẵng,16.065215,108.1849458,5.798,6,11,0,,,,Đang cập nhật,True,False,False,False,,Quán ăn,Món Quảng,https://down-vn.img.susercontent.com/vn-11134513-7r98o-lsu02a1jr3btec@resize_ss640x400,https://www.foody.vn/da-nang/mi-quang-ba-mua-dien-bien-phu,/da-nang/mi-quang-ba-mua-dien-bien-phu/goi-mon
115126,Millen's Coffee,"91 Nguyễn Thị Định, Quận Sơn Trà, Đà Nẵng",Quận Sơn Trà,Đà Nẵng,16.0816274999999,108.231459375,7.866,3,18,0,,,,Đang cập nhật,True,False,False,False,,Café/Dessert,Món Việt,https://down-vn.img.susercontent.com/vn-11134259-7r98o-lwaeq4nxcbmh71@resize_ss640x400,https://www.foody.vn/da-nang/millen-s-coffee,
863285,Cháo Dinh Dưỡng Bé Bo - Phạm Tứ,"129 Phạm Tứ, P. Khuê Trung, Quận Cẩm Lệ, Đà Nẵng",Quận Cẩm Lệ,Đà Nẵng,16.015281,108.206372,10.0,1,14,0,,,,Đang cập nhật,True,False,False,False,,Quán ăn,Món Việt,https://down-vn.img.susercontent.com/vn-11134513-7r98o-lsu6a8zylcjo56@resize_ss640x400,https://www.foody.vn/da-nang/chao-dinh-duong-be-bo-pham-tu,/da-nang/chao-dinh-duong-be-bo-pham-tu/goi-mon
747614,Ăn Vặt Cô Liên,"220/12 Hải Phòng, P. Tam Thuận, Quận Thanh Khê, Đà Nẵng",Quận Thanh Khê,Đà Nẵng,16.070789,108.2083,8.902,149,278,0,,,,01225 541 560,False,False,False,False,,"Ăn vặt/vỉa hè,, Quán ăn",Món Việt,https://down-vn.img.susercontent.com/vn-11134513-7r98o-lsu3mn3tdwuxd2@resize_ss640x400,https://www.foody.vn/da-nang/an-vat-co-lien,/da-nang/an-vat-co-lien/goi-mon
1034698,Nhậm Cà Phê,"49 Ngô Thì Nhậm, P. Hoà Khánh Bắc, Quận Liên Chiểu, Đà Nẵng",Quận Liên Chiểu,Đà Nẵng,16.0705219,108.1538061,7.7,4,24,0,,,,Đang cập nhật,True,False,False,False,,Café/Dessert,Món Việt,https://down-vn.img.susercontent.com/vn-11134513-7r98o-lsuatfydb1cpa3@resize_ss640x400,https://www.foody.vn/da-nang/nham-ca-phe,/da-nang/nham-ca-phe/goi-mon
960053,Quán Thùy - Bánh Xèo & Nem Lụi,"1088 Ngô Quyền, Quận Sơn Trà, Đà Nẵng",Quận Sơn Trà,Đà Nẵng,16.059034,108.235047,8.266,6,40,0,,,,Đang cập nhật,False,False,False,False,,Quán ăn,Món Miền Trung,https://down-vn.img.susercontent.com/vn-11134259-7r98o-lwdh3x49l13vb4@resize_ss640x400,https://www.foody.vn/da-nang/quan-thuy-banh-xeo-nem-lui,
868211,Mix Food - Ẩm Thực Thái,"K38/37 Nguyễn Duy Hiệu (K49 Nguyễn Văn Thoại), Quận Sơn Trà, Đà Nẵng",Quận Sơn Trà,Đà Nẵng,16.054758,108.237506,8.388,38,238,0,,,,Đang cập nhật,True,False,False,False,,Quán ăn,Món Việt,https://down-vn.img.susercontent.com/vn-11134513-7r98o-lsu6dwofw89004@resize_ss640x400,https://www.foody.vn/da-nang/mix-food-lau-nuong,/da-nang/mix-food-lau-nuong/goi-mon
928462,Cơm Gà Thái Lan,"19 Huỳnh Thúc Kháng, P. Nam Dương, Quận Hải Châu, Đà Nẵng",Quận Hải Châu,Đà Nẵng,16.061567,108.218339,7.92,15,12,0,,,,0965.574.742,True,False,False,False,,Quán ăn,Món Việt,https://down-vn.img.susercontent.com/vn-11134513-7r98o-lsu7svmwnnwk66@resize_ss640x400,https://www.foody.vn/da-nang/com-ga-thai-lan,/da-nang/com-ga-thai-lan/goi-mon
253273,Liferia Coffee - Thái Phiên,"35 Thái Phiên, P. Phước Ninh, Quận Hải Châu, Đà Nẵng",Quận Hải Châu,Đà Nẵng,16.064907,108.222461,7.46,153,708,0,,,,(0236) 2 800 888,True,False,False,False,,Café/Dessert,Món Việt,https://down-vn.img.susercontent.com/vn-11134513-7r98o-lstxle8u9o61b4@resize_ss640x400,https://www.foody.vn/da-nang/liferia-coffee-thai-phien,/da-nang/liferia-coffee-thai-phien/goi-mon
751474,Sơn Trà Cafe,"Ngã 3 Trà Khê 1 - Trà Khê 2, P. Hòa Hải, Quận Ngũ Hành Sơn, Đà Nẵng",Quận Ngũ Hành Sơn,Đà Nẵng,15.9773028408467,108.2606600224971,9.2,1,12,0,,,,Đang cập nhật,True,False,False,False,,Café/Dessert,Món Việt,https://down-vn.img.susercontent.com/vn-11134259-7r98o-lwfw9pp9hl95e7@resize_ss640x400,https://www.foody.vn/da-nang/son-tra-cafe,
127007,Quán Nhậu Chim Đồng - Xô Viết Nghệ Tĩnh,"1253 Xô Viết Nghệ Tĩnh, Quận Cẩm Lệ, Đà Nẵng",Quận Cẩm Lệ,Đà Nẵng,16.031827,108.214879,5.728,11,38,0,,,,Đang cập nhật,True,False,False,False,,Quán nhậu,Món Việt,https://down-vn.img.susercontent.com/vn-11134259-7r98o-lw915bdsa0ux00@resize_ss640x400,https://www.foody.vn/da-nang/quan-nhau-chim-dong-xo-viet-nghe-tinh,
751048,Quán Thu - Cháo Gà & Vịt,"181 Phan Thanh, P. Thạc Gián, Quận Thanh Khê, Đà Nẵng",Quận Thanh Khê,Đà Nẵng,16.064813,108.207828,8.1,2,24,0,,,,Đang cập nhật,False,False,False,False,,Quán ăn,Món Việt,https://down-vn.img.susercontent.com/vn-11134513-7r98o-lsu3tqsz79voc3@resize_ss640x400,https://www.foody.vn/da-nang/quan-thu-chao-ga-vit,/da-nang/quan-thu-chao-ga-vit/goi-mon
104584,Bubble Tea - Đồ Ăn Hàn Quốc - 120/2A Lý Thái Tổ,"120/2A Lý Thái Tổ, P. Thạc Gián, Quận Thanh Khê, Đà Nẵng",Quận Thanh Khê,Đà Nẵng,16.0664568,108.2077506,7.586,367,1824,0,,,,Đang cập nhật,True,False,False,False,,Ăn vặt/vỉa hè,Món Việt,https://down-vn.img.susercontent.com/vn-11134513-820l4-memvwyq88qgz90@resize_ss640x400,https://www.foody.vn/da-nang/bubble-tea-do-an-han-quoc-120-2a-ly-thai-to,/da-nang/bubble-tea-do-an-han-quoc-120-2a-ly-thai-to/goi-mon
14806,Phở Bắc Hương Dung,"10 Duy Tân, Quận Hải Châu, Đà Nẵng",Quận Hải Châu,Đà Nẵng,16.04929,108.219766,7.4,4,5,0,,,,Đang cập nhật,True,False,False,False,,Quán ăn,Món Bắc,https://down-vn.img.susercontent.com/vn-11134513-7r98o-lstqf9g95b5w76@resize_ss640x400,https://www.foody.vn/da-nang/pho-bac-huong-dung,/da-nang/pho-bac-huong-dung/goi-mon
721030,Ốc Lể Cô Nhựt,"617 Lê Văn Hiến, P. Hòa Hải, Quận Ngũ Hành Sơn, Đà Nẵng",Quận Ngũ Hành Sơn,Đà Nẵng,15.997244,108.259434,9.05,4,11,0,,,,(0236)3836347,True,False,False,False,,Ăn vặt/vỉa hè,Món Quảng,https://down-vn.img.susercontent.com/vn-11134259-7r98o-lwanst37f9w9d2@resize_ss640x400,https://www.foody.vn/da-nang/oc-le-co-nhut,
717032,An Coffee,"53 - 55 Hòa An 19, P. Hòa An, Quận Cẩm Lệ, Đà Nẵng",Quận Cẩm Lệ,Đà Nẵng,16.0466173,108.1803044,8.12,5,44,0,,,,Đang cập nhật,True,False,False,False,,Café/Dessert,Món Việt,https://down-vn.img.susercontent.com/vn-11134513-7r98o-lsu2aeboye9w78@resize_ss640x400,https://www.foody.vn/da-nang/an-coffee,/da-nang/an-coffee/goi-mon
195359,Cơm Gà Hảo Lù,"119 Trần Cao Vân, P. Tam Thuận, Quận Thanh Khê, Đà Nẵng",Quận Thanh Khê,Đà Nẵng,16.071994,108.206339,8.254,11,16,0,,,,(0236) 3 519 433 - 0936 132 234,True,False,False,False,,Quán ăn,Món Việt,https://down-vn.img.susercontent.com/vn-11134513-7r98o-lstvy1j33cex65@resize_ss640x400,https://www.foody.vn/da-nang/com-ga-hao-lu,/da-nang/com-ga-hao-lu/goi-mon
233362,Bếp Cô Đào - Ẩm Thực Việt,"233 Trưng Nữ Vương, Quận Hải Châu, Đà Nẵng",Quận Hải Châu,Đà Nẵng,16.053267,108.218591,7.52,5,112,0,,,,0905 726 339,True,False,False,False,,Quán ăn,Món Việt,https://down-vn.img.susercontent.com/vn-11134513-7r98o-lstx6vlz2y8465@resize_ss640x400,https://www.foody.vn/da-nang/bep-co-dao-am-thuc-viet,/da-nang/bep-co-dao-am-thuc-viet/goi-mon
1029163,Bé Hương - Bánh Tráng Kẹp - 149/19 Lê Đình Lý,"K149/19 Lê Đình Lý, P. Vĩnh Trung, Quận Thanh Khê, Đà Nẵng",Quận Thanh Khê,Đà Nẵng,16.0536106,108.2136275,6.8,2,0,0,,,,Đang cập nhật,False,False,False,False,,Ăn vặt/vỉa hè,Món Việt,https://down-vn.img.susercontent.com/vn-11134513-7r98o-lsuadvqb4jvd92@resize_ss640x400,https://www.foody.vn/da-nang/be-huong-banh-trang-kep-149-19-le-dinh-ly,/da-nang/be-huong-banh-trang-kep-149-19-le-dinh-ly/goi-mon
91169,Bánh Tráng Dì Bi,"325/21 Hùng Vương (Kiệt nằm bên cạnh Vietcombank Hùng Vương), Quận Hải Châu, Đà Nẵng",Quận Hải Châu,Đà Nẵng,16.065934,108.210951,7.376,83,444,0,,,,Đang cập nhật,False,False,False,False,,Ăn vặt/vỉa hè,Món Việt,https://down-vn.img.susercontent.com/vn-11134513-7r98o-lstsfo6cirpgbb@resize_ss640x400,https://www.foody.vn/da-nang/banh-trang-di-bi,/da-nang/banh-trang-di-bi/goi-mon
160057,Bánh Canh Bà Nhu,"69 Nguyễn Chánh, Quận Liên Chiểu, Đà Nẵng",Quận Liên Chiểu,Đà Nẵng,16.084115,108.150492,7.736,3,11,0,,,,Đang cập nhật,False,False,False,False,,Quán ăn,Món Miền Trung,https://down-vn.img.susercontent.com/vn-11134259-7r98o-lwdt9lh83jrt48@resize_ss640x400,https://www.foody.vn/da-nang/banh-canh-ba-nhu,
1055410,CHAY Corner In Da Nang - Vietnamese Dumplings,"17 Lê Hữu Trác, P. An Hải Đông, Quận Sơn Trà, Đà Nẵng",Quận Sơn Trà,Đà Nẵng,16.0582162,108.2366497,7.828,7,13,0,,,,Đang cập nhật,True,False,False,False,,Ăn chay,Món Việt,https://down-vn.img.susercontent.com/vn-11134513-7r98o-lsv27feo0cske5@resize_ss640x400,https://www.foody.vn/da-nang/chay-corner-in-da-nang-vietnamese-dumplings,/da-nang/chay-corner-in-da-nang-vietnamese-dumplings/goi-mon
1028143,Chị Tâm - Heo Giả Cầy,"293 Ông Ích Khiêm, P. Tân Chính, Quận Thanh Khê, Đà Nẵng",Quận Thanh Khê,Đà Nẵng,16.068913,108.213686,9.0,3,0,0,,,,0934832705,False,False,False,False,,Quán ăn,Món Việt,https://down-vn.img.susercontent.com/vn-11134513-7r98o-lsuaakelqsnte4@resize_ss640x400,https://www.foody.vn/da-nang/chi-tam-heo-gia-cay,/da-nang/chi-tam-heo-gia-cay/goi-mon
765872,Pingpong - Ram Cuốn Cải & Ăn Vặt - Hà Khê,"K2/9 Hà Khê, P. Xuân Hà, Quận Thanh Khê, Đà Nẵng",Quận Thanh Khê,Đà Nẵng,16.072294,108.191898,7.518,22,113,0,,,,0905251090,True,False,False,False,,Quán ăn,Món Việt,https://down-vn.img.susercontent.com/vn-11134513-7r98o-lsu4gfx7g6mx54@resize_ss640x400,https://www.foody.vn/da-nang/pingpong-ram-cuon-cai-an-vat,/da-nang/pingpong-ram-cuon-cai-an-vat/goi-mon
723342,Cơm Gà Song Kí - Coffee Take Away,"257 Yên Khê 2, P. Thanh Khê Tây, Quận Thanh Khê, Đà Nẵng",Quận Thanh Khê,Đà Nẵng,16.069015,108.182058,9.312,30,162,0,,,,Đang cập nhật,True,False,False,False,,"Quán ăn,, Giao cơm văn phòng",Món Việt,https://down-vn.img.susercontent.com/vn-11134513-7r98o-lsu2lo6f1daxf4@resize_ss640x400,https://www.foody.vn/da-nang/com-ga-song-ki-coffee-take-away,/da-nang/com-ga-song-ki-coffee-take-away/goi-mon
18240,Bánh Cuốn Thăng Long - Điện Biên Phủ,"592 Điện Biên Phủ, Quận Thanh Khê, Đà Nẵng",Quận Thanh Khê,Đà Nẵng,16.065486,108.183779,6.3,4,8,0,,,,0905 152 586,True,False,False,False,,Quán ăn,Món Việt,https://down-vn.img.susercontent.com/vn-11134259-7r98o-lwblv8lx0s0pa7@resize_ss640x400,https://www.foody.vn/da-nang/banh-cuon-thang-long-dien-bien-phu,
879358,Napom's Bakery - Hà Đông 1,"16 Hà Đông 1, P. Xuân Hà, Quận Thanh Khê, Đà Nẵng",Quận Thanh Khê,Đà Nẵng,16.070325,108.190289,6.724,176,28,0,,,,0905357954,True,False,False,False,,Café/Dessert,Món Việt,https://down-vn.img.susercontent.com/vn-11134513-7r98o-lsu6qhmr1x38f0@resize_ss640x400,https://www.foody.vn/da-nang/napom-s-bakery-ha-dong-1,/da-nang/napom-s-bakery-ha-dong-1/goi-mon
280916,Bún Mắm & Mì Quảng - Dũng Sĩ Thanh Khê,"K74/15 Dũng Sĩ Thanh Khê, Quận Thanh Khê, Đà Nẵng",Quận Thanh Khê,Đà Nẵng,16.072545,108.178617,7.7,2,7,0,,,,Đang cập nhật,True,False,False,False,,Quán ăn,Món Quảng,https://down-vn.img.susercontent.com/vn-11134259-7r98o-lw9lrdop3avt10@resize_ss640x400,https://www.foody.vn/da-nang/bun-mam-mi-quang-dung-si-thanh-khe,
1047745,Ăn Vặt Hằng,"910 Trần Cao Vân, P. Thanh Khê Tây, Quận Thanh Khê, Đà Nẵng",Quận Thanh Khê,Đà Nẵng,16.0673151,108.1823312,8.4,2,12,0,,,,Đang cập nhật,True,False,False,False,,Ăn vặt/vỉa hè,Món Việt,https://down-vn.img.susercontent.com/vn-11134513-7r98o-lsv1jtd3y11g50@resize_ss640x400,https://www.foody.vn/da-nang/an-vat-hang,/da-nang/an-vat-hang/goi-mon
674019,Addiction Cake - Shop Online,"K569/3 Trần Cao Vân, P. Xuân Hà, Quận Thanh Khê, Đà Nẵng",Quận Thanh Khê,Đà Nẵng,16.071232,108.188755,8.444,18,113,0,,,,0904 622 249,True,False,False,False,,Shop Online,Món Việt,https://down-vn.img.susercontent.com/vn-11134513-7r98o-lsu0lu0vk79ge6@resize_ss640x400,https://www.foody.vn/da-nang/addiction-cake-shop-online,/da-nang/addiction-cake-shop-online/goi-mon
264871,Mỹ Hương - Chè Chuối Nướng & Sinh Tố,"190A Ông Ích Khiêm, Quận Hải Châu, Đà Nẵng",Quận Hải Châu,Đà Nẵng,16.070945,108.21324,6.068,3,5,0,,,,01646 557 088 - 01203 965 967 - 01662 622 549,False,False,False,False,,Ăn vặt/vỉa hè,Món Việt,https://down-vn.img.susercontent.com/vn-11134513-7r98o-lstxsx37x66x5a@resize_ss640x400,https://www.foody.vn/da-nang/my-huong-che-chuoi-nuong-sinh-to,/da-nang/my-huong-che-chuoi-nuong-sinh-to/goi-mon
1073197,Bee Milktea & Coffee - Núi Thành,"183 Núi Thành, P. Hoà Cường Bắc, Quận Hải Châu, Đà Nẵng",Quận Hải Châu,Đà Nẵng,16.0461118,108.2212539,9.8,1,0,0,,,,Đang cập nhật,True,False,False,False,,Café/Dessert,,https://down-vn.img.susercontent.com/vn-11134513-7r98o-lsv3s88rn16s38@resize_ss640x400,https://www.foody.vn/da-nang/bee-milktea-coffee-nui-thanh,/da-nang/bee-milktea-coffee-nui-thanh/goi-mon
944019,Bánh Canh 86 - Đặc Sản Gia Truyền,"142 Huỳnh Thúc Kháng, P. Bình Hiên, Quận Hải Châu, Đà Nẵng",Quận Hải Châu,Đà Nẵng,16.058131,108.2180871,8.0,1,0,0,,,,0903538287,False,False,False,False,,Quán ăn,Món Miền Trung,https://down-vn.img.susercontent.com/vn-11134513-7r98o-lsu864givuzd17@resize_ss640x400,https://www.foody.vn/da-nang/banh-canh-86-dac-san-gia-truyen,/da-nang/banh-canh-86-dac-san-gia-truyen/goi-mon
651131,Đón - Bún Đậu Mắm Tôm & Món Ngon Hà Nội,"33 Phan Thành Tài, P. Hòa Thuận Đông, Quận Hải Châu, Đà Nẵng",Quận Hải Châu,Đà Nẵng,16.053859,108.221289,8.164,96,342,0,,,,Đang cập nhật,True,False,False,False,,Quán ăn,Hà Nội,https://down-vn.img.susercontent.com/vn-11134513-7r98o-lstzqvesnuzdd6@resize_ss640x400,https://www.foody.vn/da-nang/don-bun-dau-mam-tom-mon-ngon-ha-noi,/da-nang/don-bun-dau-mam-tom-mon-ngon-ha-noi/goi-mon
1000000107,H2 - Smoothie & Juice - Nguyễn Công Trứ,"219 Nguyễn Công Trứ, P. An Hải Bắc, Quận Sơn Trà, Đà Nẵng",Quận Sơn Trà,Đà Nẵng,16.0658411,108.2388862,10.0,2,3,0,,,,Đang cập nhật,False,False,False,False,,Ăn vặt/vỉa hè,Món Việt,https://down-vn.img.susercontent.com/vn-11134513-7r98o-lsvdrujuab2xf1@resize_ss640x400,https://www.foody.vn/da-nang/h2-smoothie-juice-nguyen-cong-tru,/da-nang/h2-smoothie-juice-nguyen-cong-tru/goi-mon
922797,Tiệm Ăn PY's Fúd,"29 Nguyễn Chí Thanh, P. Thạch Thang, Quận Hải Châu, Đà Nẵng",Quận Hải Châu,Đà Nẵng,16.079089,108.220142,7.234,24,123,0,,,,0935903239,True,False,False,False,,Quán ăn,Món Hàn,https://down-vn.img.susercontent.com/vn-11134513-7r98o-lsu7r15hy4lgbc@resize_ss640x400,https://www.foody.vn/da-nang/tiem-an-py-s-fud,/da-nang/tiem-an-py-s-fud/goi-mon
1012904,Hong Kong Dim Sum King,"73 Nguyễn Văn Linh, Quận Hải Châu, Đà Nẵng",Quận Hải Châu,Đà Nẵng,16.060748,108.22014,8.55,4,97,0,,,,02363912888,True,False,False,False,,Quán ăn,,https://down-vn.img.susercontent.com/vn-11134513-7r98o-lsu9nsgtmhtw07@resize_ss640x400,https://www.foody.vn/da-nang/hong-kong-dim-sum-king,/da-nang/hong-kong-dim-sum-king/goi-mon
91426,Cơm Hến - Ngô Gia Tự,"Đối diện 39 Ngô Gia Tự, P. Hải Châu 1, Quận Hải Châu, Đà Nẵng",Quận Hải Châu,Đà Nẵng,16.068182,108.217497,7.19,20,78,0,,,,Đang cập nhật,True,False,False,False,,Ăn vặt/vỉa hè,Món Huế,https://down-vn.img.susercontent.com/vn-11134513-7r98o-lstsfv7e8gqs7b@resize_ss640x400,https://www.foody.vn/da-nang/com-hen-ngo-gia-tu,/da-nang/com-hen-ngo-gia-tu/goi-mon
663183,Ốc Ngon,"127 Nguyễn Văn Thoại, Quận Ngũ Hành Sơn, Đà Nẵng",Quận Ngũ Hành Sơn,Đà Nẵng,16.055461,108.243638,7.55,4,9,0,,,,Đang cập nhật,False,False,False,False,,Ăn vặt/vỉa hè,Món Miền Trung,https://down-vn.img.susercontent.com/vn-11134259-7r98o-lwgopmtrm86304@resize_ss640x400,https://www.foody.vn/da-nang/oc-ngon,
120470,Lẩu 1 Người - Lê Duy Đình,"192 Lê Duy Đình, Quận Thanh Khê, Đà Nẵng",Quận Thanh Khê,Đà Nẵng,16.064641,108.198482,6.974,23,94,0,,,,Đang cập nhật,False,False,False,False,,Quán ăn,Món Việt,https://down-vn.img.susercontent.com/vn-11134513-7r98o-lsttcyg0zzx5d2@resize_ss640x400,https://www.foody.vn/da-nang/lau-1-nguoi-le-duy-dinh,/da-nang/lau-1-nguoi-le-duy-dinh/goi-mon
723063,Bánh Gối - Bắp - Chuối & Khoai Hà Nội,"Ngã 4 Lê Lợi - Lý Thường Kiệt, P. Thạch Thang, Quận Hải Châu, Đà Nẵng",Quận Hải Châu,Đà Nẵng,16.080027,108.219272,7.1,4,6,0,,,,Đang cập nhật,False,False,False,False,,Ăn vặt/vỉa hè,Món Việt,https://down-vn.img.susercontent.com/vn-11134513-7r98o-lsu2j8w4rq1l5b@resize_ss640x400,https://www.foody.vn/da-nang/banh-goi-bap-chuoi-khoai-ha-noi,/da-nang/banh-goi-bap-chuoi-khoai-ha-noi/goi-mon
942554,Tiệm Bánh Hương Quê,"65 Phú Lộc 10, P. Thanh Khê Tây, Quận Thanh Khê, Đà Nẵng",Quận Thanh Khê,Đà Nẵng,16.074654,108.173132,8.9,2,29,0,,,,(0236) 2 244 782 - 0898 990 803,True,False,False,False,,Quán ăn,Món Việt,https://down-vn.img.susercontent.com/vn-11134513-7r98o-lsu83ojrj3q178@resize_ss640x400,https://www.foody.vn/da-nang/tiem-banh-que-huong,/da-nang/tiem-banh-que-huong/goi-mon
1030031,Àla Cafe,"113/27 Nguyễn Chí Thanh, Quận Hải Châu, Đà Nẵng",Quận Hải Châu,Đà Nẵng,16.074002,108.221302,9.4,1,2,0,,,,Đang cập nhật,True,False,False,False,,Café/Dessert,Món Việt,https://down-vn.img.susercontent.com/vn-11134513-7r98o-lsuaeijvqa4k37@resize_ss640x400,https://www.foody.vn/da-nang/ala-cafe,/da-nang/ala-cafe/goi-mon
1189091,Chè Xà Vẵn - Ngọc Trâm,"321/17 Tôn Đản, P. Hòa An, Quận Cẩm Lệ, Đà Nẵng",Quận Cẩm Lệ,Đà Nẵng,16.0487331,108.1818629,10.0,1,0,0,,,,Đang cập nhật,True,False,False,False,,Quán ăn,,https://down-vn.img.susercontent.com/vn-11134513-7r98o-lsvcq87s6w7t09@resize_ss640x400,https://www.foody.vn/da-nang/che-xa-van-ngoc-tram,/da-nang/che-xa-van-ngoc-tram/goi-mon
730292,Cơm Bếp Nhà,"7/4 Quang Trung, Quận Hải Châu, Đà Nẵng",Quận Hải Châu,Đà Nẵng,16.0751395,108.2223775,8.0,1,4,0,,,,0906 495 588,True,False,False,False,,Giao cơm văn phòng,Món Miền Trung,https://down-vn.img.susercontent.com/vn-11134259-7r98o-lwhhyl948b899b@resize_ss640x400,https://www.foody.vn/da-nang/com-bep-nha,
12885,Bún Bò Bà Sáu,"320 Hoàng Diệu, P. Bình Hiên, Quận Hải Châu, Đà Nẵng",Quận Hải Châu,Đà Nẵng,16.0578738,108.21705,8.568,6,12,0,,,,Đang cập nhật,False,False,False,False,,Quán ăn,Món Huế,https://down-vn.img.susercontent.com/vn-11134513-7r98o-lstqck6dhvvd2c@resize_ss640x400,https://www.foody.vn/da-nang/bun-bo-ba-sau,/da-nang/bun-bo-ba-sau/goi-mon
997420,Giò Heo Rút Xương Quay Lá Mắc Mật,"92 Hoàng Hoa Thám, P. Thạc Gián, Quận Thanh Khê, Đà Nẵng",Quận Thanh Khê,Đà Nẵng,16.0677311,108.2099683,8.0,1,4,0,,,,0905.678.272 - 0936.61.22.61,False,False,False,False,,Quán ăn,Món Bắc,https://down-vn.img.susercontent.com/vn-11134513-7r98o-lsu9b4bn4wjob0@resize_ss640x400,https://www.foody.vn/da-nang/gio-heo-rut-xuong-quay-la-mac-mat,/da-nang/gio-heo-rut-xuong-quay-la-mac-mat/goi-mon
12636,Quán Chay 99 - Hoàng Hoa Thám,"99 Hoàng Hoa Thám, P. Tân Chính, Quận Thanh Khê, Đà Nẵng",Quận Thanh Khê,Đà Nẵng,16.0679748,108.210068,7.336,28,93,0,,,,Đang cập nhật,True,False,False,False,,"Ăn chay,, Quán ăn",Món Việt,https://down-vn.img.susercontent.com/vn-11134513-7r98o-lstqc1976paxfe@resize_ss640x400,https://www.foody.vn/da-nang/quan-chay-hoang-hoa-tham,/da-nang/quan-chay-hoang-hoa-tham/goi-mon
1137221,Cháo Nghêu Hội An - Đặc Sản Hội An ( Cháo Nghêu & Cao Lầu ) - Nguyễn Công Trứ,"129 Nguyễn Công Trứ, Quận Sơn Trà, Đà Nẵng",Quận Sơn Trà,Đà Nẵng,16.0671941,108.2348516,9.6,1,2,0,,,,Đang cập nhật,True,False,False,False,,Quán ăn,,https://down-vn.img.susercontent.com/vn-11134513-7r98o-lsv8ksfmumro92@resize_ss640x400,https://www.foody.vn/da-nang/chao-ngheu-hoi-an-dac-san-hoi-an-chao-ngheu-cao-lau-nguyen-cong-tru,/da-nang/chao-ngheu-hoi-an-dac-san-hoi-an-chao-ngheu-cao-lau-nguyen-cong-tru/goi-mon
1074040,Giwazip Restaurant - Nguyễn Chí Thanh,"27 Nguyễn Chí Thanh, P. Thạch Thang, Quận Hải Châu, Đà Nẵng",Quận Hải Châu,Đà Nẵng,16.079173,108.220258,10.0,4,0,0,,,,Đang cập nhật,True,False,False,False,,Nhà hàng,,https://down-vn.img.susercontent.com/vn-11134513-7r98o-lsv3rqvd3n44f0@resize_ss640x400,https://www.foody.vn/da-nang/giwazip-restaurant-nguyen-chi-thanh,/da-nang/giwazip-restaurant-nguyen-chi-thanh/goi-mon
1018649,Ốc La Pulga,"118 Phạm Như Xương, P. Hoà Khánh Nam, Quận Liên Chiểu, Đà Nẵng",Quận Liên Chiểu,Đà Nẵng,16.064689,108.151438,1.8,2,2,0,,,,0899862760,False,False,False,False,,Quán ăn,Món Việt,https://down-vn.img.susercontent.com/vn-11134513-7r98o-lsu9sqex7xz832@resize_ss640x400,https://www.foody.vn/da-nang/oc-la-pulga,/da-nang/oc-la-pulga/goi-mon
70688,Danang Souvenirs & Cafe,"34 Bạch Đằng, P. Thạch Thang, Quận Hải Châu, Đà Nẵng",Quận Hải Châu,Đà Nẵng,16.077944,108.223811,7.402,189,1210,0,,,,(0236) 3 827 999,True,False,False,False,,Café/Dessert,Món Việt,https://down-vn.img.susercontent.com/vn-11134513-7r98o-lsts05yfepp520@resize_ss640x400,https://www.foody.vn/da-nang/danang-souvenirs-cafe,/da-nang/danang-souvenirs-cafe/goi-mon
777698,Bánh Xèo Phượng,"Ngã 3 Nguyễn Thế Lộc - Lê Phụng Hiểu, Quận Sơn Trà, Đà Nẵng",Quận Sơn Trà,Đà Nẵng,16.078716,108.230039,8.4,1,2,0,,,,01659798923,False,False,False,False,,Quán ăn,Món Việt,https://down-vn.img.susercontent.com/vn-11134259-7r98o-lwi6rxx6wp9746@resize_ss640x400,https://www.foody.vn/da-nang/banh-xeo-phuong,
87146,Bánh Canh - Bún Mắm Đường Ray,"77/8 Lê Độ, Quận Thanh Khê, Đà Nẵng",Quận Thanh Khê,Đà Nẵng,16.068542,108.201763,7.7,2,29,0,,,,Đang cập nhật,False,False,False,False,,Quán ăn,Món Quảng,https://down-vn.img.susercontent.com/vn-11134259-7r98o-lwca2ar051aze7@resize_ss640x400,https://www.foody.vn/da-nang/banh-canh-bun-mam-duong-ray,
258529,Tropical Chill - Coffee & Pub,"Lô Số 6 Võ Nguyên Giáp, P. Phước Mỹ, Quận Sơn Trà, Đà Nẵng",Quận Sơn Trà,Đà Nẵng,16.074243,108.2449748,7.65,4,54,0,,,,Đang cập nhật,True,False,False,False,,Bar/Pub,"Món Việt,, Quốc tế",https://down-vn.img.susercontent.com/vn-11134513-7r98o-lstxn5st9i2s1c@resize_ss640x400,https://www.foody.vn/da-nang/tropical-chill-coffee-pub,/da-nang/tropical-chill-coffee-pub/goi-mon
748159,Naju Ilmijung - Món Hàn,"108 Hồ Nghinh, P. An Hải Bắc, Quận Sơn Trà, Đà Nẵng",Quận Sơn Trà,Đà Nẵng,16.074384,108.242843,8.534,3,34,0,,,,Đang cập nhật,True,False,False,False,,Nhà hàng,Món Việt,https://down-vn.img.susercontent.com/vn-11134259-7r98o-lwe3zn3qj10b83@resize_ss640x400,https://www.foody.vn/da-nang/naju-ilmijung-mon-han,
25483,Temple Danang Cafe & Restaurant,"Hoàng Sa, Phước Mỹ, Quận Sơn Trà, Đà Nẵng",Quận Sơn Trà,Đà Nẵng,16.074958,108.24576,7.628,15,126,0,,,,(0236) 3 953 999,True,False,False,False,,Nhà hàng,Món Việt,https://down-vn.img.susercontent.com/vn-11134259-7r98o-lwgobtavona1e6@resize_ss640x400,https://www.foody.vn/da-nang/temple-danang-cafe-restaurant,
119113,Cloud Garden Coffee,"72 Lê Mạnh Trinh, P. Phước Mỹ, Quận Sơn Trà, Đà Nẵng",Quận Sơn Trà,Đà Nẵng,16.075954,108.24352,7.548,256,1852,0,,,,Đang cập nhật,True,False,False,False,,Café/Dessert,Món Việt,https://down-vn.img.susercontent.com/vn-11134513-7r98o-lsttbfuqvy5579@resize_ss640x400,https://www.foody.vn/da-nang/cloud-garden-coffee,/da-nang/cloud-garden-coffee/goi-mon
722010,The Lounge - Four Points By Sheraton Danang,"Tầng 1, Four Points By Sheraton Danang, 118 - 120 Võ Nguyên Giáp, P. Phước Mỹ, Quận Sơn Trà, Đà Nẵng",Quận Sơn Trà,Đà Nẵng,16.077642,108.24542,9.08,5,26,0,,,,Đang cập nhật,True,False,False,False,,Café/Dessert,"Món Việt,, Quốc tế",https://down-vn.img.susercontent.com/vn-11134513-7r98o-lsu2i1w5ozvdfb@resize_ss640x400,https://www.foody.vn/da-nang/the-lounge-four-points-by-sheraton-danang,/da-nang/the-lounge-four-points-by-sheraton-danang/goi-mon
161046,Quán Nhậu A Dũng - Lê Đình Thám,"K49/12 Lê Đình Thám, Quận Hải Châu, Đà Nẵng",Quận Hải Châu,Đà Nẵng,16.049706,108.216708,8.044,23,163,0,,,,Đang cập nhật,True,False,False,False,,Quán nhậu,Món Việt,https://down-vn.img.susercontent.com/vn-11134513-7r98o-lsturye0bgk9e6@resize_ss640x400,https://www.foody.vn/da-nang/quan-nhau-a-dung-le-dinh-tham,/da-nang/quan-nhau-a-dung-le-dinh-tham/goi-mon
680324,Cơm Tấm Nguyễn Du,"58 Nguyễn Du, Quận Hải Châu, Đà Nẵng",Quận Hải Châu,Đà Nẵng,16.078505,108.218668,7.4,2,13,0,,,,Đang cập nhật,True,False,False,False,,Quán ăn,Món Miền Nam,https://down-vn.img.susercontent.com/vn-11134259-7r98o-lwaaekwdx4nt9d@resize_ss640x400,https://www.foody.vn/da-nang/com-tam-nguyen-du,
88457,Cô Hương - Bánh Mì Thịt Nướng & Gan Rim,"1 Lê Thánh Tôn, Quận Hải Châu, Đà Nẵng",Quận Hải Châu,Đà Nẵng,16.0738201,108.2195946,7.402,12,32,0,,,,Đang cập nhật,True,False,False,False,,Ăn vặt/vỉa hè,Món Việt,https://down-vn.img.susercontent.com/vn-11134513-7r98o-lstscyof74ckfa@resize_ss640x400,https://www.foody.vn/da-nang/huong-banh-mi-thit-nuong-gan-rim,/da-nang/huong-banh-mi-thit-nuong-gan-rim/goi-mon
928611,Cơm Thố Đà Thành,"219 Trần Hưng Đạo, P. An Hải Bắc, Quận Sơn Trà, Đà Nẵng",Quận Sơn Trà,Đà Nẵng,16.0773271,108.2290622,7.8,21,49,0,,,,0948172628,True,False,False,False,,Quán ăn,Món Việt,https://down-vn.img.susercontent.com/vn-11134513-7r98o-lsu7uqmwnef86e@resize_ss640x400,https://www.foody.vn/da-nang/com-tho-da-thanh,/da-nang/com-tho-da-thanh/goi-mon
215808,Bánh Mì Ốp La ,"K7/11 Quang Trung, Quận Hải Châu, Đà Nẵng",Quận Hải Châu,Đà Nẵng,16.075112,108.222503,7.3,2,10,0,,,,Đang cập nhật,True,False,False,False,,Quán ăn,Món Việt,https://down-vn.img.susercontent.com/vn-11134259-7r98o-lw93yvd28el741@resize_ss640x400,https://www.foody.vn/da-nang/banh-mi-op-la,
744072,Huyền An - Đặc Sản Xứ Huế,"170 Nguyễn Công Trứ, P. An Hải Bắc, Quận Sơn Trà, Đà Nẵng",Quận Sơn Trà,Đà Nẵng,16.067492,108.233472,8.464,3,3,0,,,,Đang cập nhật,True,False,False,False,,Quán ăn,Món Huế,https://down-vn.img.susercontent.com/vn-11134513-7r98o-lsu3h1ng6vfdc6@resize_ss640x400,https://www.foody.vn/da-nang/huyen-an-dac-san-xu-hue,/da-nang/huyen-an-dac-san-xu-hue/goi-mon
292930,Hongdae BBQ & Beer - 191 Nguyễn Hoàng,"191 Nguyễn Hoàng, P. Vĩnh Trung, Quận Hải Châu, Đà Nẵng",Quận Hải Châu,Đà Nẵng,16.059632,108.213802,8.224,131,843,0,,,,(0236) 3 532 139,True,False,False,False,,Nhà hàng,Món Hàn,https://down-vn.img.susercontent.com/vn-11134513-7r98o-lsty7b8bom1l1e@resize_ss640x400,https://www.foody.vn/da-nang/hongdae-bbq-beer-191-nguyen-hoang,/da-nang/hongdae-bbq-beer-191-nguyen-hoang/goi-mon
103384,Bún Đậu Simple & Korean Food,"158/4 Ông Ích Đường, P. Khuê Trung, Quận Cẩm Lệ, Đà Nẵng",Quận Cẩm Lệ,Đà Nẵng,16.013838,108.205557,7.544,11,77,0,,,,Đang cập nhật,True,False,False,False,,Café/Dessert,Món Việt,https://down-vn.img.susercontent.com/vn-11134513-7r98o-lstsrxqaczicae@resize_ss640x400,https://www.foody.vn/da-nang/bun-dau-simple-korean-food,/da-nang/bun-dau-simple-korean-food/goi-mon
283166,Bún Bò - Phan Đăng Lưu,"Ngã tư Phan Đăng Lưu - Trần Đức Thảo, Quận Hải Châu, Đà Nẵng",Quận Hải Châu,Đà Nẵng,16.035966,108.21548,6.334,3,8,0,,,,Đang cập nhật,False,False,False,False,,Quán ăn,Món Việt,https://down-vn.img.susercontent.com/vn-11134259-7r98o-lwexgkq8s72xd0@resize_ss640x400,https://www.foody.vn/da-nang/bun-bo-phan-dang-luu,
128478,Trà Sữa Nhà Làm Hoa Ly - Trần Cao Vân,"703 Trần Cao Vân, Quận Thanh Khê, Đà Nẵng",Quận Thanh Khê,Đà Nẵng,16.0689024,108.183501,6.94,237,668,0,,,,Đang cập nhật,True,False,False,False,,Ăn vặt/vỉa hè,Món Việt,https://down-vn.img.susercontent.com/vn-11134513-7r98o-lsttnoga4iisf2@resize_ss640x400,https://www.foody.vn/da-nang/tra-sua-nha-lam-tran-cao-van,/da-nang/tra-sua-nha-lam-tran-cao-van/goi-mon
13338,Bê Thui Lê,"312 Ngũ Hành Sơn, P. Mỹ An, Quận Ngũ Hành Sơn, Đà Nẵng",Quận Ngũ Hành Sơn,Đà Nẵng,16.042834,108.240427,7.0,3,2,0,,,,(0236) 3 953 947,False,False,False,False,,Quán ăn,Món Việt,https://down-vn.img.susercontent.com/vn-11134259-7r98o-lwber2o2hk2j12@resize_ss640x400,https://www.foody.vn/da-nang/quan-le,
628308,Tok'k - Món Hàn,"25 Phùng Khắc Khoan, Quận Sơn Trà, Đà Nẵng",Quận Sơn Trà,Đà Nẵng,16.063707,108.232508,7.738,13,131,0,,,,Đang cập nhật,True,False,False,False,,Quán ăn,Món Hàn,https://down-vn.img.susercontent.com/vn-11134513-7r98o-lstz0rg26r2xe8@resize_ss640x400,https://www.foody.vn/da-nang/tok-k-mon-han,/da-nang/tok-k-mon-han/goi-mon
238591,Cà Kê Quán - Bún Đậu Mắm Tôm,"194 Châu Thị Vĩnh Tế, P. Mỹ An, Quận Ngũ Hành Sơn, Đà Nẵng",Quận Ngũ Hành Sơn,Đà Nẵng,16.04954,108.240785,7.07,46,131,0,,,,0905 850 589 - 0905 317 431,True,False,False,False,,Ăn vặt/vỉa hè,Hà Nội,https://down-vn.img.susercontent.com/vn-11134513-7r98o-lstxa4sjll1ge3@resize_ss640x400,https://www.foody.vn/da-nang/ca-ke-quan-an-vat-ha-noi,/da-nang/ca-ke-quan-an-vat-ha-noi/goi-mon
1000028898,"Bé Hiếu - Cá Lóc Nướng, Hấp & Cút Nướng Rôty - Hà Huy Tập","25 Hà Huy Tập, P. Xuân Hà, Quận Thanh Khê, Đà Nẵng",Quận Thanh Khê,Đà Nẵng,16.069471,108.191833,10.0,3,1,0,,,,Đang cập nhật,True,False,False,False,,"Ăn vặt/vỉa hè,, Quán nhậu",,https://down-vn.img.susercontent.com/vn-11134513-7ras8-m3lxos4iaeug6f@resize_ss640x400,https://www.foody.vn/da-nang/be-hieu-ca-loc-nuong-hap-cut-nuong-roty-ha-huy-tap,/da-nang/be-hieu-ca-loc-nuong-hap-cut-nuong-roty-ha-huy-tap/goi-mon
1000030498,Gỏi Cá Trích Bà Zon - Chân Vịt Cay Tứ Xuyên - Hoàng Văn Thái,"507/12 Hoàng Văn Thái, P. Hòa Khánh Nam, Quận Liên Chiểu, Đà Nẵng",Quận Liên Chiểu,Đà Nẵng,16.046276,108.146392,10.0,3,1,0,,,,Đang cập nhật,True,False,False,False,,"Quán ăn,, Quán nhậu","Món Bắc,, Món Miền Trung,, Món Miền Nam,, Tây Nguyên",https://down-vn.img.susercontent.com/vn-11134513-7ras8-m0jpwcfqsict20@resize_ss640x400,https://www.foody.vn/da-nang/goi-ca-trich-ba-zon-chan-vit-cay-tu-xuyen-hoang-van-thai,/da-nang/goi-ca-trich-ba-zon-chan-vit-cay-tu-xuyen-hoang-van-thai/goi-mon
131782,Hải Sản Châu Sơn - Trần Hưng Đạo,"Lô 13 Khu 1, Trần Hưng Đạo, Quận Sơn Trà, Đà Nẵng",Quận Sơn Trà,Đà Nẵng,16.077816,108.228786,7.36,5,24,0,,,,Đang cập nhật,False,False,False,False,,Quán ăn,Món Việt,https://down-vn.img.susercontent.com/vn-11134259-7r98o-lwgjo75pym6z09@resize_ss640x400,https://www.foody.vn/da-nang/hai-san-chau-son-2,
635330,Ben Cafe - Phạm Văn Đồng,"Lô C6-C7 Phạm Văn Đồng, Quận Sơn Trà, Đà Nẵng",Quận Sơn Trà,Đà Nẵng,16.070403,108.237065,8.1,2,27,0,,,,Đang cập nhật,True,False,False,False,,Café/Dessert,Món Việt,https://down-vn.img.susercontent.com/vn-11134259-7r98o-lwankl2mkhcp22@resize_ss640x400,https://www.foody.vn/da-nang/ben-cafe-pham-van-dong,
681602,Bánh Mì & Bánh Bao Ba Hưng Bakery - 91 Lê Văn Hiến,"91 Lê Văn Hiến, P. Mỹ Khuê, Quận Ngũ Hành Sơn, Đà Nẵng",Quận Ngũ Hành Sơn,Đà Nẵng,16.023533,108.250694,7.068,3,13,0,,,,(0236) 3 959 191 - 0903 508 689,True,False,False,False,,Tiệm bánh,Món Việt,https://down-vn.img.susercontent.com/vn-11134513-7r98o-lsu0yyik4l956b@resize_ss640x400,https://www.foody.vn/da-nang/banh-mi-banh-bao-ba-hung-bakery-91-le-van-hien,/da-nang/banh-mi-banh-bao-ba-hung-bakery-91-le-van-hien/goi-mon
1060470,Tía Tâm - Bún & Lẩu Mắm Miền Tây,"11 Đường 2 Tháng 9, P. Bình Hiên, Quận Hải Châu, Đà Nẵng",Quận Hải Châu,Đà Nẵng,16.031566,108.22421,9.4,1,0,0,,,,Đang cập nhật,True,False,False,False,,Quán ăn,Món Việt,https://down-vn.img.susercontent.com/vn-11134513-7r98o-lsv2qaw7nue11e@resize_ss640x400,https://www.foody.vn/da-nang/tia-tam-bun-lau-mam-mien-tay,/da-nang/tia-tam-bun-lau-mam-mien-tay/goi-mon
934758,Quán Tâm Hải Sản,"78 Lê Bôi, Quận Sơn Trà, Đà Nẵng",Quận Sơn Trà,Đà Nẵng,16.0807469425688,108.2464927300594,9.0,2,61,0,,,,097 199 99 93,True,False,False,False,,Quán nhậu,Món Miền Trung,https://down-vn.img.susercontent.com/vn-11134259-7r98o-lwe1zfxa4257b9@resize_ss640x400,https://www.foody.vn/da-nang/tam-cua-da-nang,
870363,Phú Minh Lê - Trứng Gà Nướng - Shop Online,"62 Nguyễn Hiến Lê, P. Hòa Xuân, Quận Cẩm Lệ, Đà Nẵng",Quận Cẩm Lệ,Đà Nẵng,16.0152248,108.2287939,7.47,14,17,0,,,,0911494729 - 0706176763,True,False,False,False,,Shop Online,Món Miền Nam,https://down-vn.img.susercontent.com/vn-11134513-7r98o-lsu6f1c2ee2sa2@resize_ss640x400,https://www.foody.vn/da-nang/phu-minh-le-trung-ga-nuong-shop-online,/da-nang/phu-minh-le-trung-ga-nuong-shop-online/goi-mon
1030230,Cơm Gà Ta Cô Ký,"150 Ông Ích Khiêm, P. Tam Thuân, Quận Thanh Khê, Đà Nẵng",Quận Thanh Khê,Đà Nẵng,16.0735468,108.2126866,7.0,1,0,0,,,,Đang cập nhật,True,False,False,False,,Quán ăn,Món Việt,https://down-vn.img.susercontent.com/vn-11134513-7r98o-lsuaezrqj72x64@resize_ss640x400,https://www.foody.vn/da-nang/com-ga-ta-co-ky,/da-nang/com-ga-ta-co-ky/goi-mon
1075599,Ốc Lễ - Đỗ Quang,"K 1/45B Đỗ Quang, P. Vĩnh Trung, Quận Thanh Khê, Đà Nẵng",Quận Thanh Khê,Đà Nẵng,16.062762,108.213195,5.0,1,0,0,,,,Đang cập nhật,True,False,False,False,,Ăn vặt/vỉa hè,,https://down-vn.img.susercontent.com/vn-11134513-7r98o-lsv3yd6kbm4k6b@resize_ss640x400,https://www.foody.vn/da-nang/oc-le-do-quang,/da-nang/oc-le-do-quang/goi-mon
1068485,Bún Đậu Hà Nội Xưa - ĐN,"143/1 Nguyễn Chí Thanh, Quận Hải Châu, Đà Nẵng",Quận Hải Châu,Đà Nẵng,16.0721738,108.221087,9.24,5,34,0,,,,0899868133,True,False,False,False,,"Nhà hàng,, Quán ăn","Món Huế,, Món Quảng,, Hà Nội,, Bình Định,, Nha Trang",https://down-vn.img.susercontent.com/vn-11134513-820l4-mh7epekiqdce82@resize_ss640x400,https://www.foody.vn/da-nang/bun-dau-ha-noi-xua-dn,/da-nang/bun-dau-ha-noi-xua-dn/goi-mon
627380,Mì Quảng Bà Vân,"571 Điện Biên Phủ, Quận Thanh Khê, Đà Nẵng",Quận Thanh Khê,Đà Nẵng,16.0652996868923,108.1843039020896,9.4,1,2,0,,,,0906 542 980,True,False,False,False,,Quán ăn,Món Quảng,https://down-vn.img.susercontent.com/vn-11134259-7r98o-lwgei3tzni6xdc@resize_ss640x400,https://www.foody.vn/da-nang/mi-quang-ba-van,
166204,Hải Sản Bé Ni 2 - Võ Nguyên Giáp,"230 Võ Nguyên Giáp, P. Phước Mỹ, Quận Sơn Trà, Đà Nẵng",Quận Sơn Trà,Đà Nẵng,16.06675,108.245116,7.484,12,62,0,,,,Đang cập nhật,False,False,False,False,,Quán ăn,Món Việt,https://down-vn.img.susercontent.com/vn-11134513-7r98o-lstuz3xrfdeh1c@resize_ss640x400,https://www.foody.vn/da-nang/hai-san-be-ni-2-vo-nguyen-giap,/da-nang/hai-san-be-ni-2-vo-nguyen-giap/goi-mon
223481,Cháo Quẩy Sườn Sụn Bé Bi - Phan Thanh,"159 Phan Thanh, P. Thạc Gián, Quận Thanh Khê, Đà Nẵng",Quận Thanh Khê,Đà Nẵng,16.061863,108.209196,7.39,134,387,0,,,,0905 769 191,True,False,False,False,,Ăn vặt/vỉa hè,Món Bắc,https://down-vn.img.susercontent.com/vn-11134513-7r98o-lstwuoone9w99a@resize_ss640x400,https://www.foody.vn/da-nang/chao-quay-suon-sun-be-bi-phan-thanh,/da-nang/chao-quay-suon-sun-be-bi-phan-thanh/goi-mon
753615,Huy Coffee - Cafe Sạch - 30 Tháng 4,"64 Đường 30 Tháng 4, P. Hòa Cường Bắc, Quận Hải Châu, Đà Nẵng",Quận Hải Châu,Đà Nẵng,16.040141,108.214369,10.0,1,3,0,,,,0905 879 282,True,False,False,False,,Café/Dessert,Món Việt,https://down-vn.img.susercontent.com/vn-11134513-7r98o-lsu3ws2lawn831@resize_ss640x400,https://www.foody.vn/da-nang/huy-coffee-cafe-sach-30-thang-4,/da-nang/huy-coffee-cafe-sach-30-thang-4/goi-mon
964026,Nhà Hàng Chay Tâm Châu - Lê Mạnh Trinh,"50-52-54 Lê Mạnh Trinh, P. Phước Mỹ, Quận Sơn Trà, Đà Nẵng",Quận Sơn Trà,Đà Nẵng,16.075775,108.243546,9.066,9,122,0,,,,Đang cập nhật,True,False,False,False,,Ăn chay,Món Việt,https://down-vn.img.susercontent.com/vn-11134513-7r98o-lsu8jiijgcyhb0@resize_ss640x400,https://www.foody.vn/da-nang/nha-hang-chay-tam-chau-le-manh-trinh,/da-nang/nha-hang-chay-tam-chau-le-manh-trinh/goi-mon
143909,Phương Anh Restaurant - Võ Nguyên Giáp,"148 Võ Nguyên Giáp, Quận Sơn Trà, Đà Nẵng",Quận Sơn Trà,Đà Nẵng,16.075574,108.245028,7.268,9,147,0,,,,(0236) 3 981 977,True,False,False,False,,Nhà hàng,Món Miền Trung,https://down-vn.img.susercontent.com/vn-11134259-7r98o-lw95kepwz3rvbf@resize_ss640x400,https://www.foody.vn/da-nang/phuong-anh-restaurant-vo-nguyen-giap,
946698,Altitude Restaurant,"Tầng 32A, Altara Suites Hotel, 120 Võ Nguyên Giáp, P. Phước Mỹ, Quận Sơn Trà, Đà Nẵng",Quận Sơn Trà,Đà Nẵng,16.077668,108.245277,8.8,1,26,0,,,,0961 028 379 - 0236 268 7979,False,False,False,False,,Nhà hàng,Món Việt,https://down-vn.img.susercontent.com/vn-11134259-7r98o-lwi7vlitv5cr2b@resize_ss640x400,https://www.foody.vn/da-nang/altitude-restaurant,
744985,Đất Việt - Bia Tươi & Nhậu Bình Dân,"45 Xô Viết Nghệ Tĩnh, P. Hòa Cường Nam, Quận Hải Châu, Đà Nẵng",Quận Hải Châu,Đà Nẵng,16.0322001,108.2175807,5.5,2,35,0,,,,0917 185 277,False,False,False,False,,Quán nhậu,Món Việt,https://down-vn.img.susercontent.com/vn-11134513-7r98o-lsu3j12fojo910@resize_ss640x400,https://www.foody.vn/da-nang/dat-viet-bia-tuoi-nhau-binh-dan,/da-nang/dat-viet-bia-tuoi-nhau-binh-dan/goi-mon
1031551,Xôi Bà Chanh - Phong Bắc 12,"Đối Diện 27 Phong Bắc 12, Quận Cẩm Lệ, Đà Nẵng",Quận Cẩm Lệ,Đà Nẵng,16.008328,108.1969352,9.1,2,28,0,,,,Đang cập nhật,True,False,False,False,,Ăn vặt/vỉa hè,Món Việt,https://down-vn.img.susercontent.com/vn-11134513-7r98o-lsuakre2pepwdd@resize_ss640x400,https://www.foody.vn/da-nang/xoi-ba-chanh-phong-bac-12,/da-nang/xoi-ba-chanh-phong-bac-12/goi-mon
148878,2CE - Trà Sữa & Ăn Vặt,"16 Cẩm Nam 5, P. Hoà Xuân, Huyện Hòa Vang, Đà Nẵng",Huyện Hòa Vang,Đà Nẵng,16.0031907,108.2108169,6.758,98,398,0,,,,Đang cập nhật,True,False,False,False,,Ăn vặt/vỉa hè,Món Việt,https://down-vn.img.susercontent.com/vn-11134513-7r98o-lstud1vzund0ab@resize_ss640x400,https://www.foody.vn/da-nang/2ce-tra-sua-an-vat,/da-nang/2ce-tra-sua-an-vat/goi-mon
1053007,Bún Đậu Mắm Tôm - Bún Đậu Hẻm - 195 Phạm Như Xương,"195 Phạm Như Xương, P. Hòa Khánh Nam, Quận Liên Chiểu, Đà Nẵng",Quận Liên Chiểu,Đà Nẵng,16.065539,108.148597,10.0,2,20,0,,,,Đang cập nhật,True,False,False,False,,Quán ăn,Món Việt,https://down-vn.img.susercontent.com/vn-11134513-7r98o-lsv226o47cuc7c@resize_ss640x400,https://www.foody.vn/da-nang/bun-dau-mam-tom-bun-dau-hem-195-pham-nhu-xuong,/da-nang/bun-dau-mam-tom-bun-dau-hem-195-pham-nhu-xuong/goi-mon
873690,Tâm Đức - Bún Riêu Cua Sài Gòn & Bún Bò Huế,"153 Lương Nhữ Hộc, P. Khuê Trung, Quận Cẩm Lệ, Đà Nẵng",Quận Cẩm Lệ,Đà Nẵng,16.032593,108.211056,5.05,4,1,0,,,,0905327448,True,False,False,False,,Quán ăn,Món Việt,https://down-vn.img.susercontent.com/vn-11134513-7ra0g-m9s5fisdmjya74@resize_ss640x400,https://www.foody.vn/da-nang/tam-duc-bun-rieu-cua-sai-gon-bun-bo-hue,/da-nang/tam-duc-bun-rieu-cua-sai-gon-bun-bo-hue/goi-mon
1070561,Muse Pastry - Bông Lan Trứng Muối,"K36/4 Lý Thái Tổ, P. Thạc Gián, Quận Thanh Khê, Đà Nẵng",Quận Thanh Khê,Đà Nẵng,16.0667117,108.2093411,6.94,10,9,0,,,,Đang cập nhật,True,False,False,False,,"Café/Dessert,, Quán ăn",,https://down-vn.img.susercontent.com/vn-11134513-7ra0g-m931vrgpexj84c@resize_ss640x400,https://www.foody.vn/da-nang/muse-pastry-bong-lan-trung-muoi,/da-nang/muse-pastry-bong-lan-trung-muoi/goi-mon
18894,Villa Cafe,"19 Chu Văn An, P. Bình Hiên, Quận Hải Châu, Đà Nẵng",Quận Hải Châu,Đà Nẵng,16.056928,108.217907,6.702,32,232,0,,,,Đang cập nhật,True,False,False,False,,Café/Dessert,Món Việt,https://down-vn.img.susercontent.com/vn-11134513-7r98o-lstqlfwzlhuh83@resize_ss640x400,https://www.foody.vn/da-nang/villa-cafe,/da-nang/villa-cafe/goi-mon
230892,Khoai Lang Chiên Kamui - Núi Thành,"181 Núi Thành, Quận Hải Châu, Đà Nẵng",Quận Hải Châu,Đà Nẵng,16.046153,108.221208,7.782,12,48,0,,,,Đang cập nhật,False,False,False,False,,Ăn vặt/vỉa hè,Món Việt,https://down-vn.img.susercontent.com/vn-11134259-7r98o-lwhhh7be69y3d6@resize_ss640x400,https://www.foody.vn/da-nang/khoai-lang-chien-kamui-nui-thanh,
1052762,Tiệm Takeaway - Lẩu Ly & Mì Trộn Tóp Mỡ,"193 Núi Thành, P. Hòa Cường Bắc, Quận Hải Châu, Đà Nẵng",Quận Hải Châu,Đà Nẵng,16.045841,108.221303,9.8,2,3,0,,,,Đang cập nhật,False,False,False,False,,Shop Online,Món Việt,https://down-vn.img.susercontent.com/vn-11134513-7r98o-lsv20xuxs1qcbe@resize_ss640x400,https://www.foody.vn/da-nang/tiem-takeaway-lau-ly-mi-tron-top-mo,/da-nang/tiem-takeaway-lau-ly-mi-tron-top-mo/goi-mon
1082777,Tiệm Của Zoi - Mì Sốt Cay & Trà Sữa,"104/16 Ỷ Lan Nguyên Phi, P. Hòa Cường Bắc, Quận Hải Châu, Đà Nẵng",Quận Hải Châu,Đà Nẵng,16.041482,108.2204223,9.4,2,3,0,,,,Đang cập nhật,True,False,False,False,,Quán ăn,,https://down-vn.img.susercontent.com/vn-11134513-7r98o-lsv4k689i1ehac@resize_ss640x400,https://www.foody.vn/da-nang/tiem-cua-zoi-mi-sot-cay-tra-sua,/da-nang/tiem-cua-zoi-mi-sot-cay-tra-sua/goi-mon
157567,Lẩu & Nướng Quạt Mo,"25 Ngô Thì Nhậm, P. Hòa Khánh Nam, Quận Liên Chiểu, Đà Nẵng",Quận Liên Chiểu,Đà Nẵng,16.069896,108.152899,7.232,19,186,0,,,,Đang cập nhật,False,False,False,False,,Quán ăn,Món Miền Trung,https://down-vn.img.susercontent.com/vn-11134513-7r98o-lstuo7flt57d2f@resize_ss640x400,https://www.foody.vn/da-nang/lau-nuong-quat-mo-ngo-thi-nham,/da-nang/lau-nuong-quat-mo-ngo-thi-nham/goi-mon
90199,Mì Quảng Giao Thủy - Núi Thành,"72 Núi Thành, Quận Hải Châu, Đà Nẵng",Quận Hải Châu,Đà Nẵng,16.048917,108.220792,8.1,2,4,0,,,,0905 114 303,True,False,False,False,,Quán ăn,Món Quảng,https://down-vn.img.susercontent.com/vn-11134259-7r98o-lwi9y3ht32zd60@resize_ss640x400,https://www.foody.vn/da-nang/mi-quang-giao-thuy-nui-thanh,
798900,Hoa Chuối Trộn - Chợ Kỳ Đồng,"54 Nguyễn Đức Trung, P. Xuân Hà, Quận Thanh Khê, Đà Nẵng",Quận Thanh Khê,Đà Nẵng,16.070106,108.187355,7.5,2,16,0,,,,0382691816,False,False,False,False,,Ăn vặt/vỉa hè,Món Miền Trung,https://down-vn.img.susercontent.com/vn-11134513-7r98o-lsu5rfyncql574@resize_ss640x400,https://www.foody.vn/da-nang/hoa-chuoi-tron-cho-ky-dong,/da-nang/hoa-chuoi-tron-cho-ky-dong/goi-mon
6776,Bánh Hỏi Cháo Lòng Thu,"161 Lê Thanh Nghị, Quận Hải Châu, Đà Nẵng",Quận Hải Châu,Đà Nẵng,16.038276,108.218036,7.172,22,61,0,,,,Đang cập nhật,False,False,False,False,,Quán ăn,Bình Định,https://down-vn.img.susercontent.com/vn-11134513-7ra0g-m78rma0z5h3sd4@resize_ss640x400,https://www.foody.vn/da-nang/banh-hoi-chao-long-thu,/da-nang/banh-hoi-chao-long-thu/goi-mon
1076343,92 Coffee - Cà Phê & Nước Ép Trái Cây Tươi,"92 Nguyễn Đức Trung, P. Thanh Khê Đông, Quận Thanh Khê, Đà Nẵng",Quận Thanh Khê,Đà Nẵng,16.0676337,108.1877692,8.664,3,2,0,,,,Đang cập nhật,True,False,False,False,,Café/Dessert,,https://down-vn.img.susercontent.com/vn-11134513-7ras8-m4epxus9ty333b@resize_ss640x400,https://www.foody.vn/da-nang/92-coffee-ca-phe-nuoc-ep-trai-cay-tuoi,/da-nang/92-coffee-ca-phe-nuoc-ep-trai-cay-tuoi/goi-mon
913433,Thế Giới Buffet - Sun World Danang Wonders,"Sun World Danang Wonders, 01 Phan Đăng Lưu, Quận Hải Châu, Đà Nẵng",Quận Hải Châu,Đà Nẵng,16.039503,108.226936,8.968,117,422,0,,,,0236.3681.666,False,False,False,False,,Buffet,Quốc tế,https://down-vn.img.susercontent.com/vn-11134513-7r98o-lsu7jupu4wplae@resize_ss640x400,https://www.foody.vn/da-nang/the-gioi-buffet-sun-world-danang-wonders,/da-nang/the-gioi-buffet-sun-world-danang-wonders/goi-mon
963460,Nhà Hàng Orchid - Buffet Gánh,"Tầng 2, 274 Võ Nguyên Giáp, Quận Ngũ Hành Sơn, Đà Nẵng",Quận Ngũ Hành Sơn,Đà Nẵng,16.0535023318966,108.2477184443191,9.826,7,23,0,,,,091 879 3005,False,False,False,False,,"Nhà hàng,, Buffet","Món Bắc,, Món Miền Trung,, Món Miền Nam",https://down-vn.img.susercontent.com/vn-11134259-7r98o-lwe7r5m5gfyz58@resize_ss640x400,https://www.foody.vn/da-nang/nha-hang-orchid-buffet-ganh,
300219,Bánh Tráng Thịt Heo Lộc,"5/1 Trần Tống, P. Vĩnh Trung, Quận Thanh Khê, Đà Nẵng",Quận Thanh Khê,Đà Nẵng,16.0587392,108.2118039,8.072,75,165,0,,,,0905 686 190 - 0935 900 081,True,False,False,False,,Quán ăn,Món Quảng,https://down-vn.img.susercontent.com/vn-11134513-7r98o-lstye3iu6wm1c9@resize_ss640x400,https://www.foody.vn/da-nang/banh-trang-thit-heo-loc,/da-nang/banh-trang-thit-heo-loc/goi-mon
888052,Cajun CoCoChau,"26/9 Quang Trung, P. Thạch Thang, Quận Hải Châu, Đà Nẵng",Quận Hải Châu,Đà Nẵng,16.0751773,108.2216113,8.082,19,119,0,,,,Đang cập nhật,True,False,False,False,,Quán ăn,Mỹ,https://down-vn.img.susercontent.com/vn-11134513-7r98o-lsu6yoycvul557@resize_ss640x400,https://www.foody.vn/da-nang/cajun-cocochau,/da-nang/cajun-cocochau/goi-mon
1028746,"Chè Thái, Chè Đậu & Sinh Tố - Chè Ông Cúc - 114 Lê Thanh Nghị","114 Lê Thanh Nghị, P. Hoà Cường Bắc, Quận Hải Châu, Đà Nẵng",Quận Hải Châu,Đà Nẵng,16.0414751,108.2175341,3.8,2,42,0,,,,Đang cập nhật,True,False,False,False,,Café/Dessert,Món Việt,https://down-vn.img.susercontent.com/vn-11134513-7r98o-lsuabzjkwr0kbd@resize_ss640x400,https://www.foody.vn/da-nang/che-ong-cuc-cach-mang-thang-8,/da-nang/che-ong-cuc-cach-mang-thang-8/goi-mon
897223,Chay Corner - Lê Hữu Trác,"30 Lê Hữu Trác, Quận Sơn Trà, Đà Nẵng",Quận Sơn Trà,Đà Nẵng,16.0574695,108.237023,6.686,7,33,0,,,,0766646188,True,False,False,False,,Nhà hàng,Món Miền Trung,https://down-vn.img.susercontent.com/vn-11134513-7r98o-lsu76yfxl39gc7@resize_ss640x400,https://www.foody.vn/da-nang/chay-corner-le-huu-trac,/da-nang/chay-corner-le-huu-trac/goi-mon
87167,Star Beef,"64/7 Nguyễn Duy Hiệu, P. An Hải Đông, Quận Sơn Trà, Đà Nẵng",Quận Sơn Trà,Đà Nẵng,16.055296,108.2380337,7.578,163,922,0,,,,Đang cập nhật,True,False,False,False,,Nhà hàng,"Món Việt,, Quốc tế,, Pháp",https://down-vn.img.susercontent.com/vn-11134513-7r98o-lstsbpd7i7d0b3@resize_ss640x400,https://www.foody.vn/da-nang/star-beef,/da-nang/star-beef/goi-mon
161472,Nướng Xuyên Tiêu,"04 Thanh Huy 3, Quận Thanh Khê, Đà Nẵng",Quận Thanh Khê,Đà Nẵng,16.068099,108.182397,7.7,2,9,0,,,,0905 383 882,False,False,False,False,,Quán ăn,Món Việt,https://down-vn.img.susercontent.com/vn-11134259-7r98o-lwfhrx5cbv1729@resize_ss640x400,https://www.foody.vn/da-nang/nuong-xuyen-tieu,
671012,Vivi's Coffee House,"122 Lương Nhữ Hộc, P. Hoà Cường Bắc, Quận Hải Châu, Đà Nẵng",Quận Hải Châu,Đà Nẵng,16.0419613,108.2116032,8.65,4,99,0,,,,0905 533 025 - 0905 744 499,True,False,False,False,,Café/Dessert,Món Miền Trung,https://down-vn.img.susercontent.com/vn-11134513-7r98o-lsu0hhxe11ok6f@resize_ss640x400,https://www.foody.vn/da-nang/vivi-s-coffee-house,/da-nang/vivi-s-coffee-house/goi-mon
1074964,The Power House coffee,"46 Phan Đăng Lưu, P. Hòa Cường Bắc, Quận Hải Châu, Đà Nẵng",Quận Hải Châu,Đà Nẵng,16.0374575,108.2206036,5.0,1,0,0,,,,Đang cập nhật,True,False,False,False,,Café/Dessert,,https://down-vn.img.susercontent.com/vn-11134513-7r98o-lsv3v7931mtg26@resize_ss640x400,https://www.foody.vn/da-nang/the-power-house-coffee,/da-nang/the-power-house-coffee/goi-mon
747346,Daily Life Coffee,"35 - 37 Lê Đại Hành, P. Khuê Trung, Quận Cẩm Lệ, Đà Nẵng",Quận Cẩm Lệ,Đà Nẵng,16.024397,108.20755,8.0,2,28,0,,,,0935 991 52,True,False,False,False,,Café/Dessert,,https://down-vn.img.susercontent.com/vn-11134513-7r98o-lsu3ny42li2s2c@resize_ss640x400,https://www.foody.vn/da-nang/daily-life-coffee,/da-nang/daily-life-coffee/goi-mon
1066774,Mỳ quảng Sơn Lé,"Lê Văn Duyệt, Quận Sơn Trà, Đà Nẵng",Quận Sơn Trà,Đà Nẵng,,,9.4,1,3,0,,,,Đang cập nhật,False,False,False,False,,,,,,
676023,Ngũ Hành Quán - Nhậu Bình Dân,"Lô 47 - 48 Trần Quốc Hoàn, Quận Ngũ Hành Sơn, Đà Nẵng",Quận Ngũ Hành Sơn,Đà Nẵng,16.0149304,108.2591452,8.934,3,27,0,,,,Đang cập nhật,True,False,False,False,,Quán nhậu,Món Miền Trung,https://down-vn.img.susercontent.com/vn-11134513-7r98o-lsu0og6ds2hl64@resize_ss640x400,https://www.foody.vn/da-nang/ngu-hanh-quan-nhau-binh-dan,/da-nang/ngu-hanh-quan-nhau-binh-dan/goi-mon
1011895,Cơm Cháy Kho Quẹt 1979,"Phan Đăng Lưu, P. Hòa Cường Bắc, Quận Hải Châu, Đà Nẵng",Quận Hải Châu,Đà Nẵng,16.036331,108.217166,10.0,2,4,0,,,,0967542202,False,False,False,False,,Ăn vặt/vỉa hè,Món Miền Nam,https://down-vn.img.susercontent.com/vn-11134259-7r98o-lwhpq7u0xi3f0a@resize_ss640x400,https://www.foody.vn/da-nang/com-chay-kho-quet-1979,
1001189,"Chân Gà Thuý Vi - Chân Gà Sả Tắc, Xào Cay, Hấp Hành & Ốc Hút","19A Hòa Nam 4, P. Hoà An, Quận Liên Chiểu, Đà Nẵng",Quận Liên Chiểu,Đà Nẵng,16.0511822,108.170592,8.198,6,2,0,,,,0328334338,True,False,False,False,,Shop Online,,https://down-vn.img.susercontent.com/vn-11134513-7r98o-lsu9hbxfwzwk91@resize_ss640x400,https://www.foody.vn/da-nang/chan-ga-thuy-vi-chan-ga-sa-tac-xao-cay-hap-hanh-oc-hut,/da-nang/chan-ga-thuy-vi-chan-ga-sa-tac-xao-cay-hap-hanh-oc-hut/goi-mon
1003869,Nhà Hàng DaeGook - Buffet,"172 Phạm Văn Đồng, P. An Hải Bắc, Quận Sơn Trà, Đà Nẵng",Quận Sơn Trà,Đà Nẵng,16.070364,108.23699,9.0,10,108,0,,,,0934858627,False,False,False,False,,Nhà hàng,Món Hàn,https://down-vn.img.susercontent.com/vn-11134259-7r98o-lwf4115jyh95e6@resize_ss640x400,https://www.foody.vn/da-nang/nha-hang-daegook-buffet,
46804,Mì Quảng Hường,"54 Bàu Cầu 26, Huyện Hòa Vang, Đà Nẵng",Huyện Hòa Vang,Đà Nẵng,15.989955,108.2021668,7.786,13,27,0,,,,(0236) 3 707 044,True,False,False,False,,Quán ăn,Món Quảng,https://down-vn.img.susercontent.com/vn-11134513-7r98o-lstrovyzin4p19@resize_ss640x400,https://www.foody.vn/da-nang/mi-quang-huong,/da-nang/mi-quang-huong/goi-mon
70980,Quán Nhậu Khanh - Hoàng Diệu,"K242 Hoàng Diệu, P. Nam Dương, Quận Hải Châu, Đà Nẵng",Quận Hải Châu,Đà Nẵng,16.06004,108.21658,7.556,23,156,0,,,,(0236) 3 582 305,True,False,False,False,,Quán ăn,Món Việt,https://down-vn.img.susercontent.com/vn-11134513-7r98o-lsts0dqo0m9w1e@resize_ss640x400,https://www.foody.vn/da-nang/quan-nhau-khanh-hoang-dieu,/da-nang/quan-nhau-khanh-hoang-dieu/goi-mon
1047635,Nhà Cám - Bún Đậu & Cơm Tấm - Thủ Khoa Huân,"84 Thủ Khoa Huân, Quận Sơn Trà, Đà Nẵng",Quận Sơn Trà,Đà Nẵng,16.056265,108.241401,6.734,12,104,0,,,,Đang cập nhật,True,False,False,False,,"Nhà hàng,, Quán ăn,, Giao cơm văn phòng",Hà Nội,https://down-vn.img.susercontent.com/vn-11134513-7r98o-lsv1j1k0n07815@resize_ss640x400,https://www.foody.vn/da-nang/nha-cam-bun-dau-com-tam-thu-khoa-huan,/da-nang/nha-cam-bun-dau-com-tam-thu-khoa-huan/goi-mon
277129,Diệp's Bakery - Shop Online,"26 Nguyễn Công Hoan, P. Hòa An, Quận Cẩm Lệ, Đà Nẵng",Quận Cẩm Lệ,Đà Nẵng,16.057087,108.174286,8.152,16,77,0,,,,01262 775 108 - 0905 290 899,True,False,False,False,,Shop Online,,https://down-vn.img.susercontent.com/vn-11134513-7r98o-lstxxvugbzk4a4@resize_ss640x400,https://www.foody.vn/da-nang/diep-s-bakery-shop-online,/da-nang/diep-s-bakery-shop-online/goi-mon
1070419,Chè Khúc Bạch Yumee,"165 Hà Huy Tập, P. Hòa Khê, Quận Thanh Khê, Đà Nẵng",Quận Thanh Khê,Đà Nẵng,16.0639704,108.192023,7.5,2,1,0,,,,Đang cập nhật,True,False,False,False,,Quán ăn,,https://down-vn.img.susercontent.com/vn-11134513-7r98o-lsv3hn3leb4470@resize_ss640x400,https://www.foody.vn/da-nang/che-khuc-bach-yumee,/da-nang/che-khuc-bach-yumee/goi-mon
1063080,Carrot - Coffee & Tea,"104 Trần Phước Thành, P. Khuê Trung, Quận Cẩm Lệ, Đà Nẵng",Quận Cẩm Lệ,Đà Nẵng,16.0227602,108.2129795,9.8,4,10,0,,,,Đang cập nhật,True,False,False,False,,Café/Dessert,Món Việt,https://down-vn.img.susercontent.com/vn-11134513-7r98o-lsv2y6yfyzt0d9@resize_ss640x400,https://www.foody.vn/da-nang/carrot-coffee-tea,/da-nang/carrot-coffee-tea/goi-mon
667513,Đì-li-sớt,"69/12 Lý Thái Tổ, P. Thạc Gián, Quận Thanh Khê, Đà Nẵng",Quận Thanh Khê,Đà Nẵng,16.065913,108.208612,7.134,12,44,0,,,,0905 522 883,True,False,False,False,,Shop Online,"Món Miền Trung,, Món Miền Nam",https://down-vn.img.susercontent.com/vn-11134513-7r98o-lsu0cnqow1p513@resize_ss640x400,https://www.foody.vn/da-nang/di-li-sot,/da-nang/di-li-sot/goi-mon
1000000423,Yolo - Korean Food - Xô Viết Nghệ Tĩnh,"140 Xô Viết Nghệ Tĩnh, Quận Hải Châu, Đà Nẵng",Quận Hải Châu,Đà Nẵng,16.0323133,108.2176576,7.8,3,36,0,,,,Đang cập nhật,True,False,False,False,,Quán ăn,"Món Á,, Món Âu",https://down-vn.img.susercontent.com/vn-11134513-7r98o-lsvdrdtqrel51e@resize_ss640x400,https://www.foody.vn/da-nang/yolo-korean-food-xo-viet-nghe-tinh,/da-nang/yolo-korean-food-xo-viet-nghe-tinh/goi-mon
8847,Quán 49 - Bánh Tráng Nướng Bò Khô,"49 Lý Thái Tổ, Quận Thanh Khê, Đà Nẵng",Quận Thanh Khê,Đà Nẵng,16.066301,108.208919,6.364,46,206,0,,,,Đang cập nhật,True,False,False,False,,Ăn vặt/vỉa hè,Món Miền Trung,https://down-vn.img.susercontent.com/vn-11134513-7r98o-lstq6394couc6a@resize_ss640x400,https://www.foody.vn/da-nang/quan-49-banh-trang-nuong-bo-kho,/da-nang/quan-49-banh-trang-nuong-bo-kho/goi-mon
927612,Mì Quảng Nam - Yên Thế,"77 Yên Thế, P. Hoà An, Quận Cẩm Lệ, Đà Nẵng",Quận Cẩm Lệ,Đà Nẵng,16.05416,108.177321,1.0,2,4,0,,,,Đang cập nhật,True,False,False,False,,Quán ăn,Món Việt,https://down-vn.img.susercontent.com/vn-11134513-7r98o-lsu7u60yrqh092@resize_ss640x400,https://www.foody.vn/da-nang/mi-quang-nam-yen-the,/da-nang/mi-quang-nam-yen-the/goi-mon
66,Cơm Niêu Trúc Lâm Viên,"10  Trần Quý Cáp, P. Thạch Thang, Quận Hải Châu, Đà Nẵng",Quận Hải Châu,Đà Nẵng,16.0817557,108.2221656,6.566,12,180,0,,,,(0236) 3 849 969,True,False,False,False,,Nhà hàng,Món Việt,https://down-vn.img.susercontent.com/vn-11134513-7r98o-lstplrxml70ke5@resize_ss640x400,https://www.foody.vn/da-nang/com-nieu-truc-lam-vien,/da-nang/com-nieu-truc-lam-vien/goi-mon
230871,Minh Tâm - Cơm Niêu & Cơm Đập,"Lô 3A.2.5 Trần Thị Lý, P. Hoà Cường Bắc, Quận Hải Châu, Đà Nẵng",Quận Hải Châu,Đà Nẵng,16.049223,108.223755,6.5,4,14,0,,,,(0236) 3 797 456 - 0905 888 710,True,False,False,False,,Nhà hàng,Món Việt,https://down-vn.img.susercontent.com/vn-11134513-7r98o-lstx3597oyopcf@resize_ss640x400,https://www.foody.vn/da-nang/nha-hang-minh-tam-com-nieu,/da-nang/nha-hang-minh-tam-com-nieu/goi-mon
295526,Dũng Coffee & Milk Tea,"588 Núi Thành, P. Hòa Cường Nam, Quận Hải Châu, Đà Nẵng",Quận Hải Châu,Đà Nẵng,16.0315691,108.2229059,7.716,14,104,0,,,,Đang cập nhật,True,False,False,False,,Café/Dessert,Món Việt,https://down-vn.img.susercontent.com/vn-11134513-7r98o-lstya7clbh5l74@resize_ss640x400,https://www.foody.vn/da-nang/dung-coffee-milk-tea,/da-nang/dung-coffee-milk-tea/goi-mon
994740,Lẩu Bò Hà Nội,"57 Hoàng Văn Thụ, P. Phước Ninh, Quận Hải Châu, Đà Nẵng",Quận Hải Châu,Đà Nẵng,16.062798,108.221411,8.578,9,74,0,,,,Đang cập nhật,True,False,False,False,,Quán nhậu,Hà Nội,https://down-vn.img.susercontent.com/vn-11134513-7r98o-lsu97j2u9pqx7a@resize_ss640x400,https://www.foody.vn/da-nang/lau-bo-ha-noi,/da-nang/lau-bo-ha-noi/goi-mon
677729,Ăn Vặt Thùy Dương,"141 Đường 3 Tháng 2, P. Thuận Phước, Quận Hải Châu, Đà Nẵng",Quận Hải Châu,Đà Nẵng,16.08664,108.216485,7.75,4,26,0,,,,Đang cập nhật,True,False,False,False,,Ăn vặt/vỉa hè,Món Việt,https://down-vn.img.susercontent.com/vn-11134513-7r98o-lsu0ql90zpokf2@resize_ss640x400,https://www.foody.vn/da-nang/an-vat-thuy-duong,/da-nang/an-vat-thuy-duong/goi-mon
229817,Bánh Mì Ngọc Tuấn - Bánh Mì - 31 Đoàn Nhữ Hài,"31 Đoàn Nhữ Hài, P. Hòa Khê, Quận Thanh Khê, Đà Nẵng",Quận Thanh Khê,Đà Nẵng,16.0632939,108.1905863,7.132,3,9,0,,,,(0236) 3 720 161,True,False,False,False,,Quán ăn,Món Việt,https://down-vn.img.susercontent.com/vn-11134513-7r98o-lybqi9qoo5nl1d@resize_ss640x400,https://www.foody.vn/da-nang/banh-mi-ngoc-tuan,/da-nang/banh-mi-ngoc-tuan/goi-mon
84678,Cơm Hồng Cường - Phạm Tứ,"200 Phạm Tứ, P. Khuê Trung, Quận Cẩm Lệ, Đà Nẵng",Quận Cẩm Lệ,Đà Nẵng,16.015013,108.205478,8.4,1,4,0,,,,01288 356 229,True,False,False,False,,Quán ăn,Món Việt,https://down-vn.img.susercontent.com/vn-11134513-7r98o-lsts8g8ax4t54c@resize_ss640x400,https://www.foody.vn/da-nang/com-hong-cuong-pham-tu,/da-nang/com-hong-cuong-pham-tu/goi-mon
218505,Nem Chua Rán Phố Cổ - Hoàng Diệu,"135 Hoàng Diệu, P. Phước Ninh, Quận Hải Châu, Đà Nẵng",Quận Hải Châu,Đà Nẵng,16.0624924,108.217764,7.664,84,394,0,,,,Đang cập nhật,False,False,False,False,,Ăn vặt/vỉa hè,Hà Nội,https://down-vn.img.susercontent.com/vn-11134513-7r98o-lstwplkxcgpl7e@resize_ss640x400,https://www.foody.vn/da-nang/nem-chua-ran-pho-co-hoang-dieu,/da-nang/nem-chua-ran-pho-co-hoang-dieu/goi-mon
669342,CoCo Food - Trà Sữa & Ăn Vặt,"84/8 Nguyễn Phong Sắc, P. Khuê Trung, Quận Cẩm Lệ, Đà Nẵng",Quận Cẩm Lệ,Đà Nẵng,16.0269318,108.2116838,8.354,159,512,0,,,,Đang cập nhật,True,False,False,False,,Café/Dessert,Món Việt,https://down-vn.img.susercontent.com/vn-11134513-7r98o-lsu0hnu7c7no8c@resize_ss640x400,https://www.foody.vn/da-nang/coco-food-tra-sua-an-vat,/da-nang/coco-food-tra-sua-an-vat/goi-mon
734380,Eric Milktea,"78 Nguyễn Phong Sắc, P. Khuê Trung, Quận Cẩm Lệ, Đà Nẵng",Quận Cẩm Lệ,Đà Nẵng,16.026896,108.211838,9.026,7,10,0,,,,0905 093 352,False,False,False,False,,Café/Dessert,Món Việt,https://down-vn.img.susercontent.com/vn-11134513-7r98o-lsu31qar11g9c3@resize_ss640x400,https://www.foody.vn/da-nang/eric-milktea,/da-nang/eric-milktea/goi-mon
252244,PhiLong Cafe,"Tầng 8, Phi Long Building, 52 Nguyễn Văn Linh, Quận Thanh Khê, Đà Nẵng",Quận Thanh Khê,Đà Nẵng,16.060755,108.216155,8.114,7,34,0,,,,Đang cập nhật,True,False,False,False,,Café/Dessert,Món Việt,https://down-vn.img.susercontent.com/vn-11134259-7r98o-lwbwzx5agfyxb0@resize_ss640x400,https://www.foody.vn/da-nang/philong-cafe,
37968,Thiện Duyên - Món Chay Ngon,"308/8 Hoàng Diệu, P. Bình Hiên, Quận Hải Châu, Đà Nẵng",Quận Hải Châu,Đà Nẵng,16.0583,108.216434,6.57,13,56,0,,,,(0236) 3 550 497,True,False,False,False,,Quán ăn,Món Việt,https://down-vn.img.susercontent.com/vn-11134513-7r98o-lstrdnhdfsuc76@resize_ss640x400,https://www.foody.vn/da-nang/thien-duyen-mon-chay-ngon,/da-nang/thien-duyen-mon-chay-ngon/goi-mon
1201932,Lẩu Gà Lá É Tao Ngộ - 210 Phan Đăng Lưu,"210 Phan Đăng Lưu, P. Hòa Cường Nam, Quận Hải Châu, Đà Nẵng",Quận Hải Châu,Đà Nẵng,16.0364946,108.2119981,10.0,1,3,0,,,,Đang cập nhật,True,False,False,False,,Quán ăn,,https://down-vn.img.susercontent.com/vn-11134513-7r98o-lt4t0jycwzpg99@resize_ss640x400,https://www.foody.vn/da-nang/lau-ga-la-e-tao-ngo-210-phan-dang-luu,/da-nang/lau-ga-la-e-tao-ngo-210-phan-dang-luu/goi-mon
631464,Làng Nướng Đất Quảng II,"71 - 73 Yên Thế, P. Hoà An, Quận Cẩm Lệ, Đà Nẵng",Quận Cẩm Lệ,Đà Nẵng,16.054303,108.177328,5.8,1,19,0,,,,0905 542 139,True,False,False,False,,Quán ăn,Món Việt,https://down-vn.img.susercontent.com/vn-11134513-7r98o-lstz19yj3gd57d@resize_ss640x400,https://www.foody.vn/da-nang/lang-nuong-dat-quang-ii,/da-nang/lang-nuong-dat-quang-ii/goi-mon
1065939,Yen Yakiniku - Quán Nướng Nhật Bản - Bình Minh 5,"Lô B41, Khu B2-2, Đường Bình Minh 5, Quận Hải Châu, Đà Nẵng",Quận Hải Châu,Đà Nẵng,16.055413,108.222659,5.95,4,17,0,,,,Đang cập nhật,True,False,False,False,,Nhà hàng,,https://down-vn.img.susercontent.com/vn-11134513-7r98o-lsv33d0povx52b@resize_ss640x400,https://www.foody.vn/da-nang/yen-yakiniku-quan-nuong-nhat-ban-binh-minh-5,/da-nang/yen-yakiniku-quan-nuong-nhat-ban-binh-minh-5/goi-mon
852995,Quán Nơ Súp Cua - Shop Online,"106/8 Đinh Tiên Hoàng, P. Thanh Bình, Quận Hải Châu, Đà Nẵng",Quận Hải Châu,Đà Nẵng,16.0737942,108.2091107,5.67,6,18,0,,,,0935193747,True,False,False,False,,Quán ăn,Món Việt,https://down-vn.img.susercontent.com/vn-11134513-7r98o-lsu610rasbrta2@resize_ss640x400,https://www.foody.vn/da-nang/quan-no-sup-cua-dau-hu-rong-bien-da,/da-nang/quan-no-sup-cua-dau-hu-rong-bien-da/goi-mon
1152798,"Quán Nguyên - Mỳ Quảng & Bún Bò, Bún Mắm","1C Yên Thế, P. Hòa An, Quận Cẩm Lệ, Đà Nẵng",Quận Cẩm Lệ,Đà Nẵng,16.0593305,108.1755281,10.0,2,5,0,,,,Đang cập nhật,False,False,False,False,,Quán ăn,,https://down-vn.img.susercontent.com/vn-11134513-7r98o-lsv9q5z92ymc75@resize_ss640x400,https://www.foody.vn/da-nang/quan-nguyen-my-quang-bun-bo-bun-mam,/da-nang/quan-nguyen-my-quang-bun-bo-bun-mam/goi-mon
641022,KAI Coffee,"149 Lê Đình Lý, Quận Thanh Khê, Đà Nẵng",Quận Thanh Khê,Đà Nẵng,16.054121,108.211709,7.0,1,7,0,,,,Đang cập nhật,True,False,False,False,,Café/Dessert,Món Việt,https://down-vn.img.susercontent.com/vn-11134259-7r98o-lwa2x990buftec@resize_ss640x400,https://www.foody.vn/da-nang/kai-coffee,
62407,I3 Coffee - Nguyễn Chí Thanh,"129 Nguyễn Chí Thanh, P. Hải Châu 1 , Quận Hải Châu, Đà Nẵng",Quận Hải Châu,Đà Nẵng,16.07311,108.220836,7.642,14,82,0,,,,Đang cập nhật,True,False,False,False,,Café/Dessert,Món Việt,https://down-vn.img.susercontent.com/vn-11134513-7r98o-lstrvwqpmapw3f@resize_ss640x400,https://www.foody.vn/da-nang/i3-coffee-nguyen-chi-thanh,/da-nang/i3-coffee-nguyen-chi-thanh/goi-mon
1045691,Cà Phê Ông Bầu - Cà Phê Muối - 91 Lê Hồng Phong,"91 Lê Hồng Phong, P. Phước Ninh, Quận Hải Châu, Đà Nẵng",Quận Hải Châu,Đà Nẵng,16.0641028,108.2187751,7.8,1,3,0,,,,Đang cập nhật,True,False,False,False,,Café/Dessert,Món Việt,https://down-vn.img.susercontent.com/vn-11134513-7r98o-lsv1fenk745g2a@resize_ss640x400,https://www.foody.vn/da-nang/ca-phe-ong-bau-ca-phe-muoi-91-le-hong-phong,/da-nang/ca-phe-ong-bau-ca-phe-muoi-91-le-hong-phong/goi-mon
94257,Dasushi - Phan Châu Trinh,"150 Phan Châu Trinh, P. Phước Ninh, Quận Hải Châu, Đà Nẵng",Quận Hải Châu,Đà Nẵng,16.063455,108.219886,7.484,230,1894,0,,,,Đang cập nhật,True,False,False,False,,Nhà hàng,Món Nhật,https://down-vn.img.susercontent.com/vn-11134513-7r98o-lstsjcm0puvt9f@resize_ss640x400,https://www.foody.vn/da-nang/dasushi-nha-hang-nhat-ban,/da-nang/dasushi-nha-hang-nhat-ban/goi-mon
778807,My Life Coffee - Sữa Tươi Trân Châu Đường Đen,"2 Đặng Thai Mai, Quận Thanh Khê, Đà Nẵng",Quận Thanh Khê,Đà Nẵng,16.061025,108.21174,7.76,5,22,0,,,,0905291443,True,False,False,False,,Café/Dessert,Món Việt,https://down-vn.img.susercontent.com/vn-11134513-7r98o-lsu512jgpu3da2@resize_ss640x400,https://www.foody.vn/da-nang/my-life-coffee-sua-tuoi-tran-chau-duong-den,/da-nang/my-life-coffee-sua-tuoi-tran-chau-duong-den/goi-mon
1004311,Ngon Thị Hoa - Ẩm Thực Việt,"100 Lê Quang Đạo, Quận Ngũ Hành Sơn, Đà Nẵng",Quận Ngũ Hành Sơn,Đà Nẵng,16.0484528,108.2459986,6.45,4,31,0,,,,0967220100,True,False,False,False,,Nhà hàng,"Món Bắc,, Món Miền Trung,, Món Miền Nam",https://down-vn.img.susercontent.com/vn-11134259-7r98o-lw98xu2w0o2ja8@resize_ss640x400,https://www.foody.vn/da-nang/ngon-thi-hoa-am-thuc-viet,
968954,Bò Né 3 Ngon - Bếp Quảng - Lê Thanh Nghị,"145 Lê Thanh Nghị - Hòa Cường, P. Hòa Cường Bắc, Quận Hải Châu, Đà Nẵng",Quận Hải Châu,Đà Nẵng,16.0390959,108.2179473,1.0,1,0,0,,,,0917680579,True,False,False,False,,Quán ăn,Món Miền Trung,https://down-vn.img.susercontent.com/vn-11134513-7r98o-lsu8o1av8hax97@resize_ss640x400,https://www.foody.vn/da-nang/bo-ne-3-ngon-bep-quang-le-thanh-nghi,/da-nang/bo-ne-3-ngon-bep-quang-le-thanh-nghi/goi-mon
734269,BoBo Tea - Trà Sữa & Ăn Vặt,"119 Lê Đình Lý, P. Vĩnh Trung, Quận Thanh Khê, Đà Nẵng",Quận Thanh Khê,Đà Nẵng,16.056148,108.211734,8.278,13,56,0,,,,01282 651 156,False,False,False,False,,Ăn vặt/vỉa hè,Món Việt,https://down-vn.img.susercontent.com/vn-11134513-7r98o-lsu30pcl4za1b2@resize_ss640x400,https://www.foody.vn/da-nang/bobo-tea-tra-sua-an-vat,/da-nang/bobo-tea-tra-sua-an-vat/goi-mon
1003322,Bánh Mì Cô Linh - Nguyễn Chí Thanh,"Đối Diện 177 Nguyễn Chí Thanh, P. Hải Châu 1, Quận Hải Châu, Đà Nẵng",Quận Hải Châu,Đà Nẵng,16.070852,108.221128,7.0,1,3,0,,,,Đang cập nhật,False,False,False,False,,Ăn vặt/vỉa hè,Món Việt,https://down-vn.img.susercontent.com/vn-11134259-7r98o-lwa13v717bh560@resize_ss640x400,https://www.foody.vn/da-nang/banh-mi-co-linh-nguyen-chi-thanh,
753589,Quán Chờ - Chân Gà Nướng Muối Ớt Xanh,"537 Trần Nhân Tông, Quận Sơn Trà, Đà Nẵng",Quận Sơn Trà,Đà Nẵng,16.086143,108.236271,8.4,1,8,0,,,,0905057054,False,False,False,False,,Ăn vặt/vỉa hè,Món Việt,https://down-vn.img.susercontent.com/vn-11134259-7r98o-lwh2r5p5t71792@resize_ss640x400,https://www.foody.vn/da-nang/quan-cho-chan-ga-nuong-muoi-ot-xanh,
1037336,Nam Béo - Bún Chả & Bún Mọc Hà Nội,"25 An Cư 6, P. An Hải Bắc, Quận Sơn Trà, Đà Nẵng",Quận Sơn Trà,Đà Nẵng,16.0748828,108.2414844,9.9,2,6,0,,,,Đang cập nhật,True,False,False,False,,Quán ăn,Món Việt,https://down-vn.img.susercontent.com/vn-11134513-7r98o-lsv0owz7scec0c@resize_ss640x400,https://www.foody.vn/da-nang/nam-beo-bun-cha-bun-moc-ha-noi,/da-nang/nam-beo-bun-cha-bun-moc-ha-noi/goi-mon
893818,"Highlands Coffee - Trà, Cà Phê & Bánh - Núi Thành","179 Núi Thành, P. Hòa Cường Bắc, Quận Hải Châu, Đà Nẵng",Quận Hải Châu,Đà Nẵng,16.046257,108.221232,5.892,11,10,0,,,,Đang cập nhật,True,False,False,False,,Café/Dessert,,https://down-vn.img.susercontent.com/vn-11134513-81ztc-moj0z4aqy3gs94@resize_ss640x400,https://www.foody.vn/da-nang/highlands-coffee-tra-ca-phe-banh-nui-thanh,/da-nang/highlands-coffee-tra-ca-phe-banh-nui-thanh/goi-mon
6312,Bánh Tôm Bà Phúc,"K464/11 Trưng Nữ Vương, Quận Hải Châu, Đà Nẵng",Quận Hải Châu,Đà Nẵng,16.050262,108.215214,6.188,15,69,0,,,,(0236) 3 632 085 - 0915 050 263,True,False,False,False,,Nhà hàng,Hà Nội,https://down-vn.img.susercontent.com/vn-11134513-7r98o-lstq1p1bvsex08@resize_ss640x400,https://www.foody.vn/da-nang/banh-tom-ba-phuc,/da-nang/banh-tom-ba-phuc/goi-mon
14379,Đồng Tiến Bakery - 383 Núi Thành,"383 Núi Thành, P. Hòa Cường Bắc, Quận Hải Châu, Đà Nẵng",Quận Hải Châu,Đà Nẵng,16.039379,108.222027,8.098,55,295,0,,,,(0236) 3 634 446 - 0905 019 722 – 01202 635 187,True,False,False,False,,Tiệm bánh,Món Việt,https://down-vn.img.susercontent.com/vn-11134513-81ztc-mo4z9n22je2oa0@resize_ss640x400,https://www.foody.vn/da-nang/dong-tien-bakery-383-nui-thanh,/da-nang/dong-tien-bakery-383-nui-thanh/goi-mon
728534,Original Cake - Bánh Bông Lan Nướng Đài Loan - Hùng Vương,"Tầng Trệt, Big C, 255 - 257 Hùng Vương, P. Vĩnh Trung, Quận Thanh Khê, Đà Nẵng",Quận Thanh Khê,Đà Nẵng,16.067114,108.214003,7.532,3,18,0,,,,Đang cập nhật,True,False,False,False,,Tiệm bánh,Đài Loan,https://down-vn.img.susercontent.com/vn-11134259-7r98o-lwazli6vsic911@resize_ss640x400,https://www.foody.vn/da-nang/original-cake-banh-bong-lan-nuong-dai-loan-hung-vuong,
743259,Bánh Sầu Riêng Ngàn Lớp - Bánh Nhà Sam,"75 Nguyễn Chánh, Quận Liên Chiểu, Đà Nẵng",Quận Liên Chiểu,Đà Nẵng,16.083542,108.149465,7.352,32,139,0,,,,Đang cập nhật,True,False,False,False,,Ăn vặt/vỉa hè,"Tây Bắc,, Hà Nội,, Nam Định",https://down-vn.img.susercontent.com/vn-11134513-7r98o-lsu3flyhu5l027@resize_ss640x400,https://www.foody.vn/da-nang/banh-sau-rieng-ngan-lop-banh-nha-sam,/da-nang/banh-sau-rieng-ngan-lop-banh-nha-sam/goi-mon
232339,Quán 198 - Xương Má Hàm - Điện Biên Phủ,"194/8 Điện Biên Phủ, P. Chính Gián, Quận Thanh Khê, Đà Nẵng",Quận Thanh Khê,Đà Nẵng,16.066263,108.1969691,7.9,2,3,0,,,,Đang cập nhật,True,False,False,False,,Quán ăn,Món Việt,https://down-vn.img.susercontent.com/vn-11134513-7r98o-lstx4to9a1sp55@resize_ss640x400,https://www.foody.vn/da-nang/quan-198-xuong-ma-ham-bo-nhung-giam,/da-nang/quan-198-xuong-ma-ham-bo-nhung-giam/goi-mon
1203855,"Bún Mây - Bún Bò, Giò & Chìa - 240 Lê Thanh Nghị","240 Lê Thanh Nghị, P. Hòa Cường Nam, Quận Hải Châu, Đà Nẵng",Quận Hải Châu,Đà Nẵng,16.0356395,108.2182143,9.4,2,3,0,,,,Đang cập nhật,True,False,False,False,,Quán ăn,,https://down-vn.img.susercontent.com/vn-11134513-7r98o-ltnlgk2nfgulfb@resize_ss640x400,https://www.foody.vn/da-nang/bun-may-bun-bo-gio-chia-240-le-thanh-nghi,/da-nang/bun-may-bun-bo-gio-chia-240-le-thanh-nghi/goi-mon
1049787,Nem Chua Rán Phố Cổ - 215 Lê Thanh Nghị,"215 Lê Thanh Nghị, P. Hoà Cường Bắc,, Quận Hải Châu, Đà Nẵng",Quận Hải Châu,Đà Nẵng,16.037427,108.218375,9.25,4,7,0,,,,Đang cập nhật,False,False,False,False,,Ăn vặt/vỉa hè,Hà Nội,https://down-vn.img.susercontent.com/vn-11134513-7r98o-lsv1spipfpok0c@resize_ss640x400,https://www.foody.vn/da-nang/nem-chua-ran-pho-co-215-le-thanh-nghi,/da-nang/nem-chua-ran-pho-co-215-le-thanh-nghi/goi-mon
634726,Bún Thịt Nướng Cô Trâm ,"66/7 Ông Ích Đường, Quận Cẩm Lệ, Đà Nẵng",Quận Cẩm Lệ,Đà Nẵng,16.015718,108.204876,9.2,2,3,0,,,,Đang cập nhật,False,False,False,False,,Quán ăn,Món Việt,https://down-vn.img.susercontent.com/vn-11134259-7r98o-lwagimth5fbv17@resize_ss640x400,https://www.foody.vn/da-nang/bun-thit-nuong-co-tram,
88511,Bánh Rán Doraemon,"26 Trưng Nữ Vương, P. Bình Hiên, Quận Hải Châu, Đà Nẵng",Quận Hải Châu,Đà Nẵng,16.0602362,108.2224725,7.452,109,380,0,,,,Đang cập nhật,True,False,False,False,,"Ăn vặt/vỉa hè,, Tiệm bánh","Món Việt,, Món Nhật",https://down-vn.img.susercontent.com/vn-11134513-7r98o-lstsdjk2n64k8f@resize_ss640x400,https://www.foody.vn/da-nang/banh-ran-doraemon,/da-nang/banh-ran-doraemon/goi-mon
88127,Gozar Coffee,"100 Hoàng Kế Viêm, P. Mỹ An, Quận Ngũ Hành Sơn, Đà Nẵng",Quận Ngũ Hành Sơn,Đà Nẵng,16.049415,108.24568,7.068,15,120,0,,,,091 701 38 79,True,False,False,False,,Café/Dessert,Món Việt,https://down-vn.img.susercontent.com/vn-11134513-7r98o-lstscdwo0u6cc1@resize_ss640x400,https://www.foody.vn/da-nang/gozar-coffee,/da-nang/gozar-coffee/goi-mon
1000012428,Ú Milk Tea - Trà Sữa Trân Châu Phô Mai Nhà Làm -  Hoàng Diệu,"340 Hoàng Diệu, P. Bình Hiên, Quận Hải Châu, Đà Nẵng",Quận Hải Châu,Đà Nẵng,16.0572033,108.2170052,6.534,3,2,0,,,,Đang cập nhật,True,False,False,False,,"Ăn vặt/vỉa hè,, Giao cơm văn phòng","Món Việt,, Đặc biệt",https://down-vn.img.susercontent.com/vn-11134513-7ras8-m1r43tranohrca@resize_ss640x400,https://www.foody.vn/da-nang/u-milk-tea-tra-sua-tran-chau-pho-mai-nha-lam-hoang-dieu.nprqjg,/da-nang/u-milk-tea-tra-sua-tran-chau-pho-mai-nha-lam-hoang-dieu.nprqjg/goi-mon
1003172,Mì Quảng Oanh - Nguyễn Công Trứ,"130 Nguyễn Công Trứ, P. An Hải Bắc, Quận Sơn Trà, Đà Nẵng",Quận Sơn Trà,Đà Nẵng,16.067663,108.232861,9.8,1,3,0,,,,Đang cập nhật,False,False,False,False,,Quán ăn,Món Miền Trung,https://down-vn.img.susercontent.com/vn-11134259-7r98o-lwfg1ylqw2cb59@resize_ss640x400,https://www.foody.vn/da-nang/mi-quang-oanh-nguyen-cong-tru,
238779,Trà Sữa Ông Trùm,"73 Nguyễn Văn Thoại, Quận Sơn Trà, Đà Nẵng",Quận Sơn Trà,Đà Nẵng,16.0542391,108.2386989,6.434,23,135,0,,,,Đang cập nhật,False,False,False,False,,Ăn vặt/vỉa hè,Món Việt,https://down-vn.img.susercontent.com/vn-11134259-7r98o-lwgcbak3kz4r89@resize_ss640x400,https://www.foody.vn/da-nang/tra-sua-ong-trum,/da-nang/tra-sua-ong-trum/goi-mon
122441,Dừa Bến Tre 190 - Dừa - Bạch Đằng,"190 Đà Nẵng, P. Phước Ninh, Quận Hải Châu, Đà Nẵng",Quận Hải Châu,Đà Nẵng,16.0657282,108.2242231,7.606,92,432,0,,,,Đang cập nhật,True,False,False,False,,Café/Dessert,Món Miền Trung,https://down-vn.img.susercontent.com/vn-11134513-7ra0g-m8u1uk37gt38f4@resize_ss640x400,https://www.foody.vn/da-nang/dua-ben-tre-190-dua-bach-dang,/da-nang/dua-ben-tre-190-dua-bach-dang/goi-mon
958800,Bún Lòng Xào Nghệ Hằng Nga,"K53/10/26 Đường 2/9, P. Hoà Cường Nam, Quận Hải Châu, Đà Nẵng",Quận Hải Châu,Đà Nẵng,16.0295053,108.2234433,8.976,106,94,0,,,,Đang cập nhật,True,False,False,False,,Quán ăn,Món Miền Trung,https://down-vn.img.susercontent.com/vn-11134513-7r98o-lsu8h51gjamxde@resize_ss640x400,https://www.foody.vn/da-nang/bun-long-hang-nga,/da-nang/bun-long-hang-nga/goi-mon
627694,Cà Phê Trầm - 35 Lương Định Của,"35 Lương Định Của, P. Khuê Trung, Quận Cẩm Lệ, Đà Nẵng",Quận Cẩm Lệ,Đà Nẵng,16.017461,108.20832,8.454,15,81,0,,,,Đang cập nhật,True,False,False,False,,Café/Dessert,Món Việt,https://down-vn.img.susercontent.com/vn-11134513-7r98o-ltyx5hx84ye7ba@resize_ss640x400,https://www.foody.vn/da-nang/ca-phe-tram-35-luong-dinh-cua,/da-nang/ca-phe-tram-35-luong-dinh-cua/goi-mon
1160796,3TeTe - Cà Phê Muối,"46 Lý Thái Tổ, P. Thạc Gián, Quận Thanh Khê, Đà Nẵng",Quận Thanh Khê,Đà Nẵng,16.0667384,108.2092567,10.0,1,0,0,,,,Đang cập nhật,True,False,False,False,,Café/Dessert,,https://down-vn.img.susercontent.com/vn-11134513-7r98o-lsvac7a46itg91@resize_ss640x400,https://www.foody.vn/da-nang/3tete-ca-phe-muoi,/da-nang/3tete-ca-phe-muoi/goi-mon
1063563,Tiệm Cà Phê Sáu - Mốt,"61 Nguyễn Tri Phương, P. Thạc Gián, Quận Thanh Khê, Đà Nẵng",Quận Thanh Khê,Đà Nẵng,16.0568077,108.2072882,10.0,4,7,0,,,,Đang cập nhật,True,False,False,False,,Café/Dessert,Món Việt,https://down-vn.img.susercontent.com/vn-11134513-7r98o-lsv2xkfyx0uxe4@resize_ss640x400,https://www.foody.vn/da-nang/tiem-ca-phe-sau-mot,/da-nang/tiem-ca-phe-sau-mot/goi-mon
949801,Chân Gà Sả Tắc Hoàng Ny - Shop Online,"81/1 Huỳnh Thúc Kháng, Quận Hải Châu, Đà Nẵng",Quận Hải Châu,Đà Nẵng,16.0593182,108.2182536,8.876,21,54,0,,,,0899867969,True,False,False,False,,Shop Online,Món Miền Trung,https://down-vn.img.susercontent.com/vn-11134513-7r98o-lsu8bc8e3m4k79@resize_ss640x400,https://www.foody.vn/da-nang/chan-ga-sa-tac-hoang-ny-shop-online,/da-nang/chan-ga-sa-tac-hoang-ny-shop-online/goi-mon
1062921,Trà Sữa Ông Trùm - Đường 2 Tháng 9,"150 Đường 2 Tháng 9, P. Hòa Thuận Đông, Quận Hải Châu, Đà Nẵng",Quận Hải Châu,Đà Nẵng,16.0525981,108.2220224,9.4,1,1,0,,,,Đang cập nhật,True,False,False,False,,Café/Dessert,Món Việt,https://down-vn.img.susercontent.com/vn-11134513-7r98o-lsv2wdhnruzdfb@resize_ss640x400,https://www.foody.vn/da-nang/tra-sua-ong-trum-duong-2-thang-9,/da-nang/tra-sua-ong-trum-duong-2-thang-9/goi-mon
886999,Hạnh Toại - Cá Nục Cuốn & Bánh Tráng Thịt Heo,"72/2 Hàm Nghi, P. Thạc Gián, Quận Thanh Khê, Đà Nẵng",Quận Thanh Khê,Đà Nẵng,16.062617,108.210505,7.9,2,47,0,,,,0905430383,True,False,False,False,,Quán ăn,Món Quảng,https://down-vn.img.susercontent.com/vn-11134513-7r98o-lsu6y5qwzow4f4@resize_ss640x400,https://www.foody.vn/da-nang/hanh-toai-ca-nuc-cuon-banh-trang-thit-heo,/da-nang/hanh-toai-ca-nuc-cuon-banh-trang-thit-heo/goi-mon
887708,Tiệm ăn Phượng - Phở Khô Gia Lai,"155 Đống Đa, Quận Hải Châu, Đà Nẵng",Quận Hải Châu,Đà Nẵng,16.077608,108.216697,5.11,18,90,0,,,,Đang cập nhật,True,False,False,False,,Quán ăn,Món Việt,https://down-vn.img.susercontent.com/vn-11134513-7r98o-lsu6ymqq4ds494@resize_ss640x400,https://www.foody.vn/da-nang/tiem-an-phuong-pho-kho-gia-lai,/da-nang/tiem-an-phuong-pho-kho-gia-lai/goi-mon
89634,Dê Nghĩa 1 - Hệ Thống Dê Đà Nẵng - Remove,"114 Hoàng Kế Viêm, Quận Ngũ Hành Sơn, Đà Nẵng",Quận Ngũ Hành Sơn,Đà Nẵng,16.0492853,108.2453511999999,4.1,2,32,0,,,,0906 547 657 - 0935 435 657,True,False,False,False,,"Nhà hàng,, Quán nhậu",Món Quảng,https://down-vn.img.susercontent.com/vn-11134259-7r98o-lwb02rtry31572@resize_ss640x400,https://www.foody.vn/da-nang/de-nghia-1-he-thong-de-da-nang-remove,
277116,Trân Trời Mới - Nguyễn Đình Tứ,"Ngã 4 Đinh Liệt, Nguyễn Đình Tứ, P. Hòa An, Quận Cẩm Lệ, Đà Nẵng",Quận Cẩm Lệ,Đà Nẵng,16.049352,108.174633,5.52,5,34,0,,,,Đang cập nhật,True,False,False,False,,"Quán ăn,, Quán nhậu",Món Việt,https://down-vn.img.susercontent.com/vn-11134513-7r98o-lstxx47qrmhlaf@resize_ss640x400,https://www.foody.vn/da-nang/tran-troi-moi-nguyen-dinh-tu,/da-nang/tran-troi-moi-nguyen-dinh-tu/goi-mon
1000036197,Bún Bò Bà Rơi - Lý Tự Trọng,"33 Lý Tự Trọng, P. Thạch Thang, Quận Hải Châu, Đà Nẵng",Quận Hải Châu,Đà Nẵng,16.0772659,108.220688,4.0,1,1,0,,,,Đang cập nhật,False,False,False,False,,"Quán ăn,, Giao cơm văn phòng",Món Miền Trung,https://down-vn.img.susercontent.com/vn-11134513-7r98o-lsvf4pfgdpy170@resize_ss640x400,https://www.foody.vn/da-nang/bun-bo-ba-roi-ly-tu-trong,/da-nang/bun-bo-ba-roi-ly-tu-trong/goi-mon
191613,Nhà Hàng La Crique & Café Postal,"KDL Bà Nà Hills, Thôn An Sơn, Xã Hòa Ninh, Huyện Hòa Vang, Đà Nẵng",Huyện Hòa Vang,Đà Nẵng,16.001157,107.99767,7.864,3,21,0,,,,Đang cập nhật,True,False,False,False,,Nhà hàng,"Món Việt,, Tây Ban Nha",https://down-vn.img.susercontent.com/vn-11134259-7r98o-lw9e4j3only1e7@resize_ss640x400,https://www.foody.vn/da-nang/nha-hang-la-crique-cafe-postal,
971738,Trà Chanh Bụi Phố - Điện Biên Phủ,"435 Điện Biên Phủ, P. Hòa Khê, Quận Thanh Khê, Đà Nẵng",Quận Thanh Khê,Đà Nẵng,16.065651,108.188176,7.536,6,3,0,,,,Đang cập nhật,True,False,False,False,,Café/Dessert,Món Việt,https://down-vn.img.susercontent.com/vn-11134513-7r98o-lsu8pcutn8nt40@resize_ss640x400,https://www.foody.vn/da-nang/tra-chanh-bui-pho-dien-bien-phu,/da-nang/tra-chanh-bui-pho-dien-bien-phu/goi-mon
888554,Cơm Tấm Sài Gòn Cây Bàng,"2/9 Hà Khê, P. Xuân Hà, Quận Thanh Khê, Đà Nẵng",Quận Thanh Khê,Đà Nẵng,16.072287,108.191889,8.028,7,56,0,,,,Đang cập nhật,True,False,False,False,,Quán ăn,Món Việt,https://down-vn.img.susercontent.com/vn-11134513-7r98o-lsu6z3rx71jtc5@resize_ss640x400,https://www.foody.vn/da-nang/com-tam-sai-gon-cay-bang,/da-nang/com-tam-sai-gon-cay-bang/goi-mon
761862,Cajun Boil - Ẩm Thực Mỹ - Lý Tự Trọng,"131A Lý Tự Trọng, P. Thanh Bình, Quận Hải Châu, Đà Nẵng",Quận Hải Châu,Đà Nẵng,16.078193,108.214309,8.266,37,237,0,,,,Đang cập nhật,True,False,False,False,,Nhà hàng,Mỹ,https://down-vn.img.susercontent.com/vn-11134513-7r98o-lsu49amlyvfda5@resize_ss640x400,https://www.foody.vn/da-nang/cajun-boil-am-thuc-my-ly-tu-trong,/da-nang/cajun-boil-am-thuc-my-ly-tu-trong/goi-mon
244279,Hội Quán Bác Ba Phi - Chuyên Càng Ghẹ,"123 Nguyễn Tri Phương, Quận Hải Châu, Đà Nẵng",Quận Hải Châu,Đà Nẵng,16.053229,108.2098231,7.624,23,224,0,,,,Đang cập nhật,True,False,False,False,,Quán ăn,Món Việt,https://down-vn.img.susercontent.com/vn-11134513-7r98o-lstxfhh5moxw81@resize_ss640x400,https://www.foody.vn/da-nang/hoi-quan-bac-ba-phi-hai-san-lau-nuong,/da-nang/hoi-quan-bac-ba-phi-hai-san-lau-nuong/goi-mon
777939,Ăn Vặt & Trà Sữa Diy,"Chung Cư Nhà Số 4 Phan Đình Giót, P. Hòa Hiệp Nam, Quận Liên Chiểu, Đà Nẵng",Quận Liên Chiểu,Đà Nẵng,16.108824,108.131671,9.6,2,5,0,,,,Đang cập nhật,False,False,False,False,,Ăn vặt/vỉa hè,Món Việt,https://down-vn.img.susercontent.com/vn-11134513-7r98o-lsu4zm3vg3icc5@resize_ss640x400,https://www.foody.vn/da-nang/an-vat-tra-sua-diy,/da-nang/an-vat-tra-sua-diy/goi-mon
266012,Sam - Đùi Gà Bó Xôi,"61 Nhơn Hòa 5, Quận Cẩm Lệ, Đà Nẵng",Quận Cẩm Lệ,Đà Nẵng,16.047495,108.173257,7.788,16,68,0,,,,01224 467 833 ,True,False,False,False,,Quán ăn,Món Miền Trung,https://down-vn.img.susercontent.com/vn-11134513-7r98o-lstxqyffbpg924@resize_ss640x400,https://www.foody.vn/da-nang/sam-dui-ga-bo-xoi,/da-nang/sam-dui-ga-bo-xoi/goi-mon
689806,Cơm Tấm Chị Sương Kiệt 7,"362/19 Hoàng Diệu, P. Bình Thuận, Quận Hải Châu, Đà Nẵng",Quận Hải Châu,Đà Nẵng,16.05637,108.217037,10.0,1,10,0,,,,0905 668 275,True,False,False,False,,Quán ăn,Món Miền Nam,https://down-vn.img.susercontent.com/vn-11134513-7r98o-lsu1aw45gkgp8a@resize_ss640x400,https://www.foody.vn/da-nang/com-tam-ba-suong,/da-nang/com-tam-ba-suong/goi-mon
712089,Bếp Giang - Bún Sứa - Shop Online,"240/12 Thái Thị Bôi, Quận Thanh Khê, Đà Nẵng",Quận Thanh Khê,Đà Nẵng,16.068438,108.194868,6.964,16,30,0,,,,Đang cập nhật,True,False,False,False,,Shop Online,Món Việt,https://down-vn.img.susercontent.com/vn-11134513-7r98o-lsu23siiymjd5d@resize_ss640x400,https://www.foody.vn/da-nang/bep-giang-bun-sua-shop-online,/da-nang/bep-giang-bun-sua-shop-online/goi-mon
156377,39 Coffee,"39 Hồ Nghinh, P. Phước Mỹ, Quận Sơn Trà, Đà Nẵng",Quận Sơn Trà,Đà Nẵng,16.076821,108.242889,2.6,1,17,0,,,,Đang cập nhật,True,False,False,False,,Café/Dessert,Món Việt,https://down-vn.img.susercontent.com/vn-11134513-7r98o-lstumvb48fk4f9@resize_ss640x400,https://www.foody.vn/da-nang/39-coffee,/da-nang/39-coffee/goi-mon
989924,Passion Ala BBQ Buffet - Ngô Thi Sỹ,"17 Ngô Thi Sỹ, P. Bắc Mỹ An, Quận Ngũ Hành Sơn, Đà Nẵng",Quận Ngũ Hành Sơn,Đà Nẵng,16.046884,108.242413,8.8,7,56,0,,,,Đang cập nhật,False,False,False,False,,Nhà hàng,Món Hàn,https://down-vn.img.susercontent.com/vn-11134259-7r98o-lwab6sfxsna3a8@resize_ss640x400,https://www.foody.vn/da-nang/passion-ala-bbq-buffet-ngo-thi-sy,
713587,Phổ Đình - Uraetei BBQ Japan,"104 - 106 Yên Bái, P. Phước Ninh, Quận Hải Châu, Đà Nẵng",Quận Hải Châu,Đà Nẵng,16.0649792,108.2222965,7.468,35,248,0,,,,Đang cập nhật,True,False,False,False,,Nhà hàng,Món Nhật,https://down-vn.img.susercontent.com/vn-11134513-7r98o-lsu25up4ej7of9@resize_ss640x400,https://www.foody.vn/da-nang/pho-dinh-uraetei-bbq-japan,/da-nang/pho-dinh-uraetei-bbq-japan/goi-mon
678272,Trà Sữa Ocha House - Phan Đăng Lưu,"167 - 169 Phan Đăng Lưu, P. Hòa Cường Nam, Quận Hải Châu, Đà Nẵng",Quận Hải Châu,Đà Nẵng,16.0360564,108.2159608,7.58,146,561,0,,,,Đang cập nhật,True,False,False,False,,Café/Dessert,Món Nhật,https://down-vn.img.susercontent.com/vn-11134513-7r98o-lsu0rmzhrrfdac@resize_ss640x400,https://www.foody.vn/da-nang/tra-sua-ocha-house,/da-nang/tra-sua-ocha-house/goi-mon
1023258,"Highlands Coffee - Trà, Cà Phê & Bánh - Ông Ích Khiêm Đà Nẵng","203 Ông Ích Khiêm, Quận Hải Châu, Đà Nẵng",Quận Hải Châu,Đà Nẵng,16.070569,108.213563,2.4,1,0,0,,,,Đang cập nhật,True,False,False,False,,Café/Dessert,Món Việt,https://down-vn.img.susercontent.com/vn-11134513-81ztc-moj12bmd98gf86@resize_ss640x400,https://www.foody.vn/da-nang/highlands-coffee-tra-ca-phe-banh-ong-ich-khiem-da-nang,/da-nang/highlands-coffee-tra-ca-phe-banh-ong-ich-khiem-da-nang/goi-mon
1084005,Bé Đẹp - Bánh Tráng Kẹp & Ăn Vặt - Trường Chinh,"24/7 Trường Chinh, P. Hoà An, Quận Cẩm Lệ, Đà Nẵng",Quận Cẩm Lệ,Đà Nẵng,16.0597014,108.1795243,7.5,2,1,0,,,,Đang cập nhật,False,False,False,False,,Quán ăn,,https://down-vn.img.susercontent.com/vn-11134513-7r98o-lsv4kiwoy404cf@resize_ss640x400,https://www.foody.vn/da-nang/be-dep-banh-trang-kep-an-vat-truong-chinh,/da-nang/be-dep-banh-trang-kep-an-vat-truong-chinh/goi-mon
1136038,Ăn Vặt - Món Ăn Hàn Quốc Út Neo 2,"380 Nguyễn Phước Nguyên, P. An Khê, Quận Thanh Khê, Đà Nẵng",Quận Thanh Khê,Đà Nẵng,16.0506676,108.185046,10.0,1,4,0,,,,Đang cập nhật,True,False,False,False,,Quán ăn,,https://down-vn.img.susercontent.com/vn-11134513-7r98o-lsv8g2gpkxqcd4@resize_ss640x400,https://www.foody.vn/da-nang/an-vat-mon-an-han-quoc-ut-neo-2,/da-nang/an-vat-mon-an-han-quoc-ut-neo-2/goi-mon
232420,Trứng Cút Lộn Xào Me - Big C,"37 Lê Duẩn, P. Hải Châu 1, Quận Hải Châu, Đà Nẵng",Quận Hải Châu,Đà Nẵng,16.0712591,108.2207061,7.432,6,20,0,,,,0937 109 188,False,False,False,False,,Ăn vặt/vỉa hè,Món Việt,https://down-vn.img.susercontent.com/vn-11134513-7r98o-lstx4k6p5vo920@resize_ss640x400,https://www.foody.vn/da-nang/trung-cut-lon-xao-me-big-c.,/da-nang/trung-cut-lon-xao-me-big-c./goi-mon
1117627,Tteobokki Mr Lee - An Thượng 29,"Số 91 An Thượng 29, P. Bắc Mỹ Phú, Quận Ngũ Hành Sơn, Đà Nẵng",Quận Ngũ Hành Sơn,Đà Nẵng,16.051556,108.244129,8.5,2,4,0,,,,Đang cập nhật,True,False,False,False,,Quán ăn,,https://down-vn.img.susercontent.com/vn-11134513-7r98o-lsv79yc4bu10d6@resize_ss640x400,https://www.foody.vn/da-nang/tteobokki-mr-lee-chinh-huu,/da-nang/tteobokki-mr-lee-chinh-huu/goi-mon
1020666,Tiệm Nước GoHi - Ghé Là Ghiền,"12 Ngô Văn Sở, P. Hoà Khánh Nam, Quận Liên Chiểu, Đà Nẵng",Quận Liên Chiểu,Đà Nẵng,16.0690379,108.1507339,10.0,3,15,0,,,,0935531127,True,False,False,False,,Quán ăn,Món Việt,https://down-vn.img.susercontent.com/vn-11134513-7ra0g-m6mck71hwp0h3f@resize_ss640x400,https://www.foody.vn/da-nang/tiem-nuoc-gohi-ghe-la-ghien,/da-nang/tiem-nuoc-gohi-ghe-la-ghien/goi-mon
638863,Dì Uyên - Bánh Tráng Trộn & Bánh Tráng Bơ,"Đối Diện Lô 10 Hải Phòng, P. Thạch Thang, Quận Hải Châu, Đà Nẵng",Quận Hải Châu,Đà Nẵng,16.072654,108.220193,6.356,13,55,0,,,,Đang cập nhật,False,False,False,False,,Ăn vặt/vỉa hè,Món Việt,https://down-vn.img.susercontent.com/vn-11134513-7r98o-lstzaqz8201w26@resize_ss640x400,https://www.foody.vn/da-nang/di-uyen-banh-trang-tron-banh-trang-bo,/da-nang/di-uyen-banh-trang-tron-banh-trang-bo/goi-mon
94669,Bánh Tráng Trộn Cô Linh,"Ngã tư Lê Lợi - Hải Phòng, Quận Hải Châu, Đà Nẵng",Quận Hải Châu,Đà Nẵng,16.072524,108.220148,7.672,11,42,0,,,,Đang cập nhật,False,False,False,False,,Ăn vặt/vỉa hè,Món Việt,https://down-vn.img.susercontent.com/vn-11134259-7r98o-lwfa5n0zwqu1fe@resize_ss640x400,https://www.foody.vn/da-nang/banh-trang-tron-co-linh,
968039,Cơm Bếp Ngọ - Nguyễn Thành Ý,"32 Nguyễn Thành Ý, P. Hòa Cường Nam, Quận Hải Châu, Đà Nẵng",Quận Hải Châu,Đà Nẵng,16.03117,108.228817,6.934,3,6,0,,,,0905660786,True,False,False,False,,Shop Online,Món Việt,https://down-vn.img.susercontent.com/vn-11134513-7r98o-lsu8momyg6v851@resize_ss640x400,https://www.foody.vn/da-nang/com-bep-ngo-nguyen-thanh-y,/da-nang/com-bep-ngo-nguyen-thanh-y/goi-mon
